[0.127s] [34mcolcon[0m [1;30mDEBUG[0m [32mCommand line arguments: ['/usr/bin/colcon', 'build'][0m
[0.128s] [34mcolcon[0m [1;30mDEBUG[0m [32mParsed command line arguments: Namespace(log_base=None, log_level=None, verb_name='build', build_base='build', install_base='install', merge_install=False, symlink_install=False, test_result_base=None, continue_on_error=False, executor='parallel', parallel_workers=16, event_handlers=None, ignore_user_meta=False, metas=['./colcon.meta'], base_paths=['.'], packages_ignore=None, packages_ignore_regex=None, paths=None, packages_up_to=None, packages_up_to_regex=None, packages_above=None, packages_above_and_dependencies=None, packages_above_depth=None, packages_select_by_dep=None, packages_skip_by_dep=None, packages_skip_up_to=None, packages_select_build_failed=False, packages_skip_build_finished=False, packages_select_test_failures=False, packages_skip_test_passed=False, packages_select=None, packages_skip=None, packages_select_regex=None, packages_skip_regex=None, packages_start=None, packages_end=None, allow_overriding=[], cmake_args=None, cmake_target=None, cmake_target_skip_unavailable=False, cmake_clean_cache=False, cmake_clean_first=False, cmake_force_configure=False, ament_cmake_args=None, catkin_cmake_args=None, catkin_skip_building_tests=False, verb_parser=<colcon_defaults.argument_parser.defaults.DefaultArgumentsDecorator object at 0x73bd76527610>, verb_extension=<colcon_core.verb.build.BuildVerb object at 0x73bd76527100>, main=<bound method BuildVerb.main of <colcon_core.verb.build.BuildVerb object at 0x73bd76527100>>)[0m
[0.242s] [34mcolcon.colcon_core.package_discovery[0m [1;30mLevel 1[0m discover_packages(colcon_meta) check parameters
[0.243s] [34mcolcon.colcon_core.package_discovery[0m [1;30mLevel 1[0m discover_packages(recursive) check parameters
[0.243s] [34mcolcon.colcon_core.package_discovery[0m [1;30mLevel 1[0m discover_packages(ignore) check parameters
[0.243s] [34mcolcon.colcon_core.package_discovery[0m [1;30mLevel 1[0m discover_packages(path) check parameters
[0.243s] [34mcolcon.colcon_core.package_discovery[0m [1;30mLevel 1[0m discover_packages(colcon_meta) discover
[0.243s] [34mcolcon.colcon_core.package_discovery[0m [1;30mLevel 1[0m discover_packages(recursive) discover
[0.243s] [34mcolcon.colcon_core.package_discovery[0m [1;30mINFO[0m Crawling recursively for packages in '/home/rokey/ros2_ws'
[0.243s] [34mcolcon.colcon_core.package_identification[0m [1;30mLevel 1[0m _identify(.) by extensions ['ignore', 'ignore_ament_install']
[0.243s] [34mcolcon.colcon_core.package_identification[0m [1;30mLevel 1[0m _identify(.) by extension 'ignore'
[0.243s] [34mcolcon.colcon_core.package_identification[0m [1;30mLevel 1[0m _identify(.) by extension 'ignore_ament_install'
[0.243s] [34mcolcon.colcon_core.package_identification[0m [1;30mLevel 1[0m _identify(.) by extensions ['colcon_pkg']
[0.243s] [34mcolcon.colcon_core.package_identification[0m [1;30mLevel 1[0m _identify(.) by extension 'colcon_pkg'
[0.243s] [34mcolcon.colcon_core.package_identification[0m [1;30mLevel 1[0m _identify(.) by extensions ['colcon_meta']
[0.243s] [34mcolcon.colcon_core.package_identification[0m [1;30mLevel 1[0m _identify(.) by extension 'colcon_meta'
[0.243s] [34mcolcon.colcon_core.package_identification[0m [1;30mLevel 1[0m _identify(.) by extensions ['ros']
[0.243s] [34mcolcon.colcon_core.package_identification[0m [1;30mLevel 1[0m _identify(.) by extension 'ros'
[0.259s] [34mcolcon.colcon_core.package_identification[0m [1;30mLevel 1[0m _identify(.) by extensions ['cmake', 'python']
[0.260s] [34mcolcon.colcon_core.package_identification[0m [1;30mLevel 1[0m _identify(.) by extension 'cmake'
[0.260s] [34mcolcon.colcon_core.package_identification[0m [1;30mLevel 1[0m _identify(.) by extension 'python'
[0.260s] [34mcolcon.colcon_core.package_identification[0m [1;30mLevel 1[0m _identify(.) by extensions ['python_setup_py']
[0.260s] [34mcolcon.colcon_core.package_identification[0m [1;30mLevel 1[0m _identify(.) by extension 'python_setup_py'
[0.260s] [34mcolcon.colcon_core.package_identification[0m [1;30mLevel 1[0m _identify(build) by extensions ['ignore', 'ignore_ament_install']
[0.260s] [34mcolcon.colcon_core.package_identification[0m [1;30mLevel 1[0m _identify(build) by extension 'ignore'
[0.260s] [34mcolcon.colcon_core.package_identification[0m [1;30mLevel 1[0m _identify(build) ignored
[0.260s] [34mcolcon.colcon_core.package_identification[0m [1;30mLevel 1[0m _identify(install) by extensions ['ignore', 'ignore_ament_install']
[0.260s] [34mcolcon.colcon_core.package_identification[0m [1;30mLevel 1[0m _identify(install) by extension 'ignore'
[0.260s] [34mcolcon.colcon_core.package_identification[0m [1;30mLevel 1[0m _identify(install) ignored
[0.260s] [34mcolcon.colcon_core.package_identification[0m [1;30mLevel 1[0m _identify(log) by extensions ['ignore', 'ignore_ament_install']
[0.260s] [34mcolcon.colcon_core.package_identification[0m [1;30mLevel 1[0m _identify(log) by extension 'ignore'
[0.260s] [34mcolcon.colcon_core.package_identification[0m [1;30mLevel 1[0m _identify(log) ignored
[0.260s] [34mcolcon.colcon_core.package_identification[0m [1;30mLevel 1[0m _identify(src) by extensions ['ignore', 'ignore_ament_install']
[0.260s] [34mcolcon.colcon_core.package_identification[0m [1;30mLevel 1[0m _identify(src) by extension 'ignore'
[0.260s] [34mcolcon.colcon_core.package_identification[0m [1;30mLevel 1[0m _identify(src) by extension 'ignore_ament_install'
[0.260s] [34mcolcon.colcon_core.package_identification[0m [1;30mLevel 1[0m _identify(src) by extensions ['colcon_pkg']
[0.260s] [34mcolcon.colcon_core.package_identification[0m [1;30mLevel 1[0m _identify(src) by extension 'colcon_pkg'
[0.260s] [34mcolcon.colcon_core.package_identification[0m [1;30mLevel 1[0m _identify(src) by extensions ['colcon_meta']
[0.260s] [34mcolcon.colcon_core.package_identification[0m [1;30mLevel 1[0m _identify(src) by extension 'colcon_meta'
[0.260s] [34mcolcon.colcon_core.package_identification[0m [1;30mLevel 1[0m _identify(src) by extensions ['ros']
[0.260s] [34mcolcon.colcon_core.package_identification[0m [1;30mLevel 1[0m _identify(src) by extension 'ros'
[0.260s] [34mcolcon.colcon_core.package_identification[0m [1;30mLevel 1[0m _identify(src) by extensions ['cmake', 'python']
[0.260s] [34mcolcon.colcon_core.package_identification[0m [1;30mLevel 1[0m _identify(src) by extension 'cmake'
[0.260s] [34mcolcon.colcon_core.package_identification[0m [1;30mLevel 1[0m _identify(src) by extension 'python'
[0.260s] [34mcolcon.colcon_core.package_identification[0m [1;30mLevel 1[0m _identify(src) by extensions ['python_setup_py']
[0.260s] [34mcolcon.colcon_core.package_identification[0m [1;30mLevel 1[0m _identify(src) by extension 'python_setup_py'
[0.261s] [34mcolcon.colcon_core.package_identification[0m [1;30mLevel 1[0m _identify(src/DoosanBootcamp3rd) by extensions ['ignore', 'ignore_ament_install']
[0.261s] [34mcolcon.colcon_core.package_identification[0m [1;30mLevel 1[0m _identify(src/DoosanBootcamp3rd) by extension 'ignore'
[0.261s] [34mcolcon.colcon_core.package_identification[0m [1;30mLevel 1[0m _identify(src/DoosanBootcamp3rd) by extension 'ignore_ament_install'
[0.261s] [34mcolcon.colcon_core.package_identification[0m [1;30mLevel 1[0m _identify(src/DoosanBootcamp3rd) by extensions ['colcon_pkg']
[0.261s] [34mcolcon.colcon_core.package_identification[0m [1;30mLevel 1[0m _identify(src/DoosanBootcamp3rd) by extension 'colcon_pkg'
[0.261s] [34mcolcon.colcon_core.package_identification[0m [1;30mLevel 1[0m _identify(src/DoosanBootcamp3rd) by extensions ['colcon_meta']
[0.261s] [34mcolcon.colcon_core.package_identification[0m [1;30mLevel 1[0m _identify(src/DoosanBootcamp3rd) by extension 'colcon_meta'
[0.261s] [34mcolcon.colcon_core.package_identification[0m [1;30mLevel 1[0m _identify(src/DoosanBootcamp3rd) by extensions ['ros']
[0.261s] [34mcolcon.colcon_core.package_identification[0m [1;30mLevel 1[0m _identify(src/DoosanBootcamp3rd) by extension 'ros'
[0.261s] [34mcolcon.colcon_core.package_identification[0m [1;30mLevel 1[0m _identify(src/DoosanBootcamp3rd) by extensions ['cmake', 'python']
[0.261s] [34mcolcon.colcon_core.package_identification[0m [1;30mLevel 1[0m _identify(src/DoosanBootcamp3rd) by extension 'cmake'
[0.261s] [34mcolcon.colcon_core.package_identification[0m [1;30mLevel 1[0m _identify(src/DoosanBootcamp3rd) by extension 'python'
[0.261s] [34mcolcon.colcon_core.package_identification[0m [1;30mLevel 1[0m _identify(src/DoosanBootcamp3rd) by extensions ['python_setup_py']
[0.261s] [34mcolcon.colcon_core.package_identification[0m [1;30mLevel 1[0m _identify(src/DoosanBootcamp3rd) by extension 'python_setup_py'
[0.261s] [34mcolcon.colcon_core.package_identification[0m [1;30mLevel 1[0m _identify(src/DoosanBootcamp3rd/calibration) by extensions ['ignore', 'ignore_ament_install']
[0.261s] [34mcolcon.colcon_core.package_identification[0m [1;30mLevel 1[0m _identify(src/DoosanBootcamp3rd/calibration) by extension 'ignore'
[0.261s] [34mcolcon.colcon_core.package_identification[0m [1;30mLevel 1[0m _identify(src/DoosanBootcamp3rd/calibration) ignored
[0.261s] [34mcolcon.colcon_core.package_identification[0m [1;30mLevel 1[0m _identify(src/DoosanBootcamp3rd/dsr_bringup2) by extensions ['ignore', 'ignore_ament_install']
[0.261s] [34mcolcon.colcon_core.package_identification[0m [1;30mLevel 1[0m _identify(src/DoosanBootcamp3rd/dsr_bringup2) by extension 'ignore'
[0.261s] [34mcolcon.colcon_core.package_identification[0m [1;30mLevel 1[0m _identify(src/DoosanBootcamp3rd/dsr_bringup2) by extension 'ignore_ament_install'
[0.261s] [34mcolcon.colcon_core.package_identification[0m [1;30mLevel 1[0m _identify(src/DoosanBootcamp3rd/dsr_bringup2) by extensions ['colcon_pkg']
[0.261s] [34mcolcon.colcon_core.package_identification[0m [1;30mLevel 1[0m _identify(src/DoosanBootcamp3rd/dsr_bringup2) by extension 'colcon_pkg'
[0.261s] [34mcolcon.colcon_core.package_identification[0m [1;30mLevel 1[0m _identify(src/DoosanBootcamp3rd/dsr_bringup2) by extensions ['colcon_meta']
[0.261s] [34mcolcon.colcon_core.package_identification[0m [1;30mLevel 1[0m _identify(src/DoosanBootcamp3rd/dsr_bringup2) by extension 'colcon_meta'
[0.261s] [34mcolcon.colcon_core.package_identification[0m [1;30mLevel 1[0m _identify(src/DoosanBootcamp3rd/dsr_bringup2) by extensions ['ros']
[0.261s] [34mcolcon.colcon_core.package_identification[0m [1;30mLevel 1[0m _identify(src/DoosanBootcamp3rd/dsr_bringup2) by extension 'ros'
[0.263s] [34mcolcon.colcon_core.package_identification[0m [1;30mDEBUG[0m [32mPackage 'src/DoosanBootcamp3rd/dsr_bringup2' with type 'ros.ament_python' and name 'dsr_bringup2'[0m
[0.263s] [34mcolcon.colcon_core.package_identification[0m [1;30mLevel 1[0m _identify(src/DoosanBootcamp3rd/dsr_common2) by extensions ['ignore', 'ignore_ament_install']
[0.263s] [34mcolcon.colcon_core.package_identification[0m [1;30mLevel 1[0m _identify(src/DoosanBootcamp3rd/dsr_common2) by extension 'ignore'
[0.263s] [34mcolcon.colcon_core.package_identification[0m [1;30mLevel 1[0m _identify(src/DoosanBootcamp3rd/dsr_common2) by extension 'ignore_ament_install'
[0.263s] [34mcolcon.colcon_core.package_identification[0m [1;30mLevel 1[0m _identify(src/DoosanBootcamp3rd/dsr_common2) by extensions ['colcon_pkg']
[0.263s] [34mcolcon.colcon_core.package_identification[0m [1;30mLevel 1[0m _identify(src/DoosanBootcamp3rd/dsr_common2) by extension 'colcon_pkg'
[0.263s] [34mcolcon.colcon_core.package_identification[0m [1;30mLevel 1[0m _identify(src/DoosanBootcamp3rd/dsr_common2) by extensions ['colcon_meta']
[0.263s] [34mcolcon.colcon_core.package_identification[0m [1;30mLevel 1[0m _identify(src/DoosanBootcamp3rd/dsr_common2) by extension 'colcon_meta'
[0.263s] [34mcolcon.colcon_core.package_identification[0m [1;30mLevel 1[0m _identify(src/DoosanBootcamp3rd/dsr_common2) by extensions ['ros']
[0.263s] [34mcolcon.colcon_core.package_identification[0m [1;30mLevel 1[0m _identify(src/DoosanBootcamp3rd/dsr_common2) by extension 'ros'
[0.264s] [34mcolcon.colcon_core.package_identification[0m [1;30mDEBUG[0m [32mPackage 'src/DoosanBootcamp3rd/dsr_common2' with type 'ros.ament_cmake' and name 'dsr_common2'[0m
[0.264s] [34mcolcon.colcon_core.package_identification[0m [1;30mLevel 1[0m _identify(src/DoosanBootcamp3rd/dsr_controller2) by extensions ['ignore', 'ignore_ament_install']
[0.264s] [34mcolcon.colcon_core.package_identification[0m [1;30mLevel 1[0m _identify(src/DoosanBootcamp3rd/dsr_controller2) by extension 'ignore'
[0.264s] [34mcolcon.colcon_core.package_identification[0m [1;30mLevel 1[0m _identify(src/DoosanBootcamp3rd/dsr_controller2) by extension 'ignore_ament_install'
[0.264s] [34mcolcon.colcon_core.package_identification[0m [1;30mLevel 1[0m _identify(src/DoosanBootcamp3rd/dsr_controller2) by extensions ['colcon_pkg']
[0.264s] [34mcolcon.colcon_core.package_identification[0m [1;30mLevel 1[0m _identify(src/DoosanBootcamp3rd/dsr_controller2) by extension 'colcon_pkg'
[0.264s] [34mcolcon.colcon_core.package_identification[0m [1;30mLevel 1[0m _identify(src/DoosanBootcamp3rd/dsr_controller2) by extensions ['colcon_meta']
[0.264s] [34mcolcon.colcon_core.package_identification[0m [1;30mLevel 1[0m _identify(src/DoosanBootcamp3rd/dsr_controller2) by extension 'colcon_meta'
[0.264s] [34mcolcon.colcon_core.package_identification[0m [1;30mLevel 1[0m _identify(src/DoosanBootcamp3rd/dsr_controller2) by extensions ['ros']
[0.264s] [34mcolcon.colcon_core.package_identification[0m [1;30mLevel 1[0m _identify(src/DoosanBootcamp3rd/dsr_controller2) by extension 'ros'
[0.265s] [34mcolcon.colcon_core.package_identification[0m [1;30mDEBUG[0m [32mPackage 'src/DoosanBootcamp3rd/dsr_controller2' with type 'ros.ament_cmake' and name 'dsr_controller2'[0m
[0.266s] [34mcolcon.colcon_core.package_identification[0m [1;30mLevel 1[0m _identify(src/DoosanBootcamp3rd/dsr_description2) by extensions ['ignore', 'ignore_ament_install']
[0.266s] [34mcolcon.colcon_core.package_identification[0m [1;30mLevel 1[0m _identify(src/DoosanBootcamp3rd/dsr_description2) by extension 'ignore'
[0.266s] [34mcolcon.colcon_core.package_identification[0m [1;30mLevel 1[0m _identify(src/DoosanBootcamp3rd/dsr_description2) by extension 'ignore_ament_install'
[0.266s] [34mcolcon.colcon_core.package_identification[0m [1;30mLevel 1[0m _identify(src/DoosanBootcamp3rd/dsr_description2) by extensions ['colcon_pkg']
[0.266s] [34mcolcon.colcon_core.package_identification[0m [1;30mLevel 1[0m _identify(src/DoosanBootcamp3rd/dsr_description2) by extension 'colcon_pkg'
[0.266s] [34mcolcon.colcon_core.package_identification[0m [1;30mLevel 1[0m _identify(src/DoosanBootcamp3rd/dsr_description2) by extensions ['colcon_meta']
[0.266s] [34mcolcon.colcon_core.package_identification[0m [1;30mLevel 1[0m _identify(src/DoosanBootcamp3rd/dsr_description2) by extension 'colcon_meta'
[0.266s] [34mcolcon.colcon_core.package_identification[0m [1;30mLevel 1[0m _identify(src/DoosanBootcamp3rd/dsr_description2) by extensions ['ros']
[0.266s] [34mcolcon.colcon_core.package_identification[0m [1;30mLevel 1[0m _identify(src/DoosanBootcamp3rd/dsr_description2) by extension 'ros'
[0.266s] [34mcolcon.colcon_core.package_identification[0m [1;30mDEBUG[0m [32mPackage 'src/DoosanBootcamp3rd/dsr_description2' with type 'ros.ament_cmake' and name 'dsr_description2'[0m
[0.266s] [34mcolcon.colcon_core.package_identification[0m [1;30mLevel 1[0m _identify(src/DoosanBootcamp3rd/dsr_example2) by extensions ['ignore', 'ignore_ament_install']
[0.266s] [34mcolcon.colcon_core.package_identification[0m [1;30mLevel 1[0m _identify(src/DoosanBootcamp3rd/dsr_example2) by extension 'ignore'
[0.266s] [34mcolcon.colcon_core.package_identification[0m [1;30mLevel 1[0m _identify(src/DoosanBootcamp3rd/dsr_example2) by extension 'ignore_ament_install'
[0.266s] [34mcolcon.colcon_core.package_identification[0m [1;30mLevel 1[0m _identify(src/DoosanBootcamp3rd/dsr_example2) by extensions ['colcon_pkg']
[0.266s] [34mcolcon.colcon_core.package_identification[0m [1;30mLevel 1[0m _identify(src/DoosanBootcamp3rd/dsr_example2) by extension 'colcon_pkg'
[0.266s] [34mcolcon.colcon_core.package_identification[0m [1;30mLevel 1[0m _identify(src/DoosanBootcamp3rd/dsr_example2) by extensions ['colcon_meta']
[0.266s] [34mcolcon.colcon_core.package_identification[0m [1;30mLevel 1[0m _identify(src/DoosanBootcamp3rd/dsr_example2) by extension 'colcon_meta'
[0.266s] [34mcolcon.colcon_core.package_identification[0m [1;30mLevel 1[0m _identify(src/DoosanBootcamp3rd/dsr_example2) by extensions ['ros']
[0.266s] [34mcolcon.colcon_core.package_identification[0m [1;30mLevel 1[0m _identify(src/DoosanBootcamp3rd/dsr_example2) by extension 'ros'
[0.267s] [34mcolcon.colcon_core.package_identification[0m [1;30mLevel 1[0m _identify(src/DoosanBootcamp3rd/dsr_example2) by extensions ['cmake', 'python']
[0.267s] [34mcolcon.colcon_core.package_identification[0m [1;30mLevel 1[0m _identify(src/DoosanBootcamp3rd/dsr_example2) by extension 'cmake'
[0.267s] [34mcolcon.colcon_core.package_identification[0m [1;30mLevel 1[0m _identify(src/DoosanBootcamp3rd/dsr_example2) by extension 'python'
[0.267s] [34mcolcon.colcon_core.package_identification[0m [1;30mLevel 1[0m _identify(src/DoosanBootcamp3rd/dsr_example2) by extensions ['python_setup_py']
[0.267s] [34mcolcon.colcon_core.package_identification[0m [1;30mLevel 1[0m _identify(src/DoosanBootcamp3rd/dsr_example2) by extension 'python_setup_py'
[0.267s] [34mcolcon.colcon_core.package_identification[0m [1;30mLevel 1[0m _identify(src/DoosanBootcamp3rd/dsr_example2/dsr_example) by extensions ['ignore', 'ignore_ament_install']
[0.267s] [34mcolcon.colcon_core.package_identification[0m [1;30mLevel 1[0m _identify(src/DoosanBootcamp3rd/dsr_example2/dsr_example) by extension 'ignore'
[0.267s] [34mcolcon.colcon_core.package_identification[0m [1;30mLevel 1[0m _identify(src/DoosanBootcamp3rd/dsr_example2/dsr_example) by extension 'ignore_ament_install'
[0.267s] [34mcolcon.colcon_core.package_identification[0m [1;30mLevel 1[0m _identify(src/DoosanBootcamp3rd/dsr_example2/dsr_example) by extensions ['colcon_pkg']
[0.267s] [34mcolcon.colcon_core.package_identification[0m [1;30mLevel 1[0m _identify(src/DoosanBootcamp3rd/dsr_example2/dsr_example) by extension 'colcon_pkg'
[0.267s] [34mcolcon.colcon_core.package_identification[0m [1;30mLevel 1[0m _identify(src/DoosanBootcamp3rd/dsr_example2/dsr_example) by extensions ['colcon_meta']
[0.267s] [34mcolcon.colcon_core.package_identification[0m [1;30mLevel 1[0m _identify(src/DoosanBootcamp3rd/dsr_example2/dsr_example) by extension 'colcon_meta'
[0.267s] [34mcolcon.colcon_core.package_identification[0m [1;30mLevel 1[0m _identify(src/DoosanBootcamp3rd/dsr_example2/dsr_example) by extensions ['ros']
[0.267s] [34mcolcon.colcon_core.package_identification[0m [1;30mLevel 1[0m _identify(src/DoosanBootcamp3rd/dsr_example2/dsr_example) by extension 'ros'
[0.267s] [34mcolcon.colcon_core.package_identification[0m [1;30mDEBUG[0m [32mPackage 'src/DoosanBootcamp3rd/dsr_example2/dsr_example' with type 'ros.ament_python' and name 'dsr_example'[0m
[0.267s] [34mcolcon.colcon_core.package_identification[0m [1;30mLevel 1[0m _identify(src/DoosanBootcamp3rd/dsr_example2/dsr_realtime_control) by extensions ['ignore', 'ignore_ament_install']
[0.267s] [34mcolcon.colcon_core.package_identification[0m [1;30mLevel 1[0m _identify(src/DoosanBootcamp3rd/dsr_example2/dsr_realtime_control) by extension 'ignore'
[0.267s] [34mcolcon.colcon_core.package_identification[0m [1;30mLevel 1[0m _identify(src/DoosanBootcamp3rd/dsr_example2/dsr_realtime_control) by extension 'ignore_ament_install'
[0.268s] [34mcolcon.colcon_core.package_identification[0m [1;30mLevel 1[0m _identify(src/DoosanBootcamp3rd/dsr_example2/dsr_realtime_control) by extensions ['colcon_pkg']
[0.268s] [34mcolcon.colcon_core.package_identification[0m [1;30mLevel 1[0m _identify(src/DoosanBootcamp3rd/dsr_example2/dsr_realtime_control) by extension 'colcon_pkg'
[0.268s] [34mcolcon.colcon_core.package_identification[0m [1;30mLevel 1[0m _identify(src/DoosanBootcamp3rd/dsr_example2/dsr_realtime_control) by extensions ['colcon_meta']
[0.268s] [34mcolcon.colcon_core.package_identification[0m [1;30mLevel 1[0m _identify(src/DoosanBootcamp3rd/dsr_example2/dsr_realtime_control) by extension 'colcon_meta'
[0.268s] [34mcolcon.colcon_core.package_identification[0m [1;30mLevel 1[0m _identify(src/DoosanBootcamp3rd/dsr_example2/dsr_realtime_control) by extensions ['ros']
[0.268s] [34mcolcon.colcon_core.package_identification[0m [1;30mLevel 1[0m _identify(src/DoosanBootcamp3rd/dsr_example2/dsr_realtime_control) by extension 'ros'
[0.268s] [34mcolcon.colcon_core.package_identification[0m [1;30mDEBUG[0m [32mPackage 'src/DoosanBootcamp3rd/dsr_example2/dsr_realtime_control' with type 'ros.ament_cmake' and name 'dsr_realtime_control'[0m
[0.268s] [34mcolcon.colcon_core.package_identification[0m [1;30mLevel 1[0m _identify(src/DoosanBootcamp3rd/dsr_example2/dsr_visualservoing) by extensions ['ignore', 'ignore_ament_install']
[0.268s] [34mcolcon.colcon_core.package_identification[0m [1;30mLevel 1[0m _identify(src/DoosanBootcamp3rd/dsr_example2/dsr_visualservoing) by extension 'ignore'
[0.268s] [34mcolcon.colcon_core.package_identification[0m [1;30mLevel 1[0m _identify(src/DoosanBootcamp3rd/dsr_example2/dsr_visualservoing) by extension 'ignore_ament_install'
[0.268s] [34mcolcon.colcon_core.package_identification[0m [1;30mLevel 1[0m _identify(src/DoosanBootcamp3rd/dsr_example2/dsr_visualservoing) by extensions ['colcon_pkg']
[0.268s] [34mcolcon.colcon_core.package_identification[0m [1;30mLevel 1[0m _identify(src/DoosanBootcamp3rd/dsr_example2/dsr_visualservoing) by extension 'colcon_pkg'
[0.268s] [34mcolcon.colcon_core.package_identification[0m [1;30mLevel 1[0m _identify(src/DoosanBootcamp3rd/dsr_example2/dsr_visualservoing) by extensions ['colcon_meta']
[0.268s] [34mcolcon.colcon_core.package_identification[0m [1;30mLevel 1[0m _identify(src/DoosanBootcamp3rd/dsr_example2/dsr_visualservoing) by extension 'colcon_meta'
[0.268s] [34mcolcon.colcon_core.package_identification[0m [1;30mLevel 1[0m _identify(src/DoosanBootcamp3rd/dsr_example2/dsr_visualservoing) by extensions ['ros']
[0.268s] [34mcolcon.colcon_core.package_identification[0m [1;30mLevel 1[0m _identify(src/DoosanBootcamp3rd/dsr_example2/dsr_visualservoing) by extension 'ros'
[0.269s] [34mcolcon.colcon_core.package_identification[0m [1;30mDEBUG[0m [32mPackage 'src/DoosanBootcamp3rd/dsr_example2/dsr_visualservoing' with type 'ros.ament_python' and name 'dsr_visualservoing'[0m
[0.269s] [34mcolcon.colcon_core.package_identification[0m [1;30mLevel 1[0m _identify(src/DoosanBootcamp3rd/dsr_gazebo2) by extensions ['ignore', 'ignore_ament_install']
[0.269s] [34mcolcon.colcon_core.package_identification[0m [1;30mLevel 1[0m _identify(src/DoosanBootcamp3rd/dsr_gazebo2) by extension 'ignore'
[0.269s] [34mcolcon.colcon_core.package_identification[0m [1;30mLevel 1[0m _identify(src/DoosanBootcamp3rd/dsr_gazebo2) by extension 'ignore_ament_install'
[0.269s] [34mcolcon.colcon_core.package_identification[0m [1;30mLevel 1[0m _identify(src/DoosanBootcamp3rd/dsr_gazebo2) by extensions ['colcon_pkg']
[0.269s] [34mcolcon.colcon_core.package_identification[0m [1;30mLevel 1[0m _identify(src/DoosanBootcamp3rd/dsr_gazebo2) by extension 'colcon_pkg'
[0.269s] [34mcolcon.colcon_core.package_identification[0m [1;30mLevel 1[0m _identify(src/DoosanBootcamp3rd/dsr_gazebo2) by extensions ['colcon_meta']
[0.269s] [34mcolcon.colcon_core.package_identification[0m [1;30mLevel 1[0m _identify(src/DoosanBootcamp3rd/dsr_gazebo2) by extension 'colcon_meta'
[0.269s] [34mcolcon.colcon_core.package_identification[0m [1;30mLevel 1[0m _identify(src/DoosanBootcamp3rd/dsr_gazebo2) by extensions ['ros']
[0.269s] [34mcolcon.colcon_core.package_identification[0m [1;30mLevel 1[0m _identify(src/DoosanBootcamp3rd/dsr_gazebo2) by extension 'ros'
[0.270s] [34mcolcon.colcon_core.package_identification[0m [1;30mDEBUG[0m [32mPackage 'src/DoosanBootcamp3rd/dsr_gazebo2' with type 'ros.ament_cmake' and name 'dsr_gazebo2'[0m
[0.270s] [34mcolcon.colcon_core.package_identification[0m [1;30mLevel 1[0m _identify(src/DoosanBootcamp3rd/dsr_hardware2) by extensions ['ignore', 'ignore_ament_install']
[0.270s] [34mcolcon.colcon_core.package_identification[0m [1;30mLevel 1[0m _identify(src/DoosanBootcamp3rd/dsr_hardware2) by extension 'ignore'
[0.270s] [34mcolcon.colcon_core.package_identification[0m [1;30mLevel 1[0m _identify(src/DoosanBootcamp3rd/dsr_hardware2) by extension 'ignore_ament_install'
[0.270s] [34mcolcon.colcon_core.package_identification[0m [1;30mLevel 1[0m _identify(src/DoosanBootcamp3rd/dsr_hardware2) by extensions ['colcon_pkg']
[0.270s] [34mcolcon.colcon_core.package_identification[0m [1;30mLevel 1[0m _identify(src/DoosanBootcamp3rd/dsr_hardware2) by extension 'colcon_pkg'
[0.270s] [34mcolcon.colcon_core.package_identification[0m [1;30mLevel 1[0m _identify(src/DoosanBootcamp3rd/dsr_hardware2) by extensions ['colcon_meta']
[0.270s] [34mcolcon.colcon_core.package_identification[0m [1;30mLevel 1[0m _identify(src/DoosanBootcamp3rd/dsr_hardware2) by extension 'colcon_meta'
[0.270s] [34mcolcon.colcon_core.package_identification[0m [1;30mLevel 1[0m _identify(src/DoosanBootcamp3rd/dsr_hardware2) by extensions ['ros']
[0.270s] [34mcolcon.colcon_core.package_identification[0m [1;30mLevel 1[0m _identify(src/DoosanBootcamp3rd/dsr_hardware2) by extension 'ros'
[0.271s] [34mcolcon.colcon_core.package_identification[0m [1;30mDEBUG[0m [32mPackage 'src/DoosanBootcamp3rd/dsr_hardware2' with type 'ros.ament_cmake' and name 'dsr_hardware2'[0m
[0.272s] [34mcolcon.colcon_core.package_identification[0m [1;30mLevel 1[0m _identify(src/DoosanBootcamp3rd/dsr_moveit2) by extensions ['ignore', 'ignore_ament_install']
[0.272s] [34mcolcon.colcon_core.package_identification[0m [1;30mLevel 1[0m _identify(src/DoosanBootcamp3rd/dsr_moveit2) by extension 'ignore'
[0.272s] [34mcolcon.colcon_core.package_identification[0m [1;30mLevel 1[0m _identify(src/DoosanBootcamp3rd/dsr_moveit2) by extension 'ignore_ament_install'
[0.272s] [34mcolcon.colcon_core.package_identification[0m [1;30mLevel 1[0m _identify(src/DoosanBootcamp3rd/dsr_moveit2) by extensions ['colcon_pkg']
[0.272s] [34mcolcon.colcon_core.package_identification[0m [1;30mLevel 1[0m _identify(src/DoosanBootcamp3rd/dsr_moveit2) by extension 'colcon_pkg'
[0.272s] [34mcolcon.colcon_core.package_identification[0m [1;30mLevel 1[0m _identify(src/DoosanBootcamp3rd/dsr_moveit2) by extensions ['colcon_meta']
[0.272s] [34mcolcon.colcon_core.package_identification[0m [1;30mLevel 1[0m _identify(src/DoosanBootcamp3rd/dsr_moveit2) by extension 'colcon_meta'
[0.272s] [34mcolcon.colcon_core.package_identification[0m [1;30mLevel 1[0m _identify(src/DoosanBootcamp3rd/dsr_moveit2) by extensions ['ros']
[0.272s] [34mcolcon.colcon_core.package_identification[0m [1;30mLevel 1[0m _identify(src/DoosanBootcamp3rd/dsr_moveit2) by extension 'ros'
[0.272s] [34mcolcon.colcon_core.package_identification[0m [1;30mLevel 1[0m _identify(src/DoosanBootcamp3rd/dsr_moveit2) by extensions ['cmake', 'python']
[0.272s] [34mcolcon.colcon_core.package_identification[0m [1;30mLevel 1[0m _identify(src/DoosanBootcamp3rd/dsr_moveit2) by extension 'cmake'
[0.273s] [34mcolcon.colcon_core.package_identification[0m [1;30mLevel 1[0m _identify(src/DoosanBootcamp3rd/dsr_moveit2) by extension 'python'
[0.273s] [34mcolcon.colcon_core.package_identification[0m [1;30mLevel 1[0m _identify(src/DoosanBootcamp3rd/dsr_moveit2) by extensions ['python_setup_py']
[0.273s] [34mcolcon.colcon_core.package_identification[0m [1;30mLevel 1[0m _identify(src/DoosanBootcamp3rd/dsr_moveit2) by extension 'python_setup_py'
[0.273s] [34mcolcon.colcon_core.package_identification[0m [1;30mLevel 1[0m _identify(src/DoosanBootcamp3rd/dsr_moveit2/dsr_moveit_config_a0509) by extensions ['ignore', 'ignore_ament_install']
[0.273s] [34mcolcon.colcon_core.package_identification[0m [1;30mLevel 1[0m _identify(src/DoosanBootcamp3rd/dsr_moveit2/dsr_moveit_config_a0509) by extension 'ignore'
[0.273s] [34mcolcon.colcon_core.package_identification[0m [1;30mLevel 1[0m _identify(src/DoosanBootcamp3rd/dsr_moveit2/dsr_moveit_config_a0509) by extension 'ignore_ament_install'
[0.273s] [34mcolcon.colcon_core.package_identification[0m [1;30mLevel 1[0m _identify(src/DoosanBootcamp3rd/dsr_moveit2/dsr_moveit_config_a0509) by extensions ['colcon_pkg']
[0.273s] [34mcolcon.colcon_core.package_identification[0m [1;30mLevel 1[0m _identify(src/DoosanBootcamp3rd/dsr_moveit2/dsr_moveit_config_a0509) by extension 'colcon_pkg'
[0.273s] [34mcolcon.colcon_core.package_identification[0m [1;30mLevel 1[0m _identify(src/DoosanBootcamp3rd/dsr_moveit2/dsr_moveit_config_a0509) by extensions ['colcon_meta']
[0.273s] [34mcolcon.colcon_core.package_identification[0m [1;30mLevel 1[0m _identify(src/DoosanBootcamp3rd/dsr_moveit2/dsr_moveit_config_a0509) by extension 'colcon_meta'
[0.273s] [34mcolcon.colcon_core.package_identification[0m [1;30mLevel 1[0m _identify(src/DoosanBootcamp3rd/dsr_moveit2/dsr_moveit_config_a0509) by extensions ['ros']
[0.273s] [34mcolcon.colcon_core.package_identification[0m [1;30mLevel 1[0m _identify(src/DoosanBootcamp3rd/dsr_moveit2/dsr_moveit_config_a0509) by extension 'ros'
[0.273s] [34mcolcon.colcon_core.package_identification[0m [1;30mDEBUG[0m [32mPackage 'src/DoosanBootcamp3rd/dsr_moveit2/dsr_moveit_config_a0509' with type 'ros.ament_cmake' and name 'dsr_moveit_config_a0509'[0m
[0.274s] [34mcolcon.colcon_core.package_identification[0m [1;30mLevel 1[0m _identify(src/DoosanBootcamp3rd/dsr_moveit2/dsr_moveit_config_a0912) by extensions ['ignore', 'ignore_ament_install']
[0.274s] [34mcolcon.colcon_core.package_identification[0m [1;30mLevel 1[0m _identify(src/DoosanBootcamp3rd/dsr_moveit2/dsr_moveit_config_a0912) by extension 'ignore'
[0.274s] [34mcolcon.colcon_core.package_identification[0m [1;30mLevel 1[0m _identify(src/DoosanBootcamp3rd/dsr_moveit2/dsr_moveit_config_a0912) by extension 'ignore_ament_install'
[0.274s] [34mcolcon.colcon_core.package_identification[0m [1;30mLevel 1[0m _identify(src/DoosanBootcamp3rd/dsr_moveit2/dsr_moveit_config_a0912) by extensions ['colcon_pkg']
[0.274s] [34mcolcon.colcon_core.package_identification[0m [1;30mLevel 1[0m _identify(src/DoosanBootcamp3rd/dsr_moveit2/dsr_moveit_config_a0912) by extension 'colcon_pkg'
[0.274s] [34mcolcon.colcon_core.package_identification[0m [1;30mLevel 1[0m _identify(src/DoosanBootcamp3rd/dsr_moveit2/dsr_moveit_config_a0912) by extensions ['colcon_meta']
[0.274s] [34mcolcon.colcon_core.package_identification[0m [1;30mLevel 1[0m _identify(src/DoosanBootcamp3rd/dsr_moveit2/dsr_moveit_config_a0912) by extension 'colcon_meta'
[0.274s] [34mcolcon.colcon_core.package_identification[0m [1;30mLevel 1[0m _identify(src/DoosanBootcamp3rd/dsr_moveit2/dsr_moveit_config_a0912) by extensions ['ros']
[0.274s] [34mcolcon.colcon_core.package_identification[0m [1;30mLevel 1[0m _identify(src/DoosanBootcamp3rd/dsr_moveit2/dsr_moveit_config_a0912) by extension 'ros'
[0.274s] [34mcolcon.colcon_core.package_identification[0m [1;30mDEBUG[0m [32mPackage 'src/DoosanBootcamp3rd/dsr_moveit2/dsr_moveit_config_a0912' with type 'ros.ament_cmake' and name 'dsr_moveit_config_a0912'[0m
[0.274s] [34mcolcon.colcon_core.package_identification[0m [1;30mLevel 1[0m _identify(src/DoosanBootcamp3rd/dsr_moveit2/dsr_moveit_config_e0509) by extensions ['ignore', 'ignore_ament_install']
[0.275s] [34mcolcon.colcon_core.package_identification[0m [1;30mLevel 1[0m _identify(src/DoosanBootcamp3rd/dsr_moveit2/dsr_moveit_config_e0509) by extension 'ignore'
[0.275s] [34mcolcon.colcon_core.package_identification[0m [1;30mLevel 1[0m _identify(src/DoosanBootcamp3rd/dsr_moveit2/dsr_moveit_config_e0509) by extension 'ignore_ament_install'
[0.275s] [34mcolcon.colcon_core.package_identification[0m [1;30mLevel 1[0m _identify(src/DoosanBootcamp3rd/dsr_moveit2/dsr_moveit_config_e0509) by extensions ['colcon_pkg']
[0.275s] [34mcolcon.colcon_core.package_identification[0m [1;30mLevel 1[0m _identify(src/DoosanBootcamp3rd/dsr_moveit2/dsr_moveit_config_e0509) by extension 'colcon_pkg'
[0.275s] [34mcolcon.colcon_core.package_identification[0m [1;30mLevel 1[0m _identify(src/DoosanBootcamp3rd/dsr_moveit2/dsr_moveit_config_e0509) by extensions ['colcon_meta']
[0.275s] [34mcolcon.colcon_core.package_identification[0m [1;30mLevel 1[0m _identify(src/DoosanBootcamp3rd/dsr_moveit2/dsr_moveit_config_e0509) by extension 'colcon_meta'
[0.275s] [34mcolcon.colcon_core.package_identification[0m [1;30mLevel 1[0m _identify(src/DoosanBootcamp3rd/dsr_moveit2/dsr_moveit_config_e0509) by extensions ['ros']
[0.275s] [34mcolcon.colcon_core.package_identification[0m [1;30mLevel 1[0m _identify(src/DoosanBootcamp3rd/dsr_moveit2/dsr_moveit_config_e0509) by extension 'ros'
[0.275s] [34mcolcon.colcon_core.package_identification[0m [1;30mDEBUG[0m [32mPackage 'src/DoosanBootcamp3rd/dsr_moveit2/dsr_moveit_config_e0509' with type 'ros.ament_cmake' and name 'dsr_moveit_config_e0509'[0m
[0.275s] [34mcolcon.colcon_core.package_identification[0m [1;30mLevel 1[0m _identify(src/DoosanBootcamp3rd/dsr_moveit2/dsr_moveit_config_h2017) by extensions ['ignore', 'ignore_ament_install']
[0.275s] [34mcolcon.colcon_core.package_identification[0m [1;30mLevel 1[0m _identify(src/DoosanBootcamp3rd/dsr_moveit2/dsr_moveit_config_h2017) by extension 'ignore'
[0.275s] [34mcolcon.colcon_core.package_identification[0m [1;30mLevel 1[0m _identify(src/DoosanBootcamp3rd/dsr_moveit2/dsr_moveit_config_h2017) by extension 'ignore_ament_install'
[0.275s] [34mcolcon.colcon_core.package_identification[0m [1;30mLevel 1[0m _identify(src/DoosanBootcamp3rd/dsr_moveit2/dsr_moveit_config_h2017) by extensions ['colcon_pkg']
[0.275s] [34mcolcon.colcon_core.package_identification[0m [1;30mLevel 1[0m _identify(src/DoosanBootcamp3rd/dsr_moveit2/dsr_moveit_config_h2017) by extension 'colcon_pkg'
[0.275s] [34mcolcon.colcon_core.package_identification[0m [1;30mLevel 1[0m _identify(src/DoosanBootcamp3rd/dsr_moveit2/dsr_moveit_config_h2017) by extensions ['colcon_meta']
[0.275s] [34mcolcon.colcon_core.package_identification[0m [1;30mLevel 1[0m _identify(src/DoosanBootcamp3rd/dsr_moveit2/dsr_moveit_config_h2017) by extension 'colcon_meta'
[0.275s] [34mcolcon.colcon_core.package_identification[0m [1;30mLevel 1[0m _identify(src/DoosanBootcamp3rd/dsr_moveit2/dsr_moveit_config_h2017) by extensions ['ros']
[0.275s] [34mcolcon.colcon_core.package_identification[0m [1;30mLevel 1[0m _identify(src/DoosanBootcamp3rd/dsr_moveit2/dsr_moveit_config_h2017) by extension 'ros'
[0.276s] [34mcolcon.colcon_core.package_identification[0m [1;30mDEBUG[0m [32mPackage 'src/DoosanBootcamp3rd/dsr_moveit2/dsr_moveit_config_h2017' with type 'ros.ament_cmake' and name 'dsr_moveit_config_h2017'[0m
[0.276s] [34mcolcon.colcon_core.package_identification[0m [1;30mLevel 1[0m _identify(src/DoosanBootcamp3rd/dsr_moveit2/dsr_moveit_config_h2515) by extensions ['ignore', 'ignore_ament_install']
[0.276s] [34mcolcon.colcon_core.package_identification[0m [1;30mLevel 1[0m _identify(src/DoosanBootcamp3rd/dsr_moveit2/dsr_moveit_config_h2515) by extension 'ignore'
[0.276s] [34mcolcon.colcon_core.package_identification[0m [1;30mLevel 1[0m _identify(src/DoosanBootcamp3rd/dsr_moveit2/dsr_moveit_config_h2515) by extension 'ignore_ament_install'
[0.276s] [34mcolcon.colcon_core.package_identification[0m [1;30mLevel 1[0m _identify(src/DoosanBootcamp3rd/dsr_moveit2/dsr_moveit_config_h2515) by extensions ['colcon_pkg']
[0.276s] [34mcolcon.colcon_core.package_identification[0m [1;30mLevel 1[0m _identify(src/DoosanBootcamp3rd/dsr_moveit2/dsr_moveit_config_h2515) by extension 'colcon_pkg'
[0.276s] [34mcolcon.colcon_core.package_identification[0m [1;30mLevel 1[0m _identify(src/DoosanBootcamp3rd/dsr_moveit2/dsr_moveit_config_h2515) by extensions ['colcon_meta']
[0.276s] [34mcolcon.colcon_core.package_identification[0m [1;30mLevel 1[0m _identify(src/DoosanBootcamp3rd/dsr_moveit2/dsr_moveit_config_h2515) by extension 'colcon_meta'
[0.276s] [34mcolcon.colcon_core.package_identification[0m [1;30mLevel 1[0m _identify(src/DoosanBootcamp3rd/dsr_moveit2/dsr_moveit_config_h2515) by extensions ['ros']
[0.276s] [34mcolcon.colcon_core.package_identification[0m [1;30mLevel 1[0m _identify(src/DoosanBootcamp3rd/dsr_moveit2/dsr_moveit_config_h2515) by extension 'ros'
[0.276s] [34mcolcon.colcon_core.package_identification[0m [1;30mDEBUG[0m [32mPackage 'src/DoosanBootcamp3rd/dsr_moveit2/dsr_moveit_config_h2515' with type 'ros.ament_cmake' and name 'dsr_moveit_config_h2515'[0m
[0.276s] [34mcolcon.colcon_core.package_identification[0m [1;30mLevel 1[0m _identify(src/DoosanBootcamp3rd/dsr_moveit2/dsr_moveit_config_m0609) by extensions ['ignore', 'ignore_ament_install']
[0.276s] [34mcolcon.colcon_core.package_identification[0m [1;30mLevel 1[0m _identify(src/DoosanBootcamp3rd/dsr_moveit2/dsr_moveit_config_m0609) by extension 'ignore'
[0.277s] [34mcolcon.colcon_core.package_identification[0m [1;30mLevel 1[0m _identify(src/DoosanBootcamp3rd/dsr_moveit2/dsr_moveit_config_m0609) by extension 'ignore_ament_install'
[0.277s] [34mcolcon.colcon_core.package_identification[0m [1;30mLevel 1[0m _identify(src/DoosanBootcamp3rd/dsr_moveit2/dsr_moveit_config_m0609) by extensions ['colcon_pkg']
[0.277s] [34mcolcon.colcon_core.package_identification[0m [1;30mLevel 1[0m _identify(src/DoosanBootcamp3rd/dsr_moveit2/dsr_moveit_config_m0609) by extension 'colcon_pkg'
[0.277s] [34mcolcon.colcon_core.package_identification[0m [1;30mLevel 1[0m _identify(src/DoosanBootcamp3rd/dsr_moveit2/dsr_moveit_config_m0609) by extensions ['colcon_meta']
[0.277s] [34mcolcon.colcon_core.package_identification[0m [1;30mLevel 1[0m _identify(src/DoosanBootcamp3rd/dsr_moveit2/dsr_moveit_config_m0609) by extension 'colcon_meta'
[0.277s] [34mcolcon.colcon_core.package_identification[0m [1;30mLevel 1[0m _identify(src/DoosanBootcamp3rd/dsr_moveit2/dsr_moveit_config_m0609) by extensions ['ros']
[0.277s] [34mcolcon.colcon_core.package_identification[0m [1;30mLevel 1[0m _identify(src/DoosanBootcamp3rd/dsr_moveit2/dsr_moveit_config_m0609) by extension 'ros'
[0.277s] [34mcolcon.colcon_core.package_identification[0m [1;30mDEBUG[0m [32mPackage 'src/DoosanBootcamp3rd/dsr_moveit2/dsr_moveit_config_m0609' with type 'ros.ament_cmake' and name 'dsr_moveit_config_m0609'[0m
[0.277s] [34mcolcon.colcon_core.package_identification[0m [1;30mLevel 1[0m _identify(src/DoosanBootcamp3rd/dsr_moveit2/dsr_moveit_config_m0617) by extensions ['ignore', 'ignore_ament_install']
[0.277s] [34mcolcon.colcon_core.package_identification[0m [1;30mLevel 1[0m _identify(src/DoosanBootcamp3rd/dsr_moveit2/dsr_moveit_config_m0617) by extension 'ignore'
[0.277s] [34mcolcon.colcon_core.package_identification[0m [1;30mLevel 1[0m _identify(src/DoosanBootcamp3rd/dsr_moveit2/dsr_moveit_config_m0617) by extension 'ignore_ament_install'
[0.277s] [34mcolcon.colcon_core.package_identification[0m [1;30mLevel 1[0m _identify(src/DoosanBootcamp3rd/dsr_moveit2/dsr_moveit_config_m0617) by extensions ['colcon_pkg']
[0.277s] [34mcolcon.colcon_core.package_identification[0m [1;30mLevel 1[0m _identify(src/DoosanBootcamp3rd/dsr_moveit2/dsr_moveit_config_m0617) by extension 'colcon_pkg'
[0.277s] [34mcolcon.colcon_core.package_identification[0m [1;30mLevel 1[0m _identify(src/DoosanBootcamp3rd/dsr_moveit2/dsr_moveit_config_m0617) by extensions ['colcon_meta']
[0.277s] [34mcolcon.colcon_core.package_identification[0m [1;30mLevel 1[0m _identify(src/DoosanBootcamp3rd/dsr_moveit2/dsr_moveit_config_m0617) by extension 'colcon_meta'
[0.277s] [34mcolcon.colcon_core.package_identification[0m [1;30mLevel 1[0m _identify(src/DoosanBootcamp3rd/dsr_moveit2/dsr_moveit_config_m0617) by extensions ['ros']
[0.277s] [34mcolcon.colcon_core.package_identification[0m [1;30mLevel 1[0m _identify(src/DoosanBootcamp3rd/dsr_moveit2/dsr_moveit_config_m0617) by extension 'ros'
[0.278s] [34mcolcon.colcon_core.package_identification[0m [1;30mDEBUG[0m [32mPackage 'src/DoosanBootcamp3rd/dsr_moveit2/dsr_moveit_config_m0617' with type 'ros.ament_cmake' and name 'dsr_moveit_config_m0617'[0m
[0.278s] [34mcolcon.colcon_core.package_identification[0m [1;30mLevel 1[0m _identify(src/DoosanBootcamp3rd/dsr_moveit2/dsr_moveit_config_m1013) by extensions ['ignore', 'ignore_ament_install']
[0.278s] [34mcolcon.colcon_core.package_identification[0m [1;30mLevel 1[0m _identify(src/DoosanBootcamp3rd/dsr_moveit2/dsr_moveit_config_m1013) by extension 'ignore'
[0.278s] [34mcolcon.colcon_core.package_identification[0m [1;30mLevel 1[0m _identify(src/DoosanBootcamp3rd/dsr_moveit2/dsr_moveit_config_m1013) by extension 'ignore_ament_install'
[0.278s] [34mcolcon.colcon_core.package_identification[0m [1;30mLevel 1[0m _identify(src/DoosanBootcamp3rd/dsr_moveit2/dsr_moveit_config_m1013) by extensions ['colcon_pkg']
[0.278s] [34mcolcon.colcon_core.package_identification[0m [1;30mLevel 1[0m _identify(src/DoosanBootcamp3rd/dsr_moveit2/dsr_moveit_config_m1013) by extension 'colcon_pkg'
[0.278s] [34mcolcon.colcon_core.package_identification[0m [1;30mLevel 1[0m _identify(src/DoosanBootcamp3rd/dsr_moveit2/dsr_moveit_config_m1013) by extensions ['colcon_meta']
[0.278s] [34mcolcon.colcon_core.package_identification[0m [1;30mLevel 1[0m _identify(src/DoosanBootcamp3rd/dsr_moveit2/dsr_moveit_config_m1013) by extension 'colcon_meta'
[0.278s] [34mcolcon.colcon_core.package_identification[0m [1;30mLevel 1[0m _identify(src/DoosanBootcamp3rd/dsr_moveit2/dsr_moveit_config_m1013) by extensions ['ros']
[0.278s] [34mcolcon.colcon_core.package_identification[0m [1;30mLevel 1[0m _identify(src/DoosanBootcamp3rd/dsr_moveit2/dsr_moveit_config_m1013) by extension 'ros'
[0.278s] [34mcolcon.colcon_core.package_identification[0m [1;30mDEBUG[0m [32mPackage 'src/DoosanBootcamp3rd/dsr_moveit2/dsr_moveit_config_m1013' with type 'ros.ament_cmake' and name 'dsr_moveit_config_m1013'[0m
[0.279s] [34mcolcon.colcon_core.package_identification[0m [1;30mLevel 1[0m _identify(src/DoosanBootcamp3rd/dsr_moveit2/dsr_moveit_config_m1509) by extensions ['ignore', 'ignore_ament_install']
[0.279s] [34mcolcon.colcon_core.package_identification[0m [1;30mLevel 1[0m _identify(src/DoosanBootcamp3rd/dsr_moveit2/dsr_moveit_config_m1509) by extension 'ignore'
[0.279s] [34mcolcon.colcon_core.package_identification[0m [1;30mLevel 1[0m _identify(src/DoosanBootcamp3rd/dsr_moveit2/dsr_moveit_config_m1509) by extension 'ignore_ament_install'
[0.279s] [34mcolcon.colcon_core.package_identification[0m [1;30mLevel 1[0m _identify(src/DoosanBootcamp3rd/dsr_moveit2/dsr_moveit_config_m1509) by extensions ['colcon_pkg']
[0.279s] [34mcolcon.colcon_core.package_identification[0m [1;30mLevel 1[0m _identify(src/DoosanBootcamp3rd/dsr_moveit2/dsr_moveit_config_m1509) by extension 'colcon_pkg'
[0.279s] [34mcolcon.colcon_core.package_identification[0m [1;30mLevel 1[0m _identify(src/DoosanBootcamp3rd/dsr_moveit2/dsr_moveit_config_m1509) by extensions ['colcon_meta']
[0.279s] [34mcolcon.colcon_core.package_identification[0m [1;30mLevel 1[0m _identify(src/DoosanBootcamp3rd/dsr_moveit2/dsr_moveit_config_m1509) by extension 'colcon_meta'
[0.279s] [34mcolcon.colcon_core.package_identification[0m [1;30mLevel 1[0m _identify(src/DoosanBootcamp3rd/dsr_moveit2/dsr_moveit_config_m1509) by extensions ['ros']
[0.279s] [34mcolcon.colcon_core.package_identification[0m [1;30mLevel 1[0m _identify(src/DoosanBootcamp3rd/dsr_moveit2/dsr_moveit_config_m1509) by extension 'ros'
[0.279s] [34mcolcon.colcon_core.package_identification[0m [1;30mDEBUG[0m [32mPackage 'src/DoosanBootcamp3rd/dsr_moveit2/dsr_moveit_config_m1509' with type 'ros.ament_cmake' and name 'dsr_moveit_config_m1509'[0m
[0.279s] [34mcolcon.colcon_core.package_identification[0m [1;30mLevel 1[0m _identify(src/DoosanBootcamp3rd/dsr_moveit2/dsr_moveit_config_p3020) by extensions ['ignore', 'ignore_ament_install']
[0.279s] [34mcolcon.colcon_core.package_identification[0m [1;30mLevel 1[0m _identify(src/DoosanBootcamp3rd/dsr_moveit2/dsr_moveit_config_p3020) by extension 'ignore'
[0.279s] [34mcolcon.colcon_core.package_identification[0m [1;30mLevel 1[0m _identify(src/DoosanBootcamp3rd/dsr_moveit2/dsr_moveit_config_p3020) by extension 'ignore_ament_install'
[0.279s] [34mcolcon.colcon_core.package_identification[0m [1;30mLevel 1[0m _identify(src/DoosanBootcamp3rd/dsr_moveit2/dsr_moveit_config_p3020) by extensions ['colcon_pkg']
[0.279s] [34mcolcon.colcon_core.package_identification[0m [1;30mLevel 1[0m _identify(src/DoosanBootcamp3rd/dsr_moveit2/dsr_moveit_config_p3020) by extension 'colcon_pkg'
[0.279s] [34mcolcon.colcon_core.package_identification[0m [1;30mLevel 1[0m _identify(src/DoosanBootcamp3rd/dsr_moveit2/dsr_moveit_config_p3020) by extensions ['colcon_meta']
[0.279s] [34mcolcon.colcon_core.package_identification[0m [1;30mLevel 1[0m _identify(src/DoosanBootcamp3rd/dsr_moveit2/dsr_moveit_config_p3020) by extension 'colcon_meta'
[0.279s] [34mcolcon.colcon_core.package_identification[0m [1;30mLevel 1[0m _identify(src/DoosanBootcamp3rd/dsr_moveit2/dsr_moveit_config_p3020) by extensions ['ros']
[0.280s] [34mcolcon.colcon_core.package_identification[0m [1;30mLevel 1[0m _identify(src/DoosanBootcamp3rd/dsr_moveit2/dsr_moveit_config_p3020) by extension 'ros'
[0.280s] [34mcolcon.colcon_core.package_identification[0m [1;30mDEBUG[0m [32mPackage 'src/DoosanBootcamp3rd/dsr_moveit2/dsr_moveit_config_p3020' with type 'ros.ament_cmake' and name 'dsr_moveit_config_p3020'[0m
[0.280s] [34mcolcon.colcon_core.package_identification[0m [1;30mLevel 1[0m _identify(src/DoosanBootcamp3rd/dsr_msgs2) by extensions ['ignore', 'ignore_ament_install']
[0.280s] [34mcolcon.colcon_core.package_identification[0m [1;30mLevel 1[0m _identify(src/DoosanBootcamp3rd/dsr_msgs2) by extension 'ignore'
[0.280s] [34mcolcon.colcon_core.package_identification[0m [1;30mLevel 1[0m _identify(src/DoosanBootcamp3rd/dsr_msgs2) by extension 'ignore_ament_install'
[0.280s] [34mcolcon.colcon_core.package_identification[0m [1;30mLevel 1[0m _identify(src/DoosanBootcamp3rd/dsr_msgs2) by extensions ['colcon_pkg']
[0.280s] [34mcolcon.colcon_core.package_identification[0m [1;30mLevel 1[0m _identify(src/DoosanBootcamp3rd/dsr_msgs2) by extension 'colcon_pkg'
[0.280s] [34mcolcon.colcon_core.package_identification[0m [1;30mLevel 1[0m _identify(src/DoosanBootcamp3rd/dsr_msgs2) by extensions ['colcon_meta']
[0.280s] [34mcolcon.colcon_core.package_identification[0m [1;30mLevel 1[0m _identify(src/DoosanBootcamp3rd/dsr_msgs2) by extension 'colcon_meta'
[0.280s] [34mcolcon.colcon_core.package_identification[0m [1;30mLevel 1[0m _identify(src/DoosanBootcamp3rd/dsr_msgs2) by extensions ['ros']
[0.280s] [34mcolcon.colcon_core.package_identification[0m [1;30mLevel 1[0m _identify(src/DoosanBootcamp3rd/dsr_msgs2) by extension 'ros'
[0.281s] [34mcolcon.colcon_core.package_identification[0m [1;30mDEBUG[0m [32mPackage 'src/DoosanBootcamp3rd/dsr_msgs2' with type 'ros.ament_cmake' and name 'dsr_msgs2'[0m
[0.281s] [34mcolcon.colcon_core.package_identification[0m [1;30mLevel 1[0m _identify(src/DoosanBootcamp3rd/dsr_rokey) by extensions ['ignore', 'ignore_ament_install']
[0.281s] [34mcolcon.colcon_core.package_identification[0m [1;30mLevel 1[0m _identify(src/DoosanBootcamp3rd/dsr_rokey) by extension 'ignore'
[0.281s] [34mcolcon.colcon_core.package_identification[0m [1;30mLevel 1[0m _identify(src/DoosanBootcamp3rd/dsr_rokey) by extension 'ignore_ament_install'
[0.281s] [34mcolcon.colcon_core.package_identification[0m [1;30mLevel 1[0m _identify(src/DoosanBootcamp3rd/dsr_rokey) by extensions ['colcon_pkg']
[0.281s] [34mcolcon.colcon_core.package_identification[0m [1;30mLevel 1[0m _identify(src/DoosanBootcamp3rd/dsr_rokey) by extension 'colcon_pkg'
[0.281s] [34mcolcon.colcon_core.package_identification[0m [1;30mLevel 1[0m _identify(src/DoosanBootcamp3rd/dsr_rokey) by extensions ['colcon_meta']
[0.281s] [34mcolcon.colcon_core.package_identification[0m [1;30mLevel 1[0m _identify(src/DoosanBootcamp3rd/dsr_rokey) by extension 'colcon_meta'
[0.281s] [34mcolcon.colcon_core.package_identification[0m [1;30mLevel 1[0m _identify(src/DoosanBootcamp3rd/dsr_rokey) by extensions ['ros']
[0.281s] [34mcolcon.colcon_core.package_identification[0m [1;30mLevel 1[0m _identify(src/DoosanBootcamp3rd/dsr_rokey) by extension 'ros'
[0.281s] [34mcolcon.colcon_core.package_identification[0m [1;30mLevel 1[0m _identify(src/DoosanBootcamp3rd/dsr_rokey) by extensions ['cmake', 'python']
[0.281s] [34mcolcon.colcon_core.package_identification[0m [1;30mLevel 1[0m _identify(src/DoosanBootcamp3rd/dsr_rokey) by extension 'cmake'
[0.281s] [34mcolcon.colcon_core.package_identification[0m [1;30mLevel 1[0m _identify(src/DoosanBootcamp3rd/dsr_rokey) by extension 'python'
[0.281s] [34mcolcon.colcon_core.package_identification[0m [1;30mLevel 1[0m _identify(src/DoosanBootcamp3rd/dsr_rokey) by extensions ['python_setup_py']
[0.281s] [34mcolcon.colcon_core.package_identification[0m [1;30mLevel 1[0m _identify(src/DoosanBootcamp3rd/dsr_rokey) by extension 'python_setup_py'
[0.281s] [34mcolcon.colcon_core.package_identification[0m [1;30mLevel 1[0m _identify(src/DoosanBootcamp3rd/dsr_rokey/od_msg) by extensions ['ignore', 'ignore_ament_install']
[0.281s] [34mcolcon.colcon_core.package_identification[0m [1;30mLevel 1[0m _identify(src/DoosanBootcamp3rd/dsr_rokey/od_msg) by extension 'ignore'
[0.281s] [34mcolcon.colcon_core.package_identification[0m [1;30mLevel 1[0m _identify(src/DoosanBootcamp3rd/dsr_rokey/od_msg) by extension 'ignore_ament_install'
[0.281s] [34mcolcon.colcon_core.package_identification[0m [1;30mLevel 1[0m _identify(src/DoosanBootcamp3rd/dsr_rokey/od_msg) by extensions ['colcon_pkg']
[0.281s] [34mcolcon.colcon_core.package_identification[0m [1;30mLevel 1[0m _identify(src/DoosanBootcamp3rd/dsr_rokey/od_msg) by extension 'colcon_pkg'
[0.281s] [34mcolcon.colcon_core.package_identification[0m [1;30mLevel 1[0m _identify(src/DoosanBootcamp3rd/dsr_rokey/od_msg) by extensions ['colcon_meta']
[0.281s] [34mcolcon.colcon_core.package_identification[0m [1;30mLevel 1[0m _identify(src/DoosanBootcamp3rd/dsr_rokey/od_msg) by extension 'colcon_meta'
[0.281s] [34mcolcon.colcon_core.package_identification[0m [1;30mLevel 1[0m _identify(src/DoosanBootcamp3rd/dsr_rokey/od_msg) by extensions ['ros']
[0.281s] [34mcolcon.colcon_core.package_identification[0m [1;30mLevel 1[0m _identify(src/DoosanBootcamp3rd/dsr_rokey/od_msg) by extension 'ros'
[0.282s] [34mcolcon.colcon_core.package_identification[0m [1;30mDEBUG[0m [32mPackage 'src/DoosanBootcamp3rd/dsr_rokey/od_msg' with type 'ros.catkin' and name 'od_msg'[0m
[0.282s] [34mcolcon.colcon_core.package_identification[0m [1;30mLevel 1[0m _identify(src/DoosanBootcamp3rd/dsr_rokey/pick_and_place_text) by extensions ['ignore', 'ignore_ament_install']
[0.282s] [34mcolcon.colcon_core.package_identification[0m [1;30mLevel 1[0m _identify(src/DoosanBootcamp3rd/dsr_rokey/pick_and_place_text) by extension 'ignore'
[0.282s] [34mcolcon.colcon_core.package_identification[0m [1;30mLevel 1[0m _identify(src/DoosanBootcamp3rd/dsr_rokey/pick_and_place_text) by extension 'ignore_ament_install'
[0.282s] [34mcolcon.colcon_core.package_identification[0m [1;30mLevel 1[0m _identify(src/DoosanBootcamp3rd/dsr_rokey/pick_and_place_text) by extensions ['colcon_pkg']
[0.282s] [34mcolcon.colcon_core.package_identification[0m [1;30mLevel 1[0m _identify(src/DoosanBootcamp3rd/dsr_rokey/pick_and_place_text) by extension 'colcon_pkg'
[0.282s] [34mcolcon.colcon_core.package_identification[0m [1;30mLevel 1[0m _identify(src/DoosanBootcamp3rd/dsr_rokey/pick_and_place_text) by extensions ['colcon_meta']
[0.282s] [34mcolcon.colcon_core.package_identification[0m [1;30mLevel 1[0m _identify(src/DoosanBootcamp3rd/dsr_rokey/pick_and_place_text) by extension 'colcon_meta'
[0.282s] [34mcolcon.colcon_core.package_identification[0m [1;30mLevel 1[0m _identify(src/DoosanBootcamp3rd/dsr_rokey/pick_and_place_text) by extensions ['ros']
[0.282s] [34mcolcon.colcon_core.package_identification[0m [1;30mLevel 1[0m _identify(src/DoosanBootcamp3rd/dsr_rokey/pick_and_place_text) by extension 'ros'
[0.282s] [34mcolcon.colcon_core.package_identification[0m [1;30mDEBUG[0m [32mPackage 'src/DoosanBootcamp3rd/dsr_rokey/pick_and_place_text' with type 'ros.ament_python' and name 'pick_and_place_text'[0m
[0.282s] [34mcolcon.colcon_core.package_identification[0m [1;30mLevel 1[0m _identify(src/DoosanBootcamp3rd/dsr_rokey/pick_and_place_voice) by extensions ['ignore', 'ignore_ament_install']
[0.282s] [34mcolcon.colcon_core.package_identification[0m [1;30mLevel 1[0m _identify(src/DoosanBootcamp3rd/dsr_rokey/pick_and_place_voice) by extension 'ignore'
[0.282s] [34mcolcon.colcon_core.package_identification[0m [1;30mLevel 1[0m _identify(src/DoosanBootcamp3rd/dsr_rokey/pick_and_place_voice) by extension 'ignore_ament_install'
[0.282s] [34mcolcon.colcon_core.package_identification[0m [1;30mLevel 1[0m _identify(src/DoosanBootcamp3rd/dsr_rokey/pick_and_place_voice) by extensions ['colcon_pkg']
[0.282s] [34mcolcon.colcon_core.package_identification[0m [1;30mLevel 1[0m _identify(src/DoosanBootcamp3rd/dsr_rokey/pick_and_place_voice) by extension 'colcon_pkg'
[0.282s] [34mcolcon.colcon_core.package_identification[0m [1;30mLevel 1[0m _identify(src/DoosanBootcamp3rd/dsr_rokey/pick_and_place_voice) by extensions ['colcon_meta']
[0.282s] [34mcolcon.colcon_core.package_identification[0m [1;30mLevel 1[0m _identify(src/DoosanBootcamp3rd/dsr_rokey/pick_and_place_voice) by extension 'colcon_meta'
[0.282s] [34mcolcon.colcon_core.package_identification[0m [1;30mLevel 1[0m _identify(src/DoosanBootcamp3rd/dsr_rokey/pick_and_place_voice) by extensions ['ros']
[0.282s] [34mcolcon.colcon_core.package_identification[0m [1;30mLevel 1[0m _identify(src/DoosanBootcamp3rd/dsr_rokey/pick_and_place_voice) by extension 'ros'
[0.283s] [34mcolcon.colcon_core.package_identification[0m [1;30mDEBUG[0m [32mPackage 'src/DoosanBootcamp3rd/dsr_rokey/pick_and_place_voice' with type 'ros.ament_python' and name 'pick_and_place_voice'[0m
[0.283s] [34mcolcon.colcon_core.package_identification[0m [1;30mLevel 1[0m _identify(src/DoosanBootcamp3rd/dsr_rokey/rokey) by extensions ['ignore', 'ignore_ament_install']
[0.283s] [34mcolcon.colcon_core.package_identification[0m [1;30mLevel 1[0m _identify(src/DoosanBootcamp3rd/dsr_rokey/rokey) by extension 'ignore'
[0.283s] [34mcolcon.colcon_core.package_identification[0m [1;30mLevel 1[0m _identify(src/DoosanBootcamp3rd/dsr_rokey/rokey) by extension 'ignore_ament_install'
[0.283s] [34mcolcon.colcon_core.package_identification[0m [1;30mLevel 1[0m _identify(src/DoosanBootcamp3rd/dsr_rokey/rokey) by extensions ['colcon_pkg']
[0.283s] [34mcolcon.colcon_core.package_identification[0m [1;30mLevel 1[0m _identify(src/DoosanBootcamp3rd/dsr_rokey/rokey) by extension 'colcon_pkg'
[0.283s] [34mcolcon.colcon_core.package_identification[0m [1;30mLevel 1[0m _identify(src/DoosanBootcamp3rd/dsr_rokey/rokey) by extensions ['colcon_meta']
[0.283s] [34mcolcon.colcon_core.package_identification[0m [1;30mLevel 1[0m _identify(src/DoosanBootcamp3rd/dsr_rokey/rokey) by extension 'colcon_meta'
[0.283s] [34mcolcon.colcon_core.package_identification[0m [1;30mLevel 1[0m _identify(src/DoosanBootcamp3rd/dsr_rokey/rokey) by extensions ['ros']
[0.283s] [34mcolcon.colcon_core.package_identification[0m [1;30mLevel 1[0m _identify(src/DoosanBootcamp3rd/dsr_rokey/rokey) by extension 'ros'
[0.283s] [34mcolcon.colcon_core.package_identification[0m [1;30mDEBUG[0m [32mPackage 'src/DoosanBootcamp3rd/dsr_rokey/rokey' with type 'ros.ament_python' and name 'rokey'[0m
[0.284s] [34mcolcon.colcon_core.package_identification[0m [1;30mLevel 1[0m _identify(src/DoosanBootcamp3rd/dsr_tests) by extensions ['ignore', 'ignore_ament_install']
[0.284s] [34mcolcon.colcon_core.package_identification[0m [1;30mLevel 1[0m _identify(src/DoosanBootcamp3rd/dsr_tests) by extension 'ignore'
[0.284s] [34mcolcon.colcon_core.package_identification[0m [1;30mLevel 1[0m _identify(src/DoosanBootcamp3rd/dsr_tests) by extension 'ignore_ament_install'
[0.284s] [34mcolcon.colcon_core.package_identification[0m [1;30mLevel 1[0m _identify(src/DoosanBootcamp3rd/dsr_tests) by extensions ['colcon_pkg']
[0.284s] [34mcolcon.colcon_core.package_identification[0m [1;30mLevel 1[0m _identify(src/DoosanBootcamp3rd/dsr_tests) by extension 'colcon_pkg'
[0.284s] [34mcolcon.colcon_core.package_identification[0m [1;30mLevel 1[0m _identify(src/DoosanBootcamp3rd/dsr_tests) by extensions ['colcon_meta']
[0.284s] [34mcolcon.colcon_core.package_identification[0m [1;30mLevel 1[0m _identify(src/DoosanBootcamp3rd/dsr_tests) by extension 'colcon_meta'
[0.284s] [34mcolcon.colcon_core.package_identification[0m [1;30mLevel 1[0m _identify(src/DoosanBootcamp3rd/dsr_tests) by extensions ['ros']
[0.284s] [34mcolcon.colcon_core.package_identification[0m [1;30mLevel 1[0m _identify(src/DoosanBootcamp3rd/dsr_tests) by extension 'ros'
[0.284s] [34mcolcon.colcon_core.package_identification[0m [1;30mDEBUG[0m [32mPackage 'src/DoosanBootcamp3rd/dsr_tests' with type 'ros.ament_python' and name 'dsr_tests'[0m
[0.284s] [34mcolcon.colcon_core.package_discovery[0m [1;30mLevel 1[0m discover_packages(recursive) using defaults
[0.284s] [34mcolcon.colcon_core.package_discovery[0m [1;30mLevel 1[0m discover_packages(ignore) discover
[0.284s] [34mcolcon.colcon_core.package_discovery[0m [1;30mLevel 1[0m discover_packages(ignore) using defaults
[0.284s] [34mcolcon.colcon_core.package_discovery[0m [1;30mLevel 1[0m discover_packages(path) discover
[0.284s] [34mcolcon.colcon_core.package_discovery[0m [1;30mLevel 1[0m discover_packages(path) using defaults
[0.301s] [34mcolcon.colcon_core.package_discovery[0m [1;30mLevel 1[0m discover_packages(prefix_path) check parameters
[0.301s] [34mcolcon.colcon_core.package_discovery[0m [1;30mLevel 1[0m discover_packages(prefix_path) discover
[0.303s] [34mcolcon.colcon_installed_package_information.package_discovery[0m [1;30mDEBUG[0m [32mFound 333 installed packages in /opt/ros/humble[0m
[0.305s] [34mcolcon.colcon_core.package_discovery[0m [1;30mLevel 1[0m discover_packages(prefix_path) using defaults
[0.329s] [34mcolcon.colcon_core.verb[0m [1;30mLevel 5[0m set package 'dsr_common2' build argument 'cmake_args' from command line to 'None'
[0.329s] [34mcolcon.colcon_core.verb[0m [1;30mLevel 5[0m set package 'dsr_common2' build argument 'cmake_target' from command line to 'None'
[0.329s] [34mcolcon.colcon_core.verb[0m [1;30mLevel 5[0m set package 'dsr_common2' build argument 'cmake_target_skip_unavailable' from command line to 'False'
[0.329s] [34mcolcon.colcon_core.verb[0m [1;30mLevel 5[0m set package 'dsr_common2' build argument 'cmake_clean_cache' from command line to 'False'
[0.329s] [34mcolcon.colcon_core.verb[0m [1;30mLevel 5[0m set package 'dsr_common2' build argument 'cmake_clean_first' from command line to 'False'
[0.329s] [34mcolcon.colcon_core.verb[0m [1;30mLevel 5[0m set package 'dsr_common2' build argument 'cmake_force_configure' from command line to 'False'
[0.329s] [34mcolcon.colcon_core.verb[0m [1;30mLevel 5[0m set package 'dsr_common2' build argument 'ament_cmake_args' from command line to 'None'
[0.329s] [34mcolcon.colcon_core.verb[0m [1;30mLevel 5[0m set package 'dsr_common2' build argument 'catkin_cmake_args' from command line to 'None'
[0.329s] [34mcolcon.colcon_core.verb[0m [1;30mLevel 5[0m set package 'dsr_common2' build argument 'catkin_skip_building_tests' from command line to 'False'
[0.329s] [34mcolcon.colcon_core.verb[0m [1;30mDEBUG[0m [32mBuilding package 'dsr_common2' with the following arguments: {'ament_cmake_args': None, 'build_base': '/home/rokey/ros2_ws/build/dsr_common2', 'catkin_cmake_args': None, 'catkin_skip_building_tests': False, 'cmake_args': None, 'cmake_clean_cache': False, 'cmake_clean_first': False, 'cmake_force_configure': False, 'cmake_target': None, 'cmake_target_skip_unavailable': False, 'install_base': '/home/rokey/ros2_ws/install/dsr_common2', 'merge_install': False, 'path': '/home/rokey/ros2_ws/src/DoosanBootcamp3rd/dsr_common2', 'symlink_install': False, 'test_result_base': None}[0m
[0.329s] [34mcolcon.colcon_core.verb[0m [1;30mLevel 5[0m set package 'dsr_description2' build argument 'cmake_args' from command line to 'None'
[0.329s] [34mcolcon.colcon_core.verb[0m [1;30mLevel 5[0m set package 'dsr_description2' build argument 'cmake_target' from command line to 'None'
[0.329s] [34mcolcon.colcon_core.verb[0m [1;30mLevel 5[0m set package 'dsr_description2' build argument 'cmake_target_skip_unavailable' from command line to 'False'
[0.329s] [34mcolcon.colcon_core.verb[0m [1;30mLevel 5[0m set package 'dsr_description2' build argument 'cmake_clean_cache' from command line to 'False'
[0.329s] [34mcolcon.colcon_core.verb[0m [1;30mLevel 5[0m set package 'dsr_description2' build argument 'cmake_clean_first' from command line to 'False'
[0.330s] [34mcolcon.colcon_core.verb[0m [1;30mLevel 5[0m set package 'dsr_description2' build argument 'cmake_force_configure' from command line to 'False'
[0.330s] [34mcolcon.colcon_core.verb[0m [1;30mLevel 5[0m set package 'dsr_description2' build argument 'ament_cmake_args' from command line to 'None'
[0.330s] [34mcolcon.colcon_core.verb[0m [1;30mLevel 5[0m set package 'dsr_description2' build argument 'catkin_cmake_args' from command line to 'None'
[0.330s] [34mcolcon.colcon_core.verb[0m [1;30mLevel 5[0m set package 'dsr_description2' build argument 'catkin_skip_building_tests' from command line to 'False'
[0.330s] [34mcolcon.colcon_core.verb[0m [1;30mDEBUG[0m [32mBuilding package 'dsr_description2' with the following arguments: {'ament_cmake_args': None, 'build_base': '/home/rokey/ros2_ws/build/dsr_description2', 'catkin_cmake_args': None, 'catkin_skip_building_tests': False, 'cmake_args': None, 'cmake_clean_cache': False, 'cmake_clean_first': False, 'cmake_force_configure': False, 'cmake_target': None, 'cmake_target_skip_unavailable': False, 'install_base': '/home/rokey/ros2_ws/install/dsr_description2', 'merge_install': False, 'path': '/home/rokey/ros2_ws/src/DoosanBootcamp3rd/dsr_description2', 'symlink_install': False, 'test_result_base': None}[0m
[0.330s] [34mcolcon.colcon_core.verb[0m [1;30mLevel 5[0m set package 'dsr_moveit_config_a0509' build argument 'cmake_args' from command line to 'None'
[0.330s] [34mcolcon.colcon_core.verb[0m [1;30mLevel 5[0m set package 'dsr_moveit_config_a0509' build argument 'cmake_target' from command line to 'None'
[0.330s] [34mcolcon.colcon_core.verb[0m [1;30mLevel 5[0m set package 'dsr_moveit_config_a0509' build argument 'cmake_target_skip_unavailable' from command line to 'False'
[0.330s] [34mcolcon.colcon_core.verb[0m [1;30mLevel 5[0m set package 'dsr_moveit_config_a0509' build argument 'cmake_clean_cache' from command line to 'False'
[0.330s] [34mcolcon.colcon_core.verb[0m [1;30mLevel 5[0m set package 'dsr_moveit_config_a0509' build argument 'cmake_clean_first' from command line to 'False'
[0.330s] [34mcolcon.colcon_core.verb[0m [1;30mLevel 5[0m set package 'dsr_moveit_config_a0509' build argument 'cmake_force_configure' from command line to 'False'
[0.330s] [34mcolcon.colcon_core.verb[0m [1;30mLevel 5[0m set package 'dsr_moveit_config_a0509' build argument 'ament_cmake_args' from command line to 'None'
[0.330s] [34mcolcon.colcon_core.verb[0m [1;30mLevel 5[0m set package 'dsr_moveit_config_a0509' build argument 'catkin_cmake_args' from command line to 'None'
[0.330s] [34mcolcon.colcon_core.verb[0m [1;30mLevel 5[0m set package 'dsr_moveit_config_a0509' build argument 'catkin_skip_building_tests' from command line to 'False'
[0.330s] [34mcolcon.colcon_core.verb[0m [1;30mDEBUG[0m [32mBuilding package 'dsr_moveit_config_a0509' with the following arguments: {'ament_cmake_args': None, 'build_base': '/home/rokey/ros2_ws/build/dsr_moveit_config_a0509', 'catkin_cmake_args': None, 'catkin_skip_building_tests': False, 'cmake_args': None, 'cmake_clean_cache': False, 'cmake_clean_first': False, 'cmake_force_configure': False, 'cmake_target': None, 'cmake_target_skip_unavailable': False, 'install_base': '/home/rokey/ros2_ws/install/dsr_moveit_config_a0509', 'merge_install': False, 'path': '/home/rokey/ros2_ws/src/DoosanBootcamp3rd/dsr_moveit2/dsr_moveit_config_a0509', 'symlink_install': False, 'test_result_base': None}[0m
[0.330s] [34mcolcon.colcon_core.verb[0m [1;30mLevel 5[0m set package 'dsr_moveit_config_a0912' build argument 'cmake_args' from command line to 'None'
[0.330s] [34mcolcon.colcon_core.verb[0m [1;30mLevel 5[0m set package 'dsr_moveit_config_a0912' build argument 'cmake_target' from command line to 'None'
[0.330s] [34mcolcon.colcon_core.verb[0m [1;30mLevel 5[0m set package 'dsr_moveit_config_a0912' build argument 'cmake_target_skip_unavailable' from command line to 'False'
[0.330s] [34mcolcon.colcon_core.verb[0m [1;30mLevel 5[0m set package 'dsr_moveit_config_a0912' build argument 'cmake_clean_cache' from command line to 'False'
[0.330s] [34mcolcon.colcon_core.verb[0m [1;30mLevel 5[0m set package 'dsr_moveit_config_a0912' build argument 'cmake_clean_first' from command line to 'False'
[0.330s] [34mcolcon.colcon_core.verb[0m [1;30mLevel 5[0m set package 'dsr_moveit_config_a0912' build argument 'cmake_force_configure' from command line to 'False'
[0.330s] [34mcolcon.colcon_core.verb[0m [1;30mLevel 5[0m set package 'dsr_moveit_config_a0912' build argument 'ament_cmake_args' from command line to 'None'
[0.330s] [34mcolcon.colcon_core.verb[0m [1;30mLevel 5[0m set package 'dsr_moveit_config_a0912' build argument 'catkin_cmake_args' from command line to 'None'
[0.330s] [34mcolcon.colcon_core.verb[0m [1;30mLevel 5[0m set package 'dsr_moveit_config_a0912' build argument 'catkin_skip_building_tests' from command line to 'False'
[0.330s] [34mcolcon.colcon_core.verb[0m [1;30mDEBUG[0m [32mBuilding package 'dsr_moveit_config_a0912' with the following arguments: {'ament_cmake_args': None, 'build_base': '/home/rokey/ros2_ws/build/dsr_moveit_config_a0912', 'catkin_cmake_args': None, 'catkin_skip_building_tests': False, 'cmake_args': None, 'cmake_clean_cache': False, 'cmake_clean_first': False, 'cmake_force_configure': False, 'cmake_target': None, 'cmake_target_skip_unavailable': False, 'install_base': '/home/rokey/ros2_ws/install/dsr_moveit_config_a0912', 'merge_install': False, 'path': '/home/rokey/ros2_ws/src/DoosanBootcamp3rd/dsr_moveit2/dsr_moveit_config_a0912', 'symlink_install': False, 'test_result_base': None}[0m
[0.330s] [34mcolcon.colcon_core.verb[0m [1;30mLevel 5[0m set package 'dsr_moveit_config_e0509' build argument 'cmake_args' from command line to 'None'
[0.330s] [34mcolcon.colcon_core.verb[0m [1;30mLevel 5[0m set package 'dsr_moveit_config_e0509' build argument 'cmake_target' from command line to 'None'
[0.330s] [34mcolcon.colcon_core.verb[0m [1;30mLevel 5[0m set package 'dsr_moveit_config_e0509' build argument 'cmake_target_skip_unavailable' from command line to 'False'
[0.330s] [34mcolcon.colcon_core.verb[0m [1;30mLevel 5[0m set package 'dsr_moveit_config_e0509' build argument 'cmake_clean_cache' from command line to 'False'
[0.330s] [34mcolcon.colcon_core.verb[0m [1;30mLevel 5[0m set package 'dsr_moveit_config_e0509' build argument 'cmake_clean_first' from command line to 'False'
[0.330s] [34mcolcon.colcon_core.verb[0m [1;30mLevel 5[0m set package 'dsr_moveit_config_e0509' build argument 'cmake_force_configure' from command line to 'False'
[0.330s] [34mcolcon.colcon_core.verb[0m [1;30mLevel 5[0m set package 'dsr_moveit_config_e0509' build argument 'ament_cmake_args' from command line to 'None'
[0.331s] [34mcolcon.colcon_core.verb[0m [1;30mLevel 5[0m set package 'dsr_moveit_config_e0509' build argument 'catkin_cmake_args' from command line to 'None'
[0.331s] [34mcolcon.colcon_core.verb[0m [1;30mLevel 5[0m set package 'dsr_moveit_config_e0509' build argument 'catkin_skip_building_tests' from command line to 'False'
[0.331s] [34mcolcon.colcon_core.verb[0m [1;30mDEBUG[0m [32mBuilding package 'dsr_moveit_config_e0509' with the following arguments: {'ament_cmake_args': None, 'build_base': '/home/rokey/ros2_ws/build/dsr_moveit_config_e0509', 'catkin_cmake_args': None, 'catkin_skip_building_tests': False, 'cmake_args': None, 'cmake_clean_cache': False, 'cmake_clean_first': False, 'cmake_force_configure': False, 'cmake_target': None, 'cmake_target_skip_unavailable': False, 'install_base': '/home/rokey/ros2_ws/install/dsr_moveit_config_e0509', 'merge_install': False, 'path': '/home/rokey/ros2_ws/src/DoosanBootcamp3rd/dsr_moveit2/dsr_moveit_config_e0509', 'symlink_install': False, 'test_result_base': None}[0m
[0.331s] [34mcolcon.colcon_core.verb[0m [1;30mLevel 5[0m set package 'dsr_moveit_config_h2017' build argument 'cmake_args' from command line to 'None'
[0.331s] [34mcolcon.colcon_core.verb[0m [1;30mLevel 5[0m set package 'dsr_moveit_config_h2017' build argument 'cmake_target' from command line to 'None'
[0.331s] [34mcolcon.colcon_core.verb[0m [1;30mLevel 5[0m set package 'dsr_moveit_config_h2017' build argument 'cmake_target_skip_unavailable' from command line to 'False'
[0.331s] [34mcolcon.colcon_core.verb[0m [1;30mLevel 5[0m set package 'dsr_moveit_config_h2017' build argument 'cmake_clean_cache' from command line to 'False'
[0.331s] [34mcolcon.colcon_core.verb[0m [1;30mLevel 5[0m set package 'dsr_moveit_config_h2017' build argument 'cmake_clean_first' from command line to 'False'
[0.331s] [34mcolcon.colcon_core.verb[0m [1;30mLevel 5[0m set package 'dsr_moveit_config_h2017' build argument 'cmake_force_configure' from command line to 'False'
[0.331s] [34mcolcon.colcon_core.verb[0m [1;30mLevel 5[0m set package 'dsr_moveit_config_h2017' build argument 'ament_cmake_args' from command line to 'None'
[0.331s] [34mcolcon.colcon_core.verb[0m [1;30mLevel 5[0m set package 'dsr_moveit_config_h2017' build argument 'catkin_cmake_args' from command line to 'None'
[0.331s] [34mcolcon.colcon_core.verb[0m [1;30mLevel 5[0m set package 'dsr_moveit_config_h2017' build argument 'catkin_skip_building_tests' from command line to 'False'
[0.331s] [34mcolcon.colcon_core.verb[0m [1;30mDEBUG[0m [32mBuilding package 'dsr_moveit_config_h2017' with the following arguments: {'ament_cmake_args': None, 'build_base': '/home/rokey/ros2_ws/build/dsr_moveit_config_h2017', 'catkin_cmake_args': None, 'catkin_skip_building_tests': False, 'cmake_args': None, 'cmake_clean_cache': False, 'cmake_clean_first': False, 'cmake_force_configure': False, 'cmake_target': None, 'cmake_target_skip_unavailable': False, 'install_base': '/home/rokey/ros2_ws/install/dsr_moveit_config_h2017', 'merge_install': False, 'path': '/home/rokey/ros2_ws/src/DoosanBootcamp3rd/dsr_moveit2/dsr_moveit_config_h2017', 'symlink_install': False, 'test_result_base': None}[0m
[0.331s] [34mcolcon.colcon_core.verb[0m [1;30mLevel 5[0m set package 'dsr_moveit_config_h2515' build argument 'cmake_args' from command line to 'None'
[0.331s] [34mcolcon.colcon_core.verb[0m [1;30mLevel 5[0m set package 'dsr_moveit_config_h2515' build argument 'cmake_target' from command line to 'None'
[0.331s] [34mcolcon.colcon_core.verb[0m [1;30mLevel 5[0m set package 'dsr_moveit_config_h2515' build argument 'cmake_target_skip_unavailable' from command line to 'False'
[0.331s] [34mcolcon.colcon_core.verb[0m [1;30mLevel 5[0m set package 'dsr_moveit_config_h2515' build argument 'cmake_clean_cache' from command line to 'False'
[0.331s] [34mcolcon.colcon_core.verb[0m [1;30mLevel 5[0m set package 'dsr_moveit_config_h2515' build argument 'cmake_clean_first' from command line to 'False'
[0.331s] [34mcolcon.colcon_core.verb[0m [1;30mLevel 5[0m set package 'dsr_moveit_config_h2515' build argument 'cmake_force_configure' from command line to 'False'
[0.331s] [34mcolcon.colcon_core.verb[0m [1;30mLevel 5[0m set package 'dsr_moveit_config_h2515' build argument 'ament_cmake_args' from command line to 'None'
[0.331s] [34mcolcon.colcon_core.verb[0m [1;30mLevel 5[0m set package 'dsr_moveit_config_h2515' build argument 'catkin_cmake_args' from command line to 'None'
[0.331s] [34mcolcon.colcon_core.verb[0m [1;30mLevel 5[0m set package 'dsr_moveit_config_h2515' build argument 'catkin_skip_building_tests' from command line to 'False'
[0.331s] [34mcolcon.colcon_core.verb[0m [1;30mDEBUG[0m [32mBuilding package 'dsr_moveit_config_h2515' with the following arguments: {'ament_cmake_args': None, 'build_base': '/home/rokey/ros2_ws/build/dsr_moveit_config_h2515', 'catkin_cmake_args': None, 'catkin_skip_building_tests': False, 'cmake_args': None, 'cmake_clean_cache': False, 'cmake_clean_first': False, 'cmake_force_configure': False, 'cmake_target': None, 'cmake_target_skip_unavailable': False, 'install_base': '/home/rokey/ros2_ws/install/dsr_moveit_config_h2515', 'merge_install': False, 'path': '/home/rokey/ros2_ws/src/DoosanBootcamp3rd/dsr_moveit2/dsr_moveit_config_h2515', 'symlink_install': False, 'test_result_base': None}[0m
[0.331s] [34mcolcon.colcon_core.verb[0m [1;30mLevel 5[0m set package 'dsr_moveit_config_m0609' build argument 'cmake_args' from command line to 'None'
[0.331s] [34mcolcon.colcon_core.verb[0m [1;30mLevel 5[0m set package 'dsr_moveit_config_m0609' build argument 'cmake_target' from command line to 'None'
[0.331s] [34mcolcon.colcon_core.verb[0m [1;30mLevel 5[0m set package 'dsr_moveit_config_m0609' build argument 'cmake_target_skip_unavailable' from command line to 'False'
[0.331s] [34mcolcon.colcon_core.verb[0m [1;30mLevel 5[0m set package 'dsr_moveit_config_m0609' build argument 'cmake_clean_cache' from command line to 'False'
[0.331s] [34mcolcon.colcon_core.verb[0m [1;30mLevel 5[0m set package 'dsr_moveit_config_m0609' build argument 'cmake_clean_first' from command line to 'False'
[0.331s] [34mcolcon.colcon_core.verb[0m [1;30mLevel 5[0m set package 'dsr_moveit_config_m0609' build argument 'cmake_force_configure' from command line to 'False'
[0.331s] [34mcolcon.colcon_core.verb[0m [1;30mLevel 5[0m set package 'dsr_moveit_config_m0609' build argument 'ament_cmake_args' from command line to 'None'
[0.331s] [34mcolcon.colcon_core.verb[0m [1;30mLevel 5[0m set package 'dsr_moveit_config_m0609' build argument 'catkin_cmake_args' from command line to 'None'
[0.331s] [34mcolcon.colcon_core.verb[0m [1;30mLevel 5[0m set package 'dsr_moveit_config_m0609' build argument 'catkin_skip_building_tests' from command line to 'False'
[0.332s] [34mcolcon.colcon_core.verb[0m [1;30mDEBUG[0m [32mBuilding package 'dsr_moveit_config_m0609' with the following arguments: {'ament_cmake_args': None, 'build_base': '/home/rokey/ros2_ws/build/dsr_moveit_config_m0609', 'catkin_cmake_args': None, 'catkin_skip_building_tests': False, 'cmake_args': None, 'cmake_clean_cache': False, 'cmake_clean_first': False, 'cmake_force_configure': False, 'cmake_target': None, 'cmake_target_skip_unavailable': False, 'install_base': '/home/rokey/ros2_ws/install/dsr_moveit_config_m0609', 'merge_install': False, 'path': '/home/rokey/ros2_ws/src/DoosanBootcamp3rd/dsr_moveit2/dsr_moveit_config_m0609', 'symlink_install': False, 'test_result_base': None}[0m
[0.332s] [34mcolcon.colcon_core.verb[0m [1;30mLevel 5[0m set package 'dsr_moveit_config_m0617' build argument 'cmake_args' from command line to 'None'
[0.332s] [34mcolcon.colcon_core.verb[0m [1;30mLevel 5[0m set package 'dsr_moveit_config_m0617' build argument 'cmake_target' from command line to 'None'
[0.332s] [34mcolcon.colcon_core.verb[0m [1;30mLevel 5[0m set package 'dsr_moveit_config_m0617' build argument 'cmake_target_skip_unavailable' from command line to 'False'
[0.332s] [34mcolcon.colcon_core.verb[0m [1;30mLevel 5[0m set package 'dsr_moveit_config_m0617' build argument 'cmake_clean_cache' from command line to 'False'
[0.332s] [34mcolcon.colcon_core.verb[0m [1;30mLevel 5[0m set package 'dsr_moveit_config_m0617' build argument 'cmake_clean_first' from command line to 'False'
[0.332s] [34mcolcon.colcon_core.verb[0m [1;30mLevel 5[0m set package 'dsr_moveit_config_m0617' build argument 'cmake_force_configure' from command line to 'False'
[0.332s] [34mcolcon.colcon_core.verb[0m [1;30mLevel 5[0m set package 'dsr_moveit_config_m0617' build argument 'ament_cmake_args' from command line to 'None'
[0.332s] [34mcolcon.colcon_core.verb[0m [1;30mLevel 5[0m set package 'dsr_moveit_config_m0617' build argument 'catkin_cmake_args' from command line to 'None'
[0.332s] [34mcolcon.colcon_core.verb[0m [1;30mLevel 5[0m set package 'dsr_moveit_config_m0617' build argument 'catkin_skip_building_tests' from command line to 'False'
[0.332s] [34mcolcon.colcon_core.verb[0m [1;30mDEBUG[0m [32mBuilding package 'dsr_moveit_config_m0617' with the following arguments: {'ament_cmake_args': None, 'build_base': '/home/rokey/ros2_ws/build/dsr_moveit_config_m0617', 'catkin_cmake_args': None, 'catkin_skip_building_tests': False, 'cmake_args': None, 'cmake_clean_cache': False, 'cmake_clean_first': False, 'cmake_force_configure': False, 'cmake_target': None, 'cmake_target_skip_unavailable': False, 'install_base': '/home/rokey/ros2_ws/install/dsr_moveit_config_m0617', 'merge_install': False, 'path': '/home/rokey/ros2_ws/src/DoosanBootcamp3rd/dsr_moveit2/dsr_moveit_config_m0617', 'symlink_install': False, 'test_result_base': None}[0m
[0.332s] [34mcolcon.colcon_core.verb[0m [1;30mLevel 5[0m set package 'dsr_moveit_config_m1013' build argument 'cmake_args' from command line to 'None'
[0.332s] [34mcolcon.colcon_core.verb[0m [1;30mLevel 5[0m set package 'dsr_moveit_config_m1013' build argument 'cmake_target' from command line to 'None'
[0.332s] [34mcolcon.colcon_core.verb[0m [1;30mLevel 5[0m set package 'dsr_moveit_config_m1013' build argument 'cmake_target_skip_unavailable' from command line to 'False'
[0.332s] [34mcolcon.colcon_core.verb[0m [1;30mLevel 5[0m set package 'dsr_moveit_config_m1013' build argument 'cmake_clean_cache' from command line to 'False'
[0.332s] [34mcolcon.colcon_core.verb[0m [1;30mLevel 5[0m set package 'dsr_moveit_config_m1013' build argument 'cmake_clean_first' from command line to 'False'
[0.332s] [34mcolcon.colcon_core.verb[0m [1;30mLevel 5[0m set package 'dsr_moveit_config_m1013' build argument 'cmake_force_configure' from command line to 'False'
[0.332s] [34mcolcon.colcon_core.verb[0m [1;30mLevel 5[0m set package 'dsr_moveit_config_m1013' build argument 'ament_cmake_args' from command line to 'None'
[0.332s] [34mcolcon.colcon_core.verb[0m [1;30mLevel 5[0m set package 'dsr_moveit_config_m1013' build argument 'catkin_cmake_args' from command line to 'None'
[0.332s] [34mcolcon.colcon_core.verb[0m [1;30mLevel 5[0m set package 'dsr_moveit_config_m1013' build argument 'catkin_skip_building_tests' from command line to 'False'
[0.332s] [34mcolcon.colcon_core.verb[0m [1;30mDEBUG[0m [32mBuilding package 'dsr_moveit_config_m1013' with the following arguments: {'ament_cmake_args': None, 'build_base': '/home/rokey/ros2_ws/build/dsr_moveit_config_m1013', 'catkin_cmake_args': None, 'catkin_skip_building_tests': False, 'cmake_args': None, 'cmake_clean_cache': False, 'cmake_clean_first': False, 'cmake_force_configure': False, 'cmake_target': None, 'cmake_target_skip_unavailable': False, 'install_base': '/home/rokey/ros2_ws/install/dsr_moveit_config_m1013', 'merge_install': False, 'path': '/home/rokey/ros2_ws/src/DoosanBootcamp3rd/dsr_moveit2/dsr_moveit_config_m1013', 'symlink_install': False, 'test_result_base': None}[0m
[0.332s] [34mcolcon.colcon_core.verb[0m [1;30mLevel 5[0m set package 'dsr_moveit_config_m1509' build argument 'cmake_args' from command line to 'None'
[0.332s] [34mcolcon.colcon_core.verb[0m [1;30mLevel 5[0m set package 'dsr_moveit_config_m1509' build argument 'cmake_target' from command line to 'None'
[0.332s] [34mcolcon.colcon_core.verb[0m [1;30mLevel 5[0m set package 'dsr_moveit_config_m1509' build argument 'cmake_target_skip_unavailable' from command line to 'False'
[0.332s] [34mcolcon.colcon_core.verb[0m [1;30mLevel 5[0m set package 'dsr_moveit_config_m1509' build argument 'cmake_clean_cache' from command line to 'False'
[0.332s] [34mcolcon.colcon_core.verb[0m [1;30mLevel 5[0m set package 'dsr_moveit_config_m1509' build argument 'cmake_clean_first' from command line to 'False'
[0.332s] [34mcolcon.colcon_core.verb[0m [1;30mLevel 5[0m set package 'dsr_moveit_config_m1509' build argument 'cmake_force_configure' from command line to 'False'
[0.332s] [34mcolcon.colcon_core.verb[0m [1;30mLevel 5[0m set package 'dsr_moveit_config_m1509' build argument 'ament_cmake_args' from command line to 'None'
[0.332s] [34mcolcon.colcon_core.verb[0m [1;30mLevel 5[0m set package 'dsr_moveit_config_m1509' build argument 'catkin_cmake_args' from command line to 'None'
[0.332s] [34mcolcon.colcon_core.verb[0m [1;30mLevel 5[0m set package 'dsr_moveit_config_m1509' build argument 'catkin_skip_building_tests' from command line to 'False'
[0.332s] [34mcolcon.colcon_core.verb[0m [1;30mDEBUG[0m [32mBuilding package 'dsr_moveit_config_m1509' with the following arguments: {'ament_cmake_args': None, 'build_base': '/home/rokey/ros2_ws/build/dsr_moveit_config_m1509', 'catkin_cmake_args': None, 'catkin_skip_building_tests': False, 'cmake_args': None, 'cmake_clean_cache': False, 'cmake_clean_first': False, 'cmake_force_configure': False, 'cmake_target': None, 'cmake_target_skip_unavailable': False, 'install_base': '/home/rokey/ros2_ws/install/dsr_moveit_config_m1509', 'merge_install': False, 'path': '/home/rokey/ros2_ws/src/DoosanBootcamp3rd/dsr_moveit2/dsr_moveit_config_m1509', 'symlink_install': False, 'test_result_base': None}[0m
[0.333s] [34mcolcon.colcon_core.verb[0m [1;30mLevel 5[0m set package 'dsr_moveit_config_p3020' build argument 'cmake_args' from command line to 'None'
[0.333s] [34mcolcon.colcon_core.verb[0m [1;30mLevel 5[0m set package 'dsr_moveit_config_p3020' build argument 'cmake_target' from command line to 'None'
[0.333s] [34mcolcon.colcon_core.verb[0m [1;30mLevel 5[0m set package 'dsr_moveit_config_p3020' build argument 'cmake_target_skip_unavailable' from command line to 'False'
[0.333s] [34mcolcon.colcon_core.verb[0m [1;30mLevel 5[0m set package 'dsr_moveit_config_p3020' build argument 'cmake_clean_cache' from command line to 'False'
[0.333s] [34mcolcon.colcon_core.verb[0m [1;30mLevel 5[0m set package 'dsr_moveit_config_p3020' build argument 'cmake_clean_first' from command line to 'False'
[0.333s] [34mcolcon.colcon_core.verb[0m [1;30mLevel 5[0m set package 'dsr_moveit_config_p3020' build argument 'cmake_force_configure' from command line to 'False'
[0.333s] [34mcolcon.colcon_core.verb[0m [1;30mLevel 5[0m set package 'dsr_moveit_config_p3020' build argument 'ament_cmake_args' from command line to 'None'
[0.333s] [34mcolcon.colcon_core.verb[0m [1;30mLevel 5[0m set package 'dsr_moveit_config_p3020' build argument 'catkin_cmake_args' from command line to 'None'
[0.333s] [34mcolcon.colcon_core.verb[0m [1;30mLevel 5[0m set package 'dsr_moveit_config_p3020' build argument 'catkin_skip_building_tests' from command line to 'False'
[0.333s] [34mcolcon.colcon_core.verb[0m [1;30mDEBUG[0m [32mBuilding package 'dsr_moveit_config_p3020' with the following arguments: {'ament_cmake_args': None, 'build_base': '/home/rokey/ros2_ws/build/dsr_moveit_config_p3020', 'catkin_cmake_args': None, 'catkin_skip_building_tests': False, 'cmake_args': None, 'cmake_clean_cache': False, 'cmake_clean_first': False, 'cmake_force_configure': False, 'cmake_target': None, 'cmake_target_skip_unavailable': False, 'install_base': '/home/rokey/ros2_ws/install/dsr_moveit_config_p3020', 'merge_install': False, 'path': '/home/rokey/ros2_ws/src/DoosanBootcamp3rd/dsr_moveit2/dsr_moveit_config_p3020', 'symlink_install': False, 'test_result_base': None}[0m
[0.333s] [34mcolcon.colcon_core.verb[0m [1;30mLevel 5[0m set package 'dsr_msgs2' build argument 'cmake_args' from command line to 'None'
[0.333s] [34mcolcon.colcon_core.verb[0m [1;30mLevel 5[0m set package 'dsr_msgs2' build argument 'cmake_target' from command line to 'None'
[0.333s] [34mcolcon.colcon_core.verb[0m [1;30mLevel 5[0m set package 'dsr_msgs2' build argument 'cmake_target_skip_unavailable' from command line to 'False'
[0.333s] [34mcolcon.colcon_core.verb[0m [1;30mLevel 5[0m set package 'dsr_msgs2' build argument 'cmake_clean_cache' from command line to 'False'
[0.333s] [34mcolcon.colcon_core.verb[0m [1;30mLevel 5[0m set package 'dsr_msgs2' build argument 'cmake_clean_first' from command line to 'False'
[0.333s] [34mcolcon.colcon_core.verb[0m [1;30mLevel 5[0m set package 'dsr_msgs2' build argument 'cmake_force_configure' from command line to 'False'
[0.333s] [34mcolcon.colcon_core.verb[0m [1;30mLevel 5[0m set package 'dsr_msgs2' build argument 'ament_cmake_args' from command line to 'None'
[0.333s] [34mcolcon.colcon_core.verb[0m [1;30mLevel 5[0m set package 'dsr_msgs2' build argument 'catkin_cmake_args' from command line to 'None'
[0.333s] [34mcolcon.colcon_core.verb[0m [1;30mLevel 5[0m set package 'dsr_msgs2' build argument 'catkin_skip_building_tests' from command line to 'False'
[0.333s] [34mcolcon.colcon_core.verb[0m [1;30mDEBUG[0m [32mBuilding package 'dsr_msgs2' with the following arguments: {'ament_cmake_args': None, 'build_base': '/home/rokey/ros2_ws/build/dsr_msgs2', 'catkin_cmake_args': None, 'catkin_skip_building_tests': False, 'cmake_args': None, 'cmake_clean_cache': False, 'cmake_clean_first': False, 'cmake_force_configure': False, 'cmake_target': None, 'cmake_target_skip_unavailable': False, 'install_base': '/home/rokey/ros2_ws/install/dsr_msgs2', 'merge_install': False, 'path': '/home/rokey/ros2_ws/src/DoosanBootcamp3rd/dsr_msgs2', 'symlink_install': False, 'test_result_base': None}[0m
[0.333s] [34mcolcon.colcon_core.verb[0m [1;30mLevel 5[0m set package 'dsr_visualservoing' build argument 'cmake_args' from command line to 'None'
[0.333s] [34mcolcon.colcon_core.verb[0m [1;30mLevel 5[0m set package 'dsr_visualservoing' build argument 'cmake_target' from command line to 'None'
[0.333s] [34mcolcon.colcon_core.verb[0m [1;30mLevel 5[0m set package 'dsr_visualservoing' build argument 'cmake_target_skip_unavailable' from command line to 'False'
[0.333s] [34mcolcon.colcon_core.verb[0m [1;30mLevel 5[0m set package 'dsr_visualservoing' build argument 'cmake_clean_cache' from command line to 'False'
[0.333s] [34mcolcon.colcon_core.verb[0m [1;30mLevel 5[0m set package 'dsr_visualservoing' build argument 'cmake_clean_first' from command line to 'False'
[0.333s] [34mcolcon.colcon_core.verb[0m [1;30mLevel 5[0m set package 'dsr_visualservoing' build argument 'cmake_force_configure' from command line to 'False'
[0.333s] [34mcolcon.colcon_core.verb[0m [1;30mLevel 5[0m set package 'dsr_visualservoing' build argument 'ament_cmake_args' from command line to 'None'
[0.333s] [34mcolcon.colcon_core.verb[0m [1;30mLevel 5[0m set package 'dsr_visualservoing' build argument 'catkin_cmake_args' from command line to 'None'
[0.333s] [34mcolcon.colcon_core.verb[0m [1;30mLevel 5[0m set package 'dsr_visualservoing' build argument 'catkin_skip_building_tests' from command line to 'False'
[0.333s] [34mcolcon.colcon_core.verb[0m [1;30mDEBUG[0m [32mBuilding package 'dsr_visualservoing' with the following arguments: {'ament_cmake_args': None, 'build_base': '/home/rokey/ros2_ws/build/dsr_visualservoing', 'catkin_cmake_args': None, 'catkin_skip_building_tests': False, 'cmake_args': None, 'cmake_clean_cache': False, 'cmake_clean_first': False, 'cmake_force_configure': False, 'cmake_target': None, 'cmake_target_skip_unavailable': False, 'install_base': '/home/rokey/ros2_ws/install/dsr_visualservoing', 'merge_install': False, 'path': '/home/rokey/ros2_ws/src/DoosanBootcamp3rd/dsr_example2/dsr_visualservoing', 'symlink_install': False, 'test_result_base': None}[0m
[0.334s] [34mcolcon.colcon_core.verb[0m [1;30mLevel 5[0m set package 'od_msg' build argument 'cmake_args' from command line to 'None'
[0.334s] [34mcolcon.colcon_core.verb[0m [1;30mLevel 5[0m set package 'od_msg' build argument 'cmake_target' from command line to 'None'
[0.334s] [34mcolcon.colcon_core.verb[0m [1;30mLevel 5[0m set package 'od_msg' build argument 'cmake_target_skip_unavailable' from command line to 'False'
[0.334s] [34mcolcon.colcon_core.verb[0m [1;30mLevel 5[0m set package 'od_msg' build argument 'cmake_clean_cache' from command line to 'False'
[0.334s] [34mcolcon.colcon_core.verb[0m [1;30mLevel 5[0m set package 'od_msg' build argument 'cmake_clean_first' from command line to 'False'
[0.334s] [34mcolcon.colcon_core.verb[0m [1;30mLevel 5[0m set package 'od_msg' build argument 'cmake_force_configure' from command line to 'False'
[0.334s] [34mcolcon.colcon_core.verb[0m [1;30mLevel 5[0m set package 'od_msg' build argument 'ament_cmake_args' from command line to 'None'
[0.334s] [34mcolcon.colcon_core.verb[0m [1;30mLevel 5[0m set package 'od_msg' build argument 'catkin_cmake_args' from command line to 'None'
[0.334s] [34mcolcon.colcon_core.verb[0m [1;30mLevel 5[0m set package 'od_msg' build argument 'catkin_skip_building_tests' from command line to 'False'
[0.334s] [34mcolcon.colcon_core.verb[0m [1;30mDEBUG[0m [32mBuilding package 'od_msg' with the following arguments: {'ament_cmake_args': None, 'build_base': '/home/rokey/ros2_ws/build/od_msg', 'catkin_cmake_args': None, 'catkin_skip_building_tests': False, 'cmake_args': None, 'cmake_clean_cache': False, 'cmake_clean_first': False, 'cmake_force_configure': False, 'cmake_target': None, 'cmake_target_skip_unavailable': False, 'install_base': '/home/rokey/ros2_ws/install/od_msg', 'merge_install': False, 'path': '/home/rokey/ros2_ws/src/DoosanBootcamp3rd/dsr_rokey/od_msg', 'symlink_install': False, 'test_result_base': None}[0m
[0.334s] [34mcolcon.colcon_core.verb[0m [1;30mLevel 5[0m set package 'pick_and_place_text' build argument 'cmake_args' from command line to 'None'
[0.334s] [34mcolcon.colcon_core.verb[0m [1;30mLevel 5[0m set package 'pick_and_place_text' build argument 'cmake_target' from command line to 'None'
[0.334s] [34mcolcon.colcon_core.verb[0m [1;30mLevel 5[0m set package 'pick_and_place_text' build argument 'cmake_target_skip_unavailable' from command line to 'False'
[0.334s] [34mcolcon.colcon_core.verb[0m [1;30mLevel 5[0m set package 'pick_and_place_text' build argument 'cmake_clean_cache' from command line to 'False'
[0.334s] [34mcolcon.colcon_core.verb[0m [1;30mLevel 5[0m set package 'pick_and_place_text' build argument 'cmake_clean_first' from command line to 'False'
[0.334s] [34mcolcon.colcon_core.verb[0m [1;30mLevel 5[0m set package 'pick_and_place_text' build argument 'cmake_force_configure' from command line to 'False'
[0.334s] [34mcolcon.colcon_core.verb[0m [1;30mLevel 5[0m set package 'pick_and_place_text' build argument 'ament_cmake_args' from command line to 'None'
[0.334s] [34mcolcon.colcon_core.verb[0m [1;30mLevel 5[0m set package 'pick_and_place_text' build argument 'catkin_cmake_args' from command line to 'None'
[0.334s] [34mcolcon.colcon_core.verb[0m [1;30mLevel 5[0m set package 'pick_and_place_text' build argument 'catkin_skip_building_tests' from command line to 'False'
[0.334s] [34mcolcon.colcon_core.verb[0m [1;30mDEBUG[0m [32mBuilding package 'pick_and_place_text' with the following arguments: {'ament_cmake_args': None, 'build_base': '/home/rokey/ros2_ws/build/pick_and_place_text', 'catkin_cmake_args': None, 'catkin_skip_building_tests': False, 'cmake_args': None, 'cmake_clean_cache': False, 'cmake_clean_first': False, 'cmake_force_configure': False, 'cmake_target': None, 'cmake_target_skip_unavailable': False, 'install_base': '/home/rokey/ros2_ws/install/pick_and_place_text', 'merge_install': False, 'path': '/home/rokey/ros2_ws/src/DoosanBootcamp3rd/dsr_rokey/pick_and_place_text', 'symlink_install': False, 'test_result_base': None}[0m
[0.334s] [34mcolcon.colcon_core.verb[0m [1;30mLevel 5[0m set package 'pick_and_place_voice' build argument 'cmake_args' from command line to 'None'
[0.334s] [34mcolcon.colcon_core.verb[0m [1;30mLevel 5[0m set package 'pick_and_place_voice' build argument 'cmake_target' from command line to 'None'
[0.334s] [34mcolcon.colcon_core.verb[0m [1;30mLevel 5[0m set package 'pick_and_place_voice' build argument 'cmake_target_skip_unavailable' from command line to 'False'
[0.334s] [34mcolcon.colcon_core.verb[0m [1;30mLevel 5[0m set package 'pick_and_place_voice' build argument 'cmake_clean_cache' from command line to 'False'
[0.334s] [34mcolcon.colcon_core.verb[0m [1;30mLevel 5[0m set package 'pick_and_place_voice' build argument 'cmake_clean_first' from command line to 'False'
[0.334s] [34mcolcon.colcon_core.verb[0m [1;30mLevel 5[0m set package 'pick_and_place_voice' build argument 'cmake_force_configure' from command line to 'False'
[0.334s] [34mcolcon.colcon_core.verb[0m [1;30mLevel 5[0m set package 'pick_and_place_voice' build argument 'ament_cmake_args' from command line to 'None'
[0.334s] [34mcolcon.colcon_core.verb[0m [1;30mLevel 5[0m set package 'pick_and_place_voice' build argument 'catkin_cmake_args' from command line to 'None'
[0.334s] [34mcolcon.colcon_core.verb[0m [1;30mLevel 5[0m set package 'pick_and_place_voice' build argument 'catkin_skip_building_tests' from command line to 'False'
[0.334s] [34mcolcon.colcon_core.verb[0m [1;30mDEBUG[0m [32mBuilding package 'pick_and_place_voice' with the following arguments: {'ament_cmake_args': None, 'build_base': '/home/rokey/ros2_ws/build/pick_and_place_voice', 'catkin_cmake_args': None, 'catkin_skip_building_tests': False, 'cmake_args': None, 'cmake_clean_cache': False, 'cmake_clean_first': False, 'cmake_force_configure': False, 'cmake_target': None, 'cmake_target_skip_unavailable': False, 'install_base': '/home/rokey/ros2_ws/install/pick_and_place_voice', 'merge_install': False, 'path': '/home/rokey/ros2_ws/src/DoosanBootcamp3rd/dsr_rokey/pick_and_place_voice', 'symlink_install': False, 'test_result_base': None}[0m
[0.335s] [34mcolcon.colcon_core.verb[0m [1;30mLevel 5[0m set package 'rokey' build argument 'cmake_args' from command line to 'None'
[0.335s] [34mcolcon.colcon_core.verb[0m [1;30mLevel 5[0m set package 'rokey' build argument 'cmake_target' from command line to 'None'
[0.335s] [34mcolcon.colcon_core.verb[0m [1;30mLevel 5[0m set package 'rokey' build argument 'cmake_target_skip_unavailable' from command line to 'False'
[0.335s] [34mcolcon.colcon_core.verb[0m [1;30mLevel 5[0m set package 'rokey' build argument 'cmake_clean_cache' from command line to 'False'
[0.335s] [34mcolcon.colcon_core.verb[0m [1;30mLevel 5[0m set package 'rokey' build argument 'cmake_clean_first' from command line to 'False'
[0.335s] [34mcolcon.colcon_core.verb[0m [1;30mLevel 5[0m set package 'rokey' build argument 'cmake_force_configure' from command line to 'False'
[0.335s] [34mcolcon.colcon_core.verb[0m [1;30mLevel 5[0m set package 'rokey' build argument 'ament_cmake_args' from command line to 'None'
[0.335s] [34mcolcon.colcon_core.verb[0m [1;30mLevel 5[0m set package 'rokey' build argument 'catkin_cmake_args' from command line to 'None'
[0.335s] [34mcolcon.colcon_core.verb[0m [1;30mLevel 5[0m set package 'rokey' build argument 'catkin_skip_building_tests' from command line to 'False'
[0.335s] [34mcolcon.colcon_core.verb[0m [1;30mDEBUG[0m [32mBuilding package 'rokey' with the following arguments: {'ament_cmake_args': None, 'build_base': '/home/rokey/ros2_ws/build/rokey', 'catkin_cmake_args': None, 'catkin_skip_building_tests': False, 'cmake_args': None, 'cmake_clean_cache': False, 'cmake_clean_first': False, 'cmake_force_configure': False, 'cmake_target': None, 'cmake_target_skip_unavailable': False, 'install_base': '/home/rokey/ros2_ws/install/rokey', 'merge_install': False, 'path': '/home/rokey/ros2_ws/src/DoosanBootcamp3rd/dsr_rokey/rokey', 'symlink_install': False, 'test_result_base': None}[0m
[0.335s] [34mcolcon.colcon_core.verb[0m [1;30mLevel 5[0m set package 'dsr_bringup2' build argument 'cmake_args' from command line to 'None'
[0.335s] [34mcolcon.colcon_core.verb[0m [1;30mLevel 5[0m set package 'dsr_bringup2' build argument 'cmake_target' from command line to 'None'
[0.335s] [34mcolcon.colcon_core.verb[0m [1;30mLevel 5[0m set package 'dsr_bringup2' build argument 'cmake_target_skip_unavailable' from command line to 'False'
[0.335s] [34mcolcon.colcon_core.verb[0m [1;30mLevel 5[0m set package 'dsr_bringup2' build argument 'cmake_clean_cache' from command line to 'False'
[0.335s] [34mcolcon.colcon_core.verb[0m [1;30mLevel 5[0m set package 'dsr_bringup2' build argument 'cmake_clean_first' from command line to 'False'
[0.335s] [34mcolcon.colcon_core.verb[0m [1;30mLevel 5[0m set package 'dsr_bringup2' build argument 'cmake_force_configure' from command line to 'False'
[0.335s] [34mcolcon.colcon_core.verb[0m [1;30mLevel 5[0m set package 'dsr_bringup2' build argument 'ament_cmake_args' from command line to 'None'
[0.335s] [34mcolcon.colcon_core.verb[0m [1;30mLevel 5[0m set package 'dsr_bringup2' build argument 'catkin_cmake_args' from command line to 'None'
[0.335s] [34mcolcon.colcon_core.verb[0m [1;30mLevel 5[0m set package 'dsr_bringup2' build argument 'catkin_skip_building_tests' from command line to 'False'
[0.335s] [34mcolcon.colcon_core.verb[0m [1;30mDEBUG[0m [32mBuilding package 'dsr_bringup2' with the following arguments: {'ament_cmake_args': None, 'build_base': '/home/rokey/ros2_ws/build/dsr_bringup2', 'catkin_cmake_args': None, 'catkin_skip_building_tests': False, 'cmake_args': None, 'cmake_clean_cache': False, 'cmake_clean_first': False, 'cmake_force_configure': False, 'cmake_target': None, 'cmake_target_skip_unavailable': False, 'install_base': '/home/rokey/ros2_ws/install/dsr_bringup2', 'merge_install': False, 'path': '/home/rokey/ros2_ws/src/DoosanBootcamp3rd/dsr_bringup2', 'symlink_install': False, 'test_result_base': None}[0m
[0.335s] [34mcolcon.colcon_core.verb[0m [1;30mLevel 5[0m set package 'dsr_example' build argument 'cmake_args' from command line to 'None'
[0.335s] [34mcolcon.colcon_core.verb[0m [1;30mLevel 5[0m set package 'dsr_example' build argument 'cmake_target' from command line to 'None'
[0.335s] [34mcolcon.colcon_core.verb[0m [1;30mLevel 5[0m set package 'dsr_example' build argument 'cmake_target_skip_unavailable' from command line to 'False'
[0.335s] [34mcolcon.colcon_core.verb[0m [1;30mLevel 5[0m set package 'dsr_example' build argument 'cmake_clean_cache' from command line to 'False'
[0.335s] [34mcolcon.colcon_core.verb[0m [1;30mLevel 5[0m set package 'dsr_example' build argument 'cmake_clean_first' from command line to 'False'
[0.335s] [34mcolcon.colcon_core.verb[0m [1;30mLevel 5[0m set package 'dsr_example' build argument 'cmake_force_configure' from command line to 'False'
[0.335s] [34mcolcon.colcon_core.verb[0m [1;30mLevel 5[0m set package 'dsr_example' build argument 'ament_cmake_args' from command line to 'None'
[0.335s] [34mcolcon.colcon_core.verb[0m [1;30mLevel 5[0m set package 'dsr_example' build argument 'catkin_cmake_args' from command line to 'None'
[0.335s] [34mcolcon.colcon_core.verb[0m [1;30mLevel 5[0m set package 'dsr_example' build argument 'catkin_skip_building_tests' from command line to 'False'
[0.335s] [34mcolcon.colcon_core.verb[0m [1;30mDEBUG[0m [32mBuilding package 'dsr_example' with the following arguments: {'ament_cmake_args': None, 'build_base': '/home/rokey/ros2_ws/build/dsr_example', 'catkin_cmake_args': None, 'catkin_skip_building_tests': False, 'cmake_args': None, 'cmake_clean_cache': False, 'cmake_clean_first': False, 'cmake_force_configure': False, 'cmake_target': None, 'cmake_target_skip_unavailable': False, 'install_base': '/home/rokey/ros2_ws/install/dsr_example', 'merge_install': False, 'path': '/home/rokey/ros2_ws/src/DoosanBootcamp3rd/dsr_example2/dsr_example', 'symlink_install': False, 'test_result_base': None}[0m
[0.336s] [34mcolcon.colcon_core.verb[0m [1;30mLevel 5[0m set package 'dsr_gazebo2' build argument 'cmake_args' from command line to 'None'
[0.336s] [34mcolcon.colcon_core.verb[0m [1;30mLevel 5[0m set package 'dsr_gazebo2' build argument 'cmake_target' from command line to 'None'
[0.336s] [34mcolcon.colcon_core.verb[0m [1;30mLevel 5[0m set package 'dsr_gazebo2' build argument 'cmake_target_skip_unavailable' from command line to 'False'
[0.336s] [34mcolcon.colcon_core.verb[0m [1;30mLevel 5[0m set package 'dsr_gazebo2' build argument 'cmake_clean_cache' from command line to 'False'
[0.336s] [34mcolcon.colcon_core.verb[0m [1;30mLevel 5[0m set package 'dsr_gazebo2' build argument 'cmake_clean_first' from command line to 'False'
[0.336s] [34mcolcon.colcon_core.verb[0m [1;30mLevel 5[0m set package 'dsr_gazebo2' build argument 'cmake_force_configure' from command line to 'False'
[0.336s] [34mcolcon.colcon_core.verb[0m [1;30mLevel 5[0m set package 'dsr_gazebo2' build argument 'ament_cmake_args' from command line to 'None'
[0.336s] [34mcolcon.colcon_core.verb[0m [1;30mLevel 5[0m set package 'dsr_gazebo2' build argument 'catkin_cmake_args' from command line to 'None'
[0.336s] [34mcolcon.colcon_core.verb[0m [1;30mLevel 5[0m set package 'dsr_gazebo2' build argument 'catkin_skip_building_tests' from command line to 'False'
[0.336s] [34mcolcon.colcon_core.verb[0m [1;30mDEBUG[0m [32mBuilding package 'dsr_gazebo2' with the following arguments: {'ament_cmake_args': None, 'build_base': '/home/rokey/ros2_ws/build/dsr_gazebo2', 'catkin_cmake_args': None, 'catkin_skip_building_tests': False, 'cmake_args': None, 'cmake_clean_cache': False, 'cmake_clean_first': False, 'cmake_force_configure': False, 'cmake_target': None, 'cmake_target_skip_unavailable': False, 'install_base': '/home/rokey/ros2_ws/install/dsr_gazebo2', 'merge_install': False, 'path': '/home/rokey/ros2_ws/src/DoosanBootcamp3rd/dsr_gazebo2', 'symlink_install': False, 'test_result_base': None}[0m
[0.336s] [34mcolcon.colcon_core.verb[0m [1;30mLevel 5[0m set package 'dsr_hardware2' build argument 'cmake_args' from command line to 'None'
[0.336s] [34mcolcon.colcon_core.verb[0m [1;30mLevel 5[0m set package 'dsr_hardware2' build argument 'cmake_target' from command line to 'None'
[0.336s] [34mcolcon.colcon_core.verb[0m [1;30mLevel 5[0m set package 'dsr_hardware2' build argument 'cmake_target_skip_unavailable' from command line to 'False'
[0.336s] [34mcolcon.colcon_core.verb[0m [1;30mLevel 5[0m set package 'dsr_hardware2' build argument 'cmake_clean_cache' from command line to 'False'
[0.336s] [34mcolcon.colcon_core.verb[0m [1;30mLevel 5[0m set package 'dsr_hardware2' build argument 'cmake_clean_first' from command line to 'False'
[0.336s] [34mcolcon.colcon_core.verb[0m [1;30mLevel 5[0m set package 'dsr_hardware2' build argument 'cmake_force_configure' from command line to 'False'
[0.336s] [34mcolcon.colcon_core.verb[0m [1;30mLevel 5[0m set package 'dsr_hardware2' build argument 'ament_cmake_args' from command line to 'None'
[0.336s] [34mcolcon.colcon_core.verb[0m [1;30mLevel 5[0m set package 'dsr_hardware2' build argument 'catkin_cmake_args' from command line to 'None'
[0.336s] [34mcolcon.colcon_core.verb[0m [1;30mLevel 5[0m set package 'dsr_hardware2' build argument 'catkin_skip_building_tests' from command line to 'False'
[0.336s] [34mcolcon.colcon_core.verb[0m [1;30mDEBUG[0m [32mBuilding package 'dsr_hardware2' with the following arguments: {'ament_cmake_args': None, 'build_base': '/home/rokey/ros2_ws/build/dsr_hardware2', 'catkin_cmake_args': None, 'catkin_skip_building_tests': False, 'cmake_args': None, 'cmake_clean_cache': False, 'cmake_clean_first': False, 'cmake_force_configure': False, 'cmake_target': None, 'cmake_target_skip_unavailable': False, 'install_base': '/home/rokey/ros2_ws/install/dsr_hardware2', 'merge_install': False, 'path': '/home/rokey/ros2_ws/src/DoosanBootcamp3rd/dsr_hardware2', 'symlink_install': False, 'test_result_base': None}[0m
[0.336s] [34mcolcon.colcon_core.verb[0m [1;30mLevel 5[0m set package 'dsr_realtime_control' build argument 'cmake_args' from command line to 'None'
[0.336s] [34mcolcon.colcon_core.verb[0m [1;30mLevel 5[0m set package 'dsr_realtime_control' build argument 'cmake_target' from command line to 'None'
[0.336s] [34mcolcon.colcon_core.verb[0m [1;30mLevel 5[0m set package 'dsr_realtime_control' build argument 'cmake_target_skip_unavailable' from command line to 'False'
[0.336s] [34mcolcon.colcon_core.verb[0m [1;30mLevel 5[0m set package 'dsr_realtime_control' build argument 'cmake_clean_cache' from command line to 'False'
[0.336s] [34mcolcon.colcon_core.verb[0m [1;30mLevel 5[0m set package 'dsr_realtime_control' build argument 'cmake_clean_first' from command line to 'False'
[0.336s] [34mcolcon.colcon_core.verb[0m [1;30mLevel 5[0m set package 'dsr_realtime_control' build argument 'cmake_force_configure' from command line to 'False'
[0.336s] [34mcolcon.colcon_core.verb[0m [1;30mLevel 5[0m set package 'dsr_realtime_control' build argument 'ament_cmake_args' from command line to 'None'
[0.336s] [34mcolcon.colcon_core.verb[0m [1;30mLevel 5[0m set package 'dsr_realtime_control' build argument 'catkin_cmake_args' from command line to 'None'
[0.336s] [34mcolcon.colcon_core.verb[0m [1;30mLevel 5[0m set package 'dsr_realtime_control' build argument 'catkin_skip_building_tests' from command line to 'False'
[0.336s] [34mcolcon.colcon_core.verb[0m [1;30mDEBUG[0m [32mBuilding package 'dsr_realtime_control' with the following arguments: {'ament_cmake_args': None, 'build_base': '/home/rokey/ros2_ws/build/dsr_realtime_control', 'catkin_cmake_args': None, 'catkin_skip_building_tests': False, 'cmake_args': None, 'cmake_clean_cache': False, 'cmake_clean_first': False, 'cmake_force_configure': False, 'cmake_target': None, 'cmake_target_skip_unavailable': False, 'install_base': '/home/rokey/ros2_ws/install/dsr_realtime_control', 'merge_install': False, 'path': '/home/rokey/ros2_ws/src/DoosanBootcamp3rd/dsr_example2/dsr_realtime_control', 'symlink_install': False, 'test_result_base': None}[0m
[0.336s] [34mcolcon.colcon_core.verb[0m [1;30mLevel 5[0m set package 'dsr_tests' build argument 'cmake_args' from command line to 'None'
[0.337s] [34mcolcon.colcon_core.verb[0m [1;30mLevel 5[0m set package 'dsr_tests' build argument 'cmake_target' from command line to 'None'
[0.337s] [34mcolcon.colcon_core.verb[0m [1;30mLevel 5[0m set package 'dsr_tests' build argument 'cmake_target_skip_unavailable' from command line to 'False'
[0.337s] [34mcolcon.colcon_core.verb[0m [1;30mLevel 5[0m set package 'dsr_tests' build argument 'cmake_clean_cache' from command line to 'False'
[0.337s] [34mcolcon.colcon_core.verb[0m [1;30mLevel 5[0m set package 'dsr_tests' build argument 'cmake_clean_first' from command line to 'False'
[0.337s] [34mcolcon.colcon_core.verb[0m [1;30mLevel 5[0m set package 'dsr_tests' build argument 'cmake_force_configure' from command line to 'False'
[0.337s] [34mcolcon.colcon_core.verb[0m [1;30mLevel 5[0m set package 'dsr_tests' build argument 'ament_cmake_args' from command line to 'None'
[0.337s] [34mcolcon.colcon_core.verb[0m [1;30mLevel 5[0m set package 'dsr_tests' build argument 'catkin_cmake_args' from command line to 'None'
[0.337s] [34mcolcon.colcon_core.verb[0m [1;30mLevel 5[0m set package 'dsr_tests' build argument 'catkin_skip_building_tests' from command line to 'False'
[0.337s] [34mcolcon.colcon_core.verb[0m [1;30mDEBUG[0m [32mBuilding package 'dsr_tests' with the following arguments: {'ament_cmake_args': None, 'build_base': '/home/rokey/ros2_ws/build/dsr_tests', 'catkin_cmake_args': None, 'catkin_skip_building_tests': False, 'cmake_args': None, 'cmake_clean_cache': False, 'cmake_clean_first': False, 'cmake_force_configure': False, 'cmake_target': None, 'cmake_target_skip_unavailable': False, 'install_base': '/home/rokey/ros2_ws/install/dsr_tests', 'merge_install': False, 'path': '/home/rokey/ros2_ws/src/DoosanBootcamp3rd/dsr_tests', 'symlink_install': False, 'test_result_base': None}[0m
[0.337s] [34mcolcon.colcon_core.verb[0m [1;30mLevel 5[0m set package 'dsr_controller2' build argument 'cmake_args' from command line to 'None'
[0.337s] [34mcolcon.colcon_core.verb[0m [1;30mLevel 5[0m set package 'dsr_controller2' build argument 'cmake_target' from command line to 'None'
[0.337s] [34mcolcon.colcon_core.verb[0m [1;30mLevel 5[0m set package 'dsr_controller2' build argument 'cmake_target_skip_unavailable' from command line to 'False'
[0.337s] [34mcolcon.colcon_core.verb[0m [1;30mLevel 5[0m set package 'dsr_controller2' build argument 'cmake_clean_cache' from command line to 'False'
[0.337s] [34mcolcon.colcon_core.verb[0m [1;30mLevel 5[0m set package 'dsr_controller2' build argument 'cmake_clean_first' from command line to 'False'
[0.337s] [34mcolcon.colcon_core.verb[0m [1;30mLevel 5[0m set package 'dsr_controller2' build argument 'cmake_force_configure' from command line to 'False'
[0.337s] [34mcolcon.colcon_core.verb[0m [1;30mLevel 5[0m set package 'dsr_controller2' build argument 'ament_cmake_args' from command line to 'None'
[0.337s] [34mcolcon.colcon_core.verb[0m [1;30mLevel 5[0m set package 'dsr_controller2' build argument 'catkin_cmake_args' from command line to 'None'
[0.337s] [34mcolcon.colcon_core.verb[0m [1;30mLevel 5[0m set package 'dsr_controller2' build argument 'catkin_skip_building_tests' from command line to 'False'
[0.337s] [34mcolcon.colcon_core.verb[0m [1;30mDEBUG[0m [32mBuilding package 'dsr_controller2' with the following arguments: {'ament_cmake_args': None, 'build_base': '/home/rokey/ros2_ws/build/dsr_controller2', 'catkin_cmake_args': None, 'catkin_skip_building_tests': False, 'cmake_args': None, 'cmake_clean_cache': False, 'cmake_clean_first': False, 'cmake_force_configure': False, 'cmake_target': None, 'cmake_target_skip_unavailable': False, 'install_base': '/home/rokey/ros2_ws/install/dsr_controller2', 'merge_install': False, 'path': '/home/rokey/ros2_ws/src/DoosanBootcamp3rd/dsr_controller2', 'symlink_install': False, 'test_result_base': None}[0m
[0.337s] [34mcolcon.colcon_core.executor[0m [1;30mINFO[0m Executing jobs using 'parallel' executor
[0.338s] [34mcolcon.colcon_parallel_executor.executor.parallel[0m [1;30mDEBUG[0m [32mrun_until_complete[0m
[0.338s] [34mcolcon.colcon_ros.task.ament_cmake.build[0m [1;30mINFO[0m Building ROS package in '/home/rokey/ros2_ws/src/DoosanBootcamp3rd/dsr_msgs2' with build type 'ament_cmake'
[0.338s] [34mcolcon.colcon_cmake.task.cmake.build[0m [1;30mINFO[0m Building CMake package in '/home/rokey/ros2_ws/src/DoosanBootcamp3rd/dsr_msgs2'
[0.342s] [34mcolcon.colcon_core.plugin_system[0m [1;30mINFO[0m Skipping extension 'colcon_core.shell.bat': Not used on non-Windows systems
[0.342s] [34mcolcon.colcon_core.shell[0m [1;30mINFO[0m Skip shell extension 'powershell' for command environment: Not usable outside of PowerShell
[0.342s] [34mcolcon.colcon_core.shell[0m [1;30mDEBUG[0m [32mSkip shell extension 'dsv' for command environment[0m
[0.345s] [34mcolcon.colcon_ros.task.ament_cmake.build[0m [1;30mINFO[0m Building ROS package in '/home/rokey/ros2_ws/src/DoosanBootcamp3rd/dsr_common2' with build type 'ament_cmake'
[0.346s] [34mcolcon.colcon_cmake.task.cmake.build[0m [1;30mINFO[0m Building CMake package in '/home/rokey/ros2_ws/src/DoosanBootcamp3rd/dsr_common2'
[0.346s] [34mcolcon.colcon_core.shell[0m [1;30mINFO[0m Skip shell extension 'powershell' for command environment: Not usable outside of PowerShell
[0.346s] [34mcolcon.colcon_core.shell[0m [1;30mDEBUG[0m [32mSkip shell extension 'dsv' for command environment[0m
[0.349s] [34mcolcon.colcon_ros.task.ament_cmake.build[0m [1;30mINFO[0m Building ROS package in '/home/rokey/ros2_ws/src/DoosanBootcamp3rd/dsr_description2' with build type 'ament_cmake'
[0.349s] [34mcolcon.colcon_cmake.task.cmake.build[0m [1;30mINFO[0m Building CMake package in '/home/rokey/ros2_ws/src/DoosanBootcamp3rd/dsr_description2'
[0.349s] [34mcolcon.colcon_core.shell[0m [1;30mINFO[0m Skip shell extension 'powershell' for command environment: Not usable outside of PowerShell
[0.349s] [34mcolcon.colcon_core.shell[0m [1;30mDEBUG[0m [32mSkip shell extension 'dsv' for command environment[0m
[0.352s] [34mcolcon.colcon_ros.task.ament_cmake.build[0m [1;30mINFO[0m Building ROS package in '/home/rokey/ros2_ws/src/DoosanBootcamp3rd/dsr_moveit2/dsr_moveit_config_a0509' with build type 'ament_cmake'
[0.352s] [34mcolcon.colcon_cmake.task.cmake.build[0m [1;30mINFO[0m Building CMake package in '/home/rokey/ros2_ws/src/DoosanBootcamp3rd/dsr_moveit2/dsr_moveit_config_a0509'
[0.352s] [34mcolcon.colcon_core.shell[0m [1;30mINFO[0m Skip shell extension 'powershell' for command environment: Not usable outside of PowerShell
[0.352s] [34mcolcon.colcon_core.shell[0m [1;30mDEBUG[0m [32mSkip shell extension 'dsv' for command environment[0m
[0.354s] [34mcolcon.colcon_ros.task.ament_cmake.build[0m [1;30mINFO[0m Building ROS package in '/home/rokey/ros2_ws/src/DoosanBootcamp3rd/dsr_moveit2/dsr_moveit_config_a0912' with build type 'ament_cmake'
[0.354s] [34mcolcon.colcon_cmake.task.cmake.build[0m [1;30mINFO[0m Building CMake package in '/home/rokey/ros2_ws/src/DoosanBootcamp3rd/dsr_moveit2/dsr_moveit_config_a0912'
[0.354s] [34mcolcon.colcon_core.shell[0m [1;30mINFO[0m Skip shell extension 'powershell' for command environment: Not usable outside of PowerShell
[0.354s] [34mcolcon.colcon_core.shell[0m [1;30mDEBUG[0m [32mSkip shell extension 'dsv' for command environment[0m
[0.356s] [34mcolcon.colcon_ros.task.ament_cmake.build[0m [1;30mINFO[0m Building ROS package in '/home/rokey/ros2_ws/src/DoosanBootcamp3rd/dsr_moveit2/dsr_moveit_config_e0509' with build type 'ament_cmake'
[0.356s] [34mcolcon.colcon_cmake.task.cmake.build[0m [1;30mINFO[0m Building CMake package in '/home/rokey/ros2_ws/src/DoosanBootcamp3rd/dsr_moveit2/dsr_moveit_config_e0509'
[0.356s] [34mcolcon.colcon_core.shell[0m [1;30mINFO[0m Skip shell extension 'powershell' for command environment: Not usable outside of PowerShell
[0.356s] [34mcolcon.colcon_core.shell[0m [1;30mDEBUG[0m [32mSkip shell extension 'dsv' for command environment[0m
[0.358s] [34mcolcon.colcon_ros.task.ament_cmake.build[0m [1;30mINFO[0m Building ROS package in '/home/rokey/ros2_ws/src/DoosanBootcamp3rd/dsr_moveit2/dsr_moveit_config_h2017' with build type 'ament_cmake'
[0.358s] [34mcolcon.colcon_cmake.task.cmake.build[0m [1;30mINFO[0m Building CMake package in '/home/rokey/ros2_ws/src/DoosanBootcamp3rd/dsr_moveit2/dsr_moveit_config_h2017'
[0.358s] [34mcolcon.colcon_core.shell[0m [1;30mINFO[0m Skip shell extension 'powershell' for command environment: Not usable outside of PowerShell
[0.358s] [34mcolcon.colcon_core.shell[0m [1;30mDEBUG[0m [32mSkip shell extension 'dsv' for command environment[0m
[0.360s] [34mcolcon.colcon_ros.task.ament_cmake.build[0m [1;30mINFO[0m Building ROS package in '/home/rokey/ros2_ws/src/DoosanBootcamp3rd/dsr_moveit2/dsr_moveit_config_h2515' with build type 'ament_cmake'
[0.360s] [34mcolcon.colcon_cmake.task.cmake.build[0m [1;30mINFO[0m Building CMake package in '/home/rokey/ros2_ws/src/DoosanBootcamp3rd/dsr_moveit2/dsr_moveit_config_h2515'
[0.360s] [34mcolcon.colcon_core.shell[0m [1;30mINFO[0m Skip shell extension 'powershell' for command environment: Not usable outside of PowerShell
[0.360s] [34mcolcon.colcon_core.shell[0m [1;30mDEBUG[0m [32mSkip shell extension 'dsv' for command environment[0m
[0.362s] [34mcolcon.colcon_ros.task.ament_cmake.build[0m [1;30mINFO[0m Building ROS package in '/home/rokey/ros2_ws/src/DoosanBootcamp3rd/dsr_moveit2/dsr_moveit_config_m0609' with build type 'ament_cmake'
[0.362s] [34mcolcon.colcon_cmake.task.cmake.build[0m [1;30mINFO[0m Building CMake package in '/home/rokey/ros2_ws/src/DoosanBootcamp3rd/dsr_moveit2/dsr_moveit_config_m0609'
[0.362s] [34mcolcon.colcon_core.shell[0m [1;30mINFO[0m Skip shell extension 'powershell' for command environment: Not usable outside of PowerShell
[0.362s] [34mcolcon.colcon_core.shell[0m [1;30mDEBUG[0m [32mSkip shell extension 'dsv' for command environment[0m
[0.364s] [34mcolcon.colcon_ros.task.ament_cmake.build[0m [1;30mINFO[0m Building ROS package in '/home/rokey/ros2_ws/src/DoosanBootcamp3rd/dsr_moveit2/dsr_moveit_config_m0617' with build type 'ament_cmake'
[0.364s] [34mcolcon.colcon_cmake.task.cmake.build[0m [1;30mINFO[0m Building CMake package in '/home/rokey/ros2_ws/src/DoosanBootcamp3rd/dsr_moveit2/dsr_moveit_config_m0617'
[0.364s] [34mcolcon.colcon_core.shell[0m [1;30mINFO[0m Skip shell extension 'powershell' for command environment: Not usable outside of PowerShell
[0.364s] [34mcolcon.colcon_core.shell[0m [1;30mDEBUG[0m [32mSkip shell extension 'dsv' for command environment[0m
[0.366s] [34mcolcon.colcon_ros.task.ament_cmake.build[0m [1;30mINFO[0m Building ROS package in '/home/rokey/ros2_ws/src/DoosanBootcamp3rd/dsr_moveit2/dsr_moveit_config_m1013' with build type 'ament_cmake'
[0.366s] [34mcolcon.colcon_cmake.task.cmake.build[0m [1;30mINFO[0m Building CMake package in '/home/rokey/ros2_ws/src/DoosanBootcamp3rd/dsr_moveit2/dsr_moveit_config_m1013'
[0.367s] [34mcolcon.colcon_core.shell[0m [1;30mINFO[0m Skip shell extension 'powershell' for command environment: Not usable outside of PowerShell
[0.367s] [34mcolcon.colcon_core.shell[0m [1;30mDEBUG[0m [32mSkip shell extension 'dsv' for command environment[0m
[0.368s] [34mcolcon.colcon_ros.task.ament_cmake.build[0m [1;30mINFO[0m Building ROS package in '/home/rokey/ros2_ws/src/DoosanBootcamp3rd/dsr_moveit2/dsr_moveit_config_m1509' with build type 'ament_cmake'
[0.368s] [34mcolcon.colcon_cmake.task.cmake.build[0m [1;30mINFO[0m Building CMake package in '/home/rokey/ros2_ws/src/DoosanBootcamp3rd/dsr_moveit2/dsr_moveit_config_m1509'
[0.368s] [34mcolcon.colcon_core.shell[0m [1;30mINFO[0m Skip shell extension 'powershell' for command environment: Not usable outside of PowerShell
[0.368s] [34mcolcon.colcon_core.shell[0m [1;30mDEBUG[0m [32mSkip shell extension 'dsv' for command environment[0m
[0.370s] [34mcolcon.colcon_ros.task.ament_cmake.build[0m [1;30mINFO[0m Building ROS package in '/home/rokey/ros2_ws/src/DoosanBootcamp3rd/dsr_moveit2/dsr_moveit_config_p3020' with build type 'ament_cmake'
[0.370s] [34mcolcon.colcon_cmake.task.cmake.build[0m [1;30mINFO[0m Building CMake package in '/home/rokey/ros2_ws/src/DoosanBootcamp3rd/dsr_moveit2/dsr_moveit_config_p3020'
[0.370s] [34mcolcon.colcon_core.shell[0m [1;30mINFO[0m Skip shell extension 'powershell' for command environment: Not usable outside of PowerShell
[0.370s] [34mcolcon.colcon_core.shell[0m [1;30mDEBUG[0m [32mSkip shell extension 'dsv' for command environment[0m
[0.372s] [34mcolcon.colcon_ros.task.ament_python.build[0m [1;30mINFO[0m Building ROS package in '/home/rokey/ros2_ws/src/DoosanBootcamp3rd/dsr_example2/dsr_visualservoing' with build type 'ament_python'
[0.372s] [34mcolcon.colcon_core.shell[0m [1;30mLevel 1[0m create_environment_hook('dsr_visualservoing', 'ament_prefix_path')
[0.372s] [34mcolcon.colcon_core.shell[0m [1;30mINFO[0m Creating environment hook '/home/rokey/ros2_ws/install/dsr_visualservoing/share/dsr_visualservoing/hook/ament_prefix_path.ps1'
[0.373s] [34mcolcon.colcon_core.shell[0m [1;30mINFO[0m Creating environment descriptor '/home/rokey/ros2_ws/install/dsr_visualservoing/share/dsr_visualservoing/hook/ament_prefix_path.dsv'
[0.373s] [34mcolcon.colcon_core.shell[0m [1;30mINFO[0m Creating environment hook '/home/rokey/ros2_ws/install/dsr_visualservoing/share/dsr_visualservoing/hook/ament_prefix_path.sh'
[0.374s] [34mcolcon.colcon_core.shell[0m [1;30mINFO[0m Skip shell extension 'powershell' for command environment: Not usable outside of PowerShell
[0.374s] [34mcolcon.colcon_core.shell[0m [1;30mDEBUG[0m [32mSkip shell extension 'dsv' for command environment[0m
[0.375s] [34mcolcon.colcon_ros.task.catkin.build[0m [1;30mINFO[0m Building ROS package in '/home/rokey/ros2_ws/src/DoosanBootcamp3rd/dsr_rokey/od_msg' with build type 'catkin'
[0.376s] [34mcolcon.colcon_cmake.task.cmake.build[0m [1;30mINFO[0m Building CMake package in '/home/rokey/ros2_ws/src/DoosanBootcamp3rd/dsr_rokey/od_msg'
[0.376s] [34mcolcon.colcon_core.shell[0m [1;30mINFO[0m Skip shell extension 'powershell' for command environment: Not usable outside of PowerShell
[0.376s] [34mcolcon.colcon_core.shell[0m [1;30mDEBUG[0m [32mSkip shell extension 'dsv' for command environment[0m
[0.378s] [34mcolcon.colcon_ros.task.ament_python.build[0m [1;30mINFO[0m Building ROS package in '/home/rokey/ros2_ws/src/DoosanBootcamp3rd/dsr_rokey/pick_and_place_text' with build type 'ament_python'
[0.378s] [34mcolcon.colcon_core.shell[0m [1;30mLevel 1[0m create_environment_hook('pick_and_place_text', 'ament_prefix_path')
[0.378s] [34mcolcon.colcon_core.shell[0m [1;30mINFO[0m Creating environment hook '/home/rokey/ros2_ws/install/pick_and_place_text/share/pick_and_place_text/hook/ament_prefix_path.ps1'
[0.379s] [34mcolcon.colcon_core.shell[0m [1;30mINFO[0m Creating environment descriptor '/home/rokey/ros2_ws/install/pick_and_place_text/share/pick_and_place_text/hook/ament_prefix_path.dsv'
[0.379s] [34mcolcon.colcon_core.shell[0m [1;30mINFO[0m Creating environment hook '/home/rokey/ros2_ws/install/pick_and_place_text/share/pick_and_place_text/hook/ament_prefix_path.sh'
[0.380s] [34mcolcon.colcon_core.shell[0m [1;30mINFO[0m Skip shell extension 'powershell' for command environment: Not usable outside of PowerShell
[0.380s] [34mcolcon.colcon_core.shell[0m [1;30mDEBUG[0m [32mSkip shell extension 'dsv' for command environment[0m
[0.388s] [34mcolcon.colcon_core.event_handler.log_command[0m [1;30mDEBUG[0m [32mInvoking command in '/home/rokey/ros2_ws/build/dsr_msgs2': CMAKE_PREFIX_PATH=/opt/ros/humble /usr/bin/cmake /home/rokey/ros2_ws/src/DoosanBootcamp3rd/dsr_msgs2 -DCMAKE_INSTALL_PREFIX=/home/rokey/ros2_ws/install/dsr_msgs2[0m
[0.391s] [34mcolcon.colcon_core.event_handler.log_command[0m [1;30mDEBUG[0m [32mInvoking command in '/home/rokey/ros2_ws/build/dsr_common2': CMAKE_PREFIX_PATH=/opt/ros/humble /usr/bin/cmake /home/rokey/ros2_ws/src/DoosanBootcamp3rd/dsr_common2 -DCMAKE_INSTALL_PREFIX=/home/rokey/ros2_ws/install/dsr_common2[0m
[0.392s] [34mcolcon.colcon_core.event_handler.log_command[0m [1;30mDEBUG[0m [32mInvoking command in '/home/rokey/ros2_ws/build/dsr_description2': CMAKE_PREFIX_PATH=/opt/ros/humble /usr/bin/cmake /home/rokey/ros2_ws/src/DoosanBootcamp3rd/dsr_description2 -DCMAKE_INSTALL_PREFIX=/home/rokey/ros2_ws/install/dsr_description2[0m
[0.393s] [34mcolcon.colcon_core.event_handler.log_command[0m [1;30mDEBUG[0m [32mInvoking command in '/home/rokey/ros2_ws/build/dsr_moveit_config_a0509': CMAKE_PREFIX_PATH=/opt/ros/humble /usr/bin/cmake /home/rokey/ros2_ws/src/DoosanBootcamp3rd/dsr_moveit2/dsr_moveit_config_a0509 -DCMAKE_INSTALL_PREFIX=/home/rokey/ros2_ws/install/dsr_moveit_config_a0509[0m
[0.397s] [34mcolcon.colcon_core.event_handler.log_command[0m [1;30mDEBUG[0m [32mInvoking command in '/home/rokey/ros2_ws/build/dsr_moveit_config_a0912': CMAKE_PREFIX_PATH=/opt/ros/humble /usr/bin/cmake /home/rokey/ros2_ws/src/DoosanBootcamp3rd/dsr_moveit2/dsr_moveit_config_a0912 -DCMAKE_INSTALL_PREFIX=/home/rokey/ros2_ws/install/dsr_moveit_config_a0912[0m
[0.401s] [34mcolcon.colcon_core.event_handler.log_command[0m [1;30mDEBUG[0m [32mInvoking command in '/home/rokey/ros2_ws/build/dsr_moveit_config_e0509': CMAKE_PREFIX_PATH=/opt/ros/humble /usr/bin/cmake /home/rokey/ros2_ws/src/DoosanBootcamp3rd/dsr_moveit2/dsr_moveit_config_e0509 -DCMAKE_INSTALL_PREFIX=/home/rokey/ros2_ws/install/dsr_moveit_config_e0509[0m
[0.406s] [34mcolcon.colcon_core.event_handler.log_command[0m [1;30mDEBUG[0m [32mInvoking command in '/home/rokey/ros2_ws/build/dsr_moveit_config_h2017': CMAKE_PREFIX_PATH=/opt/ros/humble /usr/bin/cmake /home/rokey/ros2_ws/src/DoosanBootcamp3rd/dsr_moveit2/dsr_moveit_config_h2017 -DCMAKE_INSTALL_PREFIX=/home/rokey/ros2_ws/install/dsr_moveit_config_h2017[0m
[0.411s] [34mcolcon.colcon_core.event_handler.log_command[0m [1;30mDEBUG[0m [32mInvoking command in '/home/rokey/ros2_ws/build/dsr_moveit_config_h2515': CMAKE_PREFIX_PATH=/opt/ros/humble /usr/bin/cmake /home/rokey/ros2_ws/src/DoosanBootcamp3rd/dsr_moveit2/dsr_moveit_config_h2515 -DCMAKE_INSTALL_PREFIX=/home/rokey/ros2_ws/install/dsr_moveit_config_h2515[0m
[0.416s] [34mcolcon.colcon_core.event_handler.log_command[0m [1;30mDEBUG[0m [32mInvoking command in '/home/rokey/ros2_ws/build/dsr_moveit_config_m0609': CMAKE_PREFIX_PATH=/opt/ros/humble /usr/bin/cmake /home/rokey/ros2_ws/src/DoosanBootcamp3rd/dsr_moveit2/dsr_moveit_config_m0609 -DCMAKE_INSTALL_PREFIX=/home/rokey/ros2_ws/install/dsr_moveit_config_m0609[0m
[0.421s] [34mcolcon.colcon_core.event_handler.log_command[0m [1;30mDEBUG[0m [32mInvoking command in '/home/rokey/ros2_ws/build/dsr_moveit_config_m0617': CMAKE_PREFIX_PATH=/opt/ros/humble /usr/bin/cmake /home/rokey/ros2_ws/src/DoosanBootcamp3rd/dsr_moveit2/dsr_moveit_config_m0617 -DCMAKE_INSTALL_PREFIX=/home/rokey/ros2_ws/install/dsr_moveit_config_m0617[0m
[0.426s] [34mcolcon.colcon_core.event_handler.log_command[0m [1;30mDEBUG[0m [32mInvoking command in '/home/rokey/ros2_ws/build/dsr_moveit_config_m1013': CMAKE_PREFIX_PATH=/opt/ros/humble /usr/bin/cmake /home/rokey/ros2_ws/src/DoosanBootcamp3rd/dsr_moveit2/dsr_moveit_config_m1013 -DCMAKE_INSTALL_PREFIX=/home/rokey/ros2_ws/install/dsr_moveit_config_m1013[0m
[0.430s] [34mcolcon.colcon_core.event_handler.log_command[0m [1;30mDEBUG[0m [32mInvoking command in '/home/rokey/ros2_ws/build/dsr_moveit_config_m1509': CMAKE_PREFIX_PATH=/opt/ros/humble /usr/bin/cmake /home/rokey/ros2_ws/src/DoosanBootcamp3rd/dsr_moveit2/dsr_moveit_config_m1509 -DCMAKE_INSTALL_PREFIX=/home/rokey/ros2_ws/install/dsr_moveit_config_m1509[0m
[0.434s] [34mcolcon.colcon_core.event_handler.log_command[0m [1;30mDEBUG[0m [32mInvoking command in '/home/rokey/ros2_ws/build/dsr_moveit_config_p3020': CMAKE_PREFIX_PATH=/opt/ros/humble /usr/bin/cmake /home/rokey/ros2_ws/src/DoosanBootcamp3rd/dsr_moveit2/dsr_moveit_config_p3020 -DCMAKE_INSTALL_PREFIX=/home/rokey/ros2_ws/install/dsr_moveit_config_p3020[0m
[0.735s] [34mcolcon.colcon_core.task.python.build[0m [1;30mINFO[0m Building Python package in '/home/rokey/ros2_ws/src/DoosanBootcamp3rd/dsr_example2/dsr_visualservoing'
[0.735s] [34mcolcon.colcon_core.shell[0m [1;30mINFO[0m Skip shell extension 'powershell' for command environment: Not usable outside of PowerShell
[0.735s] [34mcolcon.colcon_core.shell[0m [1;30mDEBUG[0m [32mSkip shell extension 'dsv' for command environment[0m
[0.741s] [34mcolcon.colcon_core.event_handler.log_command[0m [1;30mDEBUG[0m [32mInvoking command in '/home/rokey/ros2_ws/build/od_msg': /usr/bin/cmake /home/rokey/ros2_ws/src/DoosanBootcamp3rd/dsr_rokey/od_msg -DCATKIN_INSTALL_INTO_PREFIX_ROOT=0 -DCMAKE_INSTALL_PREFIX=/home/rokey/ros2_ws/install/od_msg[0m
[0.986s] [34mcolcon.colcon_ros.task.ament_python.build[0m [1;30mWARNING[0m [33mPackage 'pick_and_place_text' doesn't explicitly install a marker in the package index (colcon-ros currently does it implicitly but that fallback will be removed in the future)[0m
[0.987s] [34mcolcon.colcon_core.task.python.build[0m [1;30mINFO[0m Building Python package in '/home/rokey/ros2_ws/src/DoosanBootcamp3rd/dsr_rokey/pick_and_place_text'
[0.987s] [34mcolcon.colcon_core.shell[0m [1;30mINFO[0m Skip shell extension 'powershell' for command environment: Not usable outside of PowerShell
[0.987s] [34mcolcon.colcon_core.shell[0m [1;30mDEBUG[0m [32mSkip shell extension 'dsv' for command environment[0m
[1.097s] [34mcolcon.colcon_core.event_handler.log_command[0m [1;30mDEBUG[0m [32mInvoked command in '/home/rokey/ros2_ws/build/dsr_moveit_config_h2017' returned '0': CMAKE_PREFIX_PATH=/opt/ros/humble /usr/bin/cmake /home/rokey/ros2_ws/src/DoosanBootcamp3rd/dsr_moveit2/dsr_moveit_config_h2017 -DCMAKE_INSTALL_PREFIX=/home/rokey/ros2_ws/install/dsr_moveit_config_h2017[0m
[1.097s] [34mcolcon.colcon_core.event_handler.log_command[0m [1;30mDEBUG[0m [32mInvoking command in '/home/rokey/ros2_ws/build/dsr_moveit_config_h2017': CMAKE_PREFIX_PATH=/opt/ros/humble /usr/bin/cmake --build /home/rokey/ros2_ws/build/dsr_moveit_config_h2017 -- -j16 -l16[0m
[1.100s] [34mcolcon.colcon_core.event_handler.log_command[0m [1;30mDEBUG[0m [32mInvoked command in '/home/rokey/ros2_ws/build/dsr_moveit_config_h2515' returned '0': CMAKE_PREFIX_PATH=/opt/ros/humble /usr/bin/cmake /home/rokey/ros2_ws/src/DoosanBootcamp3rd/dsr_moveit2/dsr_moveit_config_h2515 -DCMAKE_INSTALL_PREFIX=/home/rokey/ros2_ws/install/dsr_moveit_config_h2515[0m
[1.101s] [34mcolcon.colcon_core.event_handler.log_command[0m [1;30mDEBUG[0m [32mInvoking command in '/home/rokey/ros2_ws/build/dsr_moveit_config_h2515': CMAKE_PREFIX_PATH=/opt/ros/humble /usr/bin/cmake --build /home/rokey/ros2_ws/build/dsr_moveit_config_h2515 -- -j16 -l16[0m
[1.102s] [34mcolcon.colcon_core.event_handler.log_command[0m [1;30mDEBUG[0m [32mInvoked command in '/home/rokey/ros2_ws/build/dsr_moveit_config_m1013' returned '0': CMAKE_PREFIX_PATH=/opt/ros/humble /usr/bin/cmake /home/rokey/ros2_ws/src/DoosanBootcamp3rd/dsr_moveit2/dsr_moveit_config_m1013 -DCMAKE_INSTALL_PREFIX=/home/rokey/ros2_ws/install/dsr_moveit_config_m1013[0m
[1.103s] [34mcolcon.colcon_core.event_handler.log_command[0m [1;30mDEBUG[0m [32mInvoking command in '/home/rokey/ros2_ws/build/dsr_moveit_config_m1013': CMAKE_PREFIX_PATH=/opt/ros/humble /usr/bin/cmake --build /home/rokey/ros2_ws/build/dsr_moveit_config_m1013 -- -j16 -l16[0m
[1.108s] [34mcolcon.colcon_core.event_handler.log_command[0m [1;30mDEBUG[0m [32mInvoked command in '/home/rokey/ros2_ws/build/dsr_common2' returned '0': CMAKE_PREFIX_PATH=/opt/ros/humble /usr/bin/cmake /home/rokey/ros2_ws/src/DoosanBootcamp3rd/dsr_common2 -DCMAKE_INSTALL_PREFIX=/home/rokey/ros2_ws/install/dsr_common2[0m
[1.112s] [34mcolcon.colcon_core.event_handler.log_command[0m [1;30mDEBUG[0m [32mInvoking command in '/home/rokey/ros2_ws/build/dsr_common2': CMAKE_PREFIX_PATH=/opt/ros/humble /usr/bin/cmake --build /home/rokey/ros2_ws/build/dsr_common2 -- -j16 -l16[0m
[1.113s] [34mcolcon.colcon_core.event_handler.log_command[0m [1;30mDEBUG[0m [32mInvoked command in '/home/rokey/ros2_ws/build/dsr_moveit_config_e0509' returned '0': CMAKE_PREFIX_PATH=/opt/ros/humble /usr/bin/cmake /home/rokey/ros2_ws/src/DoosanBootcamp3rd/dsr_moveit2/dsr_moveit_config_e0509 -DCMAKE_INSTALL_PREFIX=/home/rokey/ros2_ws/install/dsr_moveit_config_e0509[0m
[1.114s] [34mcolcon.colcon_core.event_handler.log_command[0m [1;30mDEBUG[0m [32mInvoking command in '/home/rokey/ros2_ws/build/dsr_moveit_config_e0509': CMAKE_PREFIX_PATH=/opt/ros/humble /usr/bin/cmake --build /home/rokey/ros2_ws/build/dsr_moveit_config_e0509 -- -j16 -l16[0m
[1.117s] [34mcolcon.colcon_core.event_handler.log_command[0m [1;30mDEBUG[0m [32mInvoked command in '/home/rokey/ros2_ws/build/dsr_moveit_config_m1509' returned '0': CMAKE_PREFIX_PATH=/opt/ros/humble /usr/bin/cmake /home/rokey/ros2_ws/src/DoosanBootcamp3rd/dsr_moveit2/dsr_moveit_config_m1509 -DCMAKE_INSTALL_PREFIX=/home/rokey/ros2_ws/install/dsr_moveit_config_m1509[0m
[1.118s] [34mcolcon.colcon_core.event_handler.log_command[0m [1;30mDEBUG[0m [32mInvoking command in '/home/rokey/ros2_ws/build/dsr_moveit_config_m1509': CMAKE_PREFIX_PATH=/opt/ros/humble /usr/bin/cmake --build /home/rokey/ros2_ws/build/dsr_moveit_config_m1509 -- -j16 -l16[0m
[1.118s] [34mcolcon.colcon_core.event_handler.log_command[0m [1;30mDEBUG[0m [32mInvoked command in '/home/rokey/ros2_ws/build/dsr_moveit_config_m0609' returned '0': CMAKE_PREFIX_PATH=/opt/ros/humble /usr/bin/cmake /home/rokey/ros2_ws/src/DoosanBootcamp3rd/dsr_moveit2/dsr_moveit_config_m0609 -DCMAKE_INSTALL_PREFIX=/home/rokey/ros2_ws/install/dsr_moveit_config_m0609[0m
[1.121s] [34mcolcon.colcon_core.event_handler.log_command[0m [1;30mDEBUG[0m [32mInvoking command in '/home/rokey/ros2_ws/build/dsr_moveit_config_m0609': CMAKE_PREFIX_PATH=/opt/ros/humble /usr/bin/cmake --build /home/rokey/ros2_ws/build/dsr_moveit_config_m0609 -- -j16 -l16[0m
[1.122s] [34mcolcon.colcon_core.event_handler.log_command[0m [1;30mDEBUG[0m [32mInvoked command in '/home/rokey/ros2_ws/build/dsr_moveit_config_a0912' returned '0': CMAKE_PREFIX_PATH=/opt/ros/humble /usr/bin/cmake /home/rokey/ros2_ws/src/DoosanBootcamp3rd/dsr_moveit2/dsr_moveit_config_a0912 -DCMAKE_INSTALL_PREFIX=/home/rokey/ros2_ws/install/dsr_moveit_config_a0912[0m
[1.124s] [34mcolcon.colcon_core.event_handler.log_command[0m [1;30mDEBUG[0m [32mInvoking command in '/home/rokey/ros2_ws/build/dsr_moveit_config_a0912': CMAKE_PREFIX_PATH=/opt/ros/humble /usr/bin/cmake --build /home/rokey/ros2_ws/build/dsr_moveit_config_a0912 -- -j16 -l16[0m
[1.127s] [34mcolcon.colcon_core.event_handler.log_command[0m [1;30mDEBUG[0m [32mInvoked command in '/home/rokey/ros2_ws/build/dsr_moveit_config_m0617' returned '0': CMAKE_PREFIX_PATH=/opt/ros/humble /usr/bin/cmake /home/rokey/ros2_ws/src/DoosanBootcamp3rd/dsr_moveit2/dsr_moveit_config_m0617 -DCMAKE_INSTALL_PREFIX=/home/rokey/ros2_ws/install/dsr_moveit_config_m0617[0m
[1.127s] [34mcolcon.colcon_core.event_handler.log_command[0m [1;30mDEBUG[0m [32mInvoking command in '/home/rokey/ros2_ws/build/dsr_moveit_config_m0617': CMAKE_PREFIX_PATH=/opt/ros/humble /usr/bin/cmake --build /home/rokey/ros2_ws/build/dsr_moveit_config_m0617 -- -j16 -l16[0m
[1.131s] [34mcolcon.colcon_core.event_handler.log_command[0m [1;30mDEBUG[0m [32mInvoked command in '/home/rokey/ros2_ws/build/dsr_moveit_config_h2515' returned '0': CMAKE_PREFIX_PATH=/opt/ros/humble /usr/bin/cmake --build /home/rokey/ros2_ws/build/dsr_moveit_config_h2515 -- -j16 -l16[0m
[1.139s] [34mcolcon.colcon_core.event_handler.log_command[0m [1;30mDEBUG[0m [32mInvoking command in '/home/rokey/ros2_ws/build/dsr_moveit_config_h2515': CMAKE_PREFIX_PATH=/opt/ros/humble /usr/bin/cmake --install /home/rokey/ros2_ws/build/dsr_moveit_config_h2515[0m
[1.141s] [34mcolcon.colcon_core.event_handler.log_command[0m [1;30mDEBUG[0m [32mInvoked command in '/home/rokey/ros2_ws/build/dsr_moveit_config_h2017' returned '0': CMAKE_PREFIX_PATH=/opt/ros/humble /usr/bin/cmake --build /home/rokey/ros2_ws/build/dsr_moveit_config_h2017 -- -j16 -l16[0m
[1.143s] [34mcolcon.colcon_core.event_handler.log_command[0m [1;30mDEBUG[0m [32mInvoking command in '/home/rokey/ros2_ws/build/dsr_moveit_config_h2017': CMAKE_PREFIX_PATH=/opt/ros/humble /usr/bin/cmake --install /home/rokey/ros2_ws/build/dsr_moveit_config_h2017[0m
[1.144s] [34mcolcon.colcon_core.event_handler.log_command[0m [1;30mDEBUG[0m [32mInvoked command in '/home/rokey/ros2_ws/build/dsr_moveit_config_m1013' returned '0': CMAKE_PREFIX_PATH=/opt/ros/humble /usr/bin/cmake --build /home/rokey/ros2_ws/build/dsr_moveit_config_m1013 -- -j16 -l16[0m
[1.145s] [34mcolcon.colcon_core.event_handler.log_command[0m [1;30mDEBUG[0m [32mInvoking command in '/home/rokey/ros2_ws/build/dsr_moveit_config_m1013': CMAKE_PREFIX_PATH=/opt/ros/humble /usr/bin/cmake --install /home/rokey/ros2_ws/build/dsr_moveit_config_m1013[0m
[1.149s] [34mcolcon.colcon_core.event_handler.log_command[0m [1;30mDEBUG[0m [32mInvoked command in '/home/rokey/ros2_ws/build/dsr_moveit_config_a0509' returned '0': CMAKE_PREFIX_PATH=/opt/ros/humble /usr/bin/cmake /home/rokey/ros2_ws/src/DoosanBootcamp3rd/dsr_moveit2/dsr_moveit_config_a0509 -DCMAKE_INSTALL_PREFIX=/home/rokey/ros2_ws/install/dsr_moveit_config_a0509[0m
[1.151s] [34mcolcon.colcon_core.event_handler.log_command[0m [1;30mDEBUG[0m [32mInvoking command in '/home/rokey/ros2_ws/build/dsr_moveit_config_a0509': CMAKE_PREFIX_PATH=/opt/ros/humble /usr/bin/cmake --build /home/rokey/ros2_ws/build/dsr_moveit_config_a0509 -- -j16 -l16[0m
[1.152s] [34mcolcon.colcon_core.event_handler.log_command[0m [1;30mDEBUG[0m [32mInvoked command in '/home/rokey/ros2_ws/build/dsr_common2' returned '0': CMAKE_PREFIX_PATH=/opt/ros/humble /usr/bin/cmake --build /home/rokey/ros2_ws/build/dsr_common2 -- -j16 -l16[0m
[1.154s] [34mcolcon.colcon_core.event_handler.log_command[0m [1;30mDEBUG[0m [32mInvoking command in '/home/rokey/ros2_ws/build/dsr_common2': CMAKE_PREFIX_PATH=/opt/ros/humble /usr/bin/cmake --install /home/rokey/ros2_ws/build/dsr_common2[0m
[1.157s] [34mcolcon.colcon_core.event_handler.log_command[0m [1;30mDEBUG[0m [32mInvoked command in '/home/rokey/ros2_ws/build/dsr_moveit_config_e0509' returned '0': CMAKE_PREFIX_PATH=/opt/ros/humble /usr/bin/cmake --build /home/rokey/ros2_ws/build/dsr_moveit_config_e0509 -- -j16 -l16[0m
[1.159s] [34mcolcon.colcon_core.event_handler.log_command[0m [1;30mDEBUG[0m [32mInvoking command in '/home/rokey/ros2_ws/build/dsr_moveit_config_e0509': CMAKE_PREFIX_PATH=/opt/ros/humble /usr/bin/cmake --install /home/rokey/ros2_ws/build/dsr_moveit_config_e0509[0m
[1.161s] [34mcolcon.colcon_core.event_handler.log_command[0m [1;30mDEBUG[0m [32mInvoked command in '/home/rokey/ros2_ws/build/dsr_moveit_config_m1509' returned '0': CMAKE_PREFIX_PATH=/opt/ros/humble /usr/bin/cmake --build /home/rokey/ros2_ws/build/dsr_moveit_config_m1509 -- -j16 -l16[0m
[1.162s] [34mcolcon.colcon_core.event_handler.log_command[0m [1;30mDEBUG[0m [32mInvoking command in '/home/rokey/ros2_ws/build/dsr_moveit_config_m1509': CMAKE_PREFIX_PATH=/opt/ros/humble /usr/bin/cmake --install /home/rokey/ros2_ws/build/dsr_moveit_config_m1509[0m
[1.163s] [34mcolcon.colcon_core.event_handler.log_command[0m [1;30mDEBUG[0m [32mInvoked command in '/home/rokey/ros2_ws/build/dsr_description2' returned '0': CMAKE_PREFIX_PATH=/opt/ros/humble /usr/bin/cmake /home/rokey/ros2_ws/src/DoosanBootcamp3rd/dsr_description2 -DCMAKE_INSTALL_PREFIX=/home/rokey/ros2_ws/install/dsr_description2[0m
[1.164s] [34mcolcon.colcon_core.event_handler.log_command[0m [1;30mDEBUG[0m [32mInvoking command in '/home/rokey/ros2_ws/build/dsr_description2': CMAKE_PREFIX_PATH=/opt/ros/humble /usr/bin/cmake --build /home/rokey/ros2_ws/build/dsr_description2 -- -j16 -l16[0m
[1.164s] [34mcolcon.colcon_core.event_handler.log_command[0m [1;30mDEBUG[0m [32mInvoked command in '/home/rokey/ros2_ws/build/dsr_moveit_config_p3020' returned '0': CMAKE_PREFIX_PATH=/opt/ros/humble /usr/bin/cmake /home/rokey/ros2_ws/src/DoosanBootcamp3rd/dsr_moveit2/dsr_moveit_config_p3020 -DCMAKE_INSTALL_PREFIX=/home/rokey/ros2_ws/install/dsr_moveit_config_p3020[0m
[1.166s] [34mcolcon.colcon_core.event_handler.log_command[0m [1;30mDEBUG[0m [32mInvoking command in '/home/rokey/ros2_ws/build/dsr_moveit_config_p3020': CMAKE_PREFIX_PATH=/opt/ros/humble /usr/bin/cmake --build /home/rokey/ros2_ws/build/dsr_moveit_config_p3020 -- -j16 -l16[0m
[1.166s] [34mcolcon.colcon_core.event_handler.log_command[0m [1;30mDEBUG[0m [32mInvoked command in '/home/rokey/ros2_ws/build/dsr_moveit_config_m0609' returned '0': CMAKE_PREFIX_PATH=/opt/ros/humble /usr/bin/cmake --build /home/rokey/ros2_ws/build/dsr_moveit_config_m0609 -- -j16 -l16[0m
[1.171s] [34mcolcon.colcon_core.environment[0m [1;30mLevel 1[0m create_environment_scripts_only(dsr_moveit_config_h2515)
[1.173s] [34mcolcon.colcon_core.event_handler.log_command[0m [1;30mDEBUG[0m [32mInvoking command in '/home/rokey/ros2_ws/build/dsr_moveit_config_m0609': CMAKE_PREFIX_PATH=/opt/ros/humble /usr/bin/cmake --install /home/rokey/ros2_ws/build/dsr_moveit_config_m0609[0m
[1.174s] [34mcolcon.colcon_core.event_handler.log_command[0m [1;30mDEBUG[0m [32mInvoked command in '/home/rokey/ros2_ws/build/dsr_moveit_config_h2515' returned '0': CMAKE_PREFIX_PATH=/opt/ros/humble /usr/bin/cmake --install /home/rokey/ros2_ws/build/dsr_moveit_config_h2515[0m
[1.177s] [34mcolcon.colcon_core.environment[0m [1;30mLevel 1[0m checking '/home/rokey/ros2_ws/install/dsr_moveit_config_h2515' for CMake module files
[1.177s] [34mcolcon.colcon_core.environment[0m [1;30mLevel 1[0m checking '/home/rokey/ros2_ws/install/dsr_moveit_config_h2515' for CMake config files
[1.178s] [34mcolcon.colcon_core.shell[0m [1;30mLevel 1[0m create_environment_hook('dsr_moveit_config_h2515', 'cmake_prefix_path')
[1.178s] [34mcolcon.colcon_core.shell[0m [1;30mINFO[0m Creating environment hook '/home/rokey/ros2_ws/install/dsr_moveit_config_h2515/share/dsr_moveit_config_h2515/hook/cmake_prefix_path.ps1'
[1.178s] [34mcolcon.colcon_core.shell[0m [1;30mINFO[0m Creating environment descriptor '/home/rokey/ros2_ws/install/dsr_moveit_config_h2515/share/dsr_moveit_config_h2515/hook/cmake_prefix_path.dsv'
[1.178s] [34mcolcon.colcon_core.shell[0m [1;30mINFO[0m Creating environment hook '/home/rokey/ros2_ws/install/dsr_moveit_config_h2515/share/dsr_moveit_config_h2515/hook/cmake_prefix_path.sh'
[1.179s] [34mcolcon.colcon_core.environment[0m [1;30mLevel 1[0m checking '/home/rokey/ros2_ws/install/dsr_moveit_config_h2515/bin'
[1.179s] [34mcolcon.colcon_core.environment[0m [1;30mLevel 1[0m checking '/home/rokey/ros2_ws/install/dsr_moveit_config_h2515/lib/pkgconfig/dsr_moveit_config_h2515.pc'
[1.179s] [34mcolcon.colcon_core.environment[0m [1;30mLevel 1[0m checking '/home/rokey/ros2_ws/install/dsr_moveit_config_h2515/lib/python3.10/site-packages'
[1.179s] [34mcolcon.colcon_core.environment[0m [1;30mLevel 1[0m checking '/home/rokey/ros2_ws/install/dsr_moveit_config_h2515/bin'
[1.179s] [34mcolcon.colcon_core.shell[0m [1;30mINFO[0m Creating package script '/home/rokey/ros2_ws/install/dsr_moveit_config_h2515/share/dsr_moveit_config_h2515/package.ps1'
[1.180s] [34mcolcon.colcon_core.shell[0m [1;30mINFO[0m Creating package descriptor '/home/rokey/ros2_ws/install/dsr_moveit_config_h2515/share/dsr_moveit_config_h2515/package.dsv'
[1.180s] [34mcolcon.colcon_core.shell[0m [1;30mINFO[0m Creating package script '/home/rokey/ros2_ws/install/dsr_moveit_config_h2515/share/dsr_moveit_config_h2515/package.sh'
[1.181s] [34mcolcon.colcon_core.shell[0m [1;30mINFO[0m Creating package script '/home/rokey/ros2_ws/install/dsr_moveit_config_h2515/share/dsr_moveit_config_h2515/package.bash'
[1.182s] [34mcolcon.colcon_core.shell[0m [1;30mINFO[0m Creating package script '/home/rokey/ros2_ws/install/dsr_moveit_config_h2515/share/dsr_moveit_config_h2515/package.zsh'
[1.183s] [34mcolcon.colcon_core.environment[0m [1;30mLevel 1[0m create_file_with_runtime_dependencies(/home/rokey/ros2_ws/install/dsr_moveit_config_h2515/share/colcon-core/packages/dsr_moveit_config_h2515)
[1.183s] [34mcolcon.colcon_core.environment[0m [1;30mLevel 1[0m create_environment_scripts_only(dsr_moveit_config_h2515)
[1.183s] [34mcolcon.colcon_core.environment[0m [1;30mLevel 1[0m checking '/home/rokey/ros2_ws/install/dsr_moveit_config_h2515' for CMake module files
[1.183s] [34mcolcon.colcon_core.environment[0m [1;30mLevel 1[0m checking '/home/rokey/ros2_ws/install/dsr_moveit_config_h2515' for CMake config files
[1.184s] [34mcolcon.colcon_core.shell[0m [1;30mLevel 1[0m create_environment_hook('dsr_moveit_config_h2515', 'cmake_prefix_path')
[1.184s] [34mcolcon.colcon_core.shell[0m [1;30mINFO[0m Creating environment hook '/home/rokey/ros2_ws/install/dsr_moveit_config_h2515/share/dsr_moveit_config_h2515/hook/cmake_prefix_path.ps1'
[1.184s] [34mcolcon.colcon_core.shell[0m [1;30mINFO[0m Creating environment descriptor '/home/rokey/ros2_ws/install/dsr_moveit_config_h2515/share/dsr_moveit_config_h2515/hook/cmake_prefix_path.dsv'
[1.184s] [34mcolcon.colcon_core.shell[0m [1;30mINFO[0m Creating environment hook '/home/rokey/ros2_ws/install/dsr_moveit_config_h2515/share/dsr_moveit_config_h2515/hook/cmake_prefix_path.sh'
[1.184s] [34mcolcon.colcon_core.environment[0m [1;30mLevel 1[0m checking '/home/rokey/ros2_ws/install/dsr_moveit_config_h2515/bin'
[1.184s] [34mcolcon.colcon_core.environment[0m [1;30mLevel 1[0m checking '/home/rokey/ros2_ws/install/dsr_moveit_config_h2515/lib/pkgconfig/dsr_moveit_config_h2515.pc'
[1.185s] [34mcolcon.colcon_core.environment[0m [1;30mLevel 1[0m checking '/home/rokey/ros2_ws/install/dsr_moveit_config_h2515/lib/python3.10/site-packages'
[1.185s] [34mcolcon.colcon_core.environment[0m [1;30mLevel 1[0m checking '/home/rokey/ros2_ws/install/dsr_moveit_config_h2515/bin'
[1.185s] [34mcolcon.colcon_core.shell[0m [1;30mINFO[0m Creating package script '/home/rokey/ros2_ws/install/dsr_moveit_config_h2515/share/dsr_moveit_config_h2515/package.ps1'
[1.185s] [34mcolcon.colcon_core.shell[0m [1;30mINFO[0m Creating package descriptor '/home/rokey/ros2_ws/install/dsr_moveit_config_h2515/share/dsr_moveit_config_h2515/package.dsv'
[1.186s] [34mcolcon.colcon_core.shell[0m [1;30mINFO[0m Creating package script '/home/rokey/ros2_ws/install/dsr_moveit_config_h2515/share/dsr_moveit_config_h2515/package.sh'
[1.186s] [34mcolcon.colcon_core.shell[0m [1;30mINFO[0m Creating package script '/home/rokey/ros2_ws/install/dsr_moveit_config_h2515/share/dsr_moveit_config_h2515/package.bash'
[1.186s] [34mcolcon.colcon_core.shell[0m [1;30mINFO[0m Creating package script '/home/rokey/ros2_ws/install/dsr_moveit_config_h2515/share/dsr_moveit_config_h2515/package.zsh'
[1.186s] [34mcolcon.colcon_core.environment[0m [1;30mLevel 1[0m create_file_with_runtime_dependencies(/home/rokey/ros2_ws/install/dsr_moveit_config_h2515/share/colcon-core/packages/dsr_moveit_config_h2515)
[1.188s] [34mcolcon.colcon_core.event_handler.log_command[0m [1;30mDEBUG[0m [32mInvoked command in '/home/rokey/ros2_ws/build/dsr_moveit_config_a0912' returned '0': CMAKE_PREFIX_PATH=/opt/ros/humble /usr/bin/cmake --build /home/rokey/ros2_ws/build/dsr_moveit_config_a0912 -- -j16 -l16[0m
[1.188s] [34mcolcon.colcon_core.environment[0m [1;30mLevel 1[0m create_environment_scripts_only(dsr_moveit_config_h2017)
[1.188s] [34mcolcon.colcon_core.environment[0m [1;30mLevel 1[0m checking '/home/rokey/ros2_ws/install/dsr_moveit_config_h2017' for CMake module files
[1.189s] [34mcolcon.colcon_core.event_handler.log_command[0m [1;30mDEBUG[0m [32mInvoking command in '/home/rokey/ros2_ws/build/dsr_moveit_config_a0912': CMAKE_PREFIX_PATH=/opt/ros/humble /usr/bin/cmake --install /home/rokey/ros2_ws/build/dsr_moveit_config_a0912[0m
[1.190s] [34mcolcon.colcon_core.event_handler.log_command[0m [1;30mDEBUG[0m [32mInvoked command in '/home/rokey/ros2_ws/build/dsr_moveit_config_h2017' returned '0': CMAKE_PREFIX_PATH=/opt/ros/humble /usr/bin/cmake --install /home/rokey/ros2_ws/build/dsr_moveit_config_h2017[0m
[1.190s] [34mcolcon.colcon_core.environment[0m [1;30mLevel 1[0m checking '/home/rokey/ros2_ws/install/dsr_moveit_config_h2017' for CMake config files
[1.190s] [34mcolcon.colcon_core.shell[0m [1;30mLevel 1[0m create_environment_hook('dsr_moveit_config_h2017', 'cmake_prefix_path')
[1.190s] [34mcolcon.colcon_core.shell[0m [1;30mINFO[0m Creating environment hook '/home/rokey/ros2_ws/install/dsr_moveit_config_h2017/share/dsr_moveit_config_h2017/hook/cmake_prefix_path.ps1'
[1.190s] [34mcolcon.colcon_core.shell[0m [1;30mINFO[0m Creating environment descriptor '/home/rokey/ros2_ws/install/dsr_moveit_config_h2017/share/dsr_moveit_config_h2017/hook/cmake_prefix_path.dsv'
[1.190s] [34mcolcon.colcon_core.shell[0m [1;30mINFO[0m Creating environment hook '/home/rokey/ros2_ws/install/dsr_moveit_config_h2017/share/dsr_moveit_config_h2017/hook/cmake_prefix_path.sh'
[1.191s] [34mcolcon.colcon_core.environment[0m [1;30mLevel 1[0m checking '/home/rokey/ros2_ws/install/dsr_moveit_config_h2017/bin'
[1.191s] [34mcolcon.colcon_core.environment[0m [1;30mLevel 1[0m checking '/home/rokey/ros2_ws/install/dsr_moveit_config_h2017/lib/pkgconfig/dsr_moveit_config_h2017.pc'
[1.191s] [34mcolcon.colcon_core.environment[0m [1;30mLevel 1[0m checking '/home/rokey/ros2_ws/install/dsr_moveit_config_h2017/lib/python3.10/site-packages'
[1.191s] [34mcolcon.colcon_core.environment[0m [1;30mLevel 1[0m checking '/home/rokey/ros2_ws/install/dsr_moveit_config_h2017/bin'
[1.191s] [34mcolcon.colcon_core.shell[0m [1;30mINFO[0m Creating package script '/home/rokey/ros2_ws/install/dsr_moveit_config_h2017/share/dsr_moveit_config_h2017/package.ps1'
[1.192s] [34mcolcon.colcon_core.shell[0m [1;30mINFO[0m Creating package descriptor '/home/rokey/ros2_ws/install/dsr_moveit_config_h2017/share/dsr_moveit_config_h2017/package.dsv'
[1.192s] [34mcolcon.colcon_core.shell[0m [1;30mINFO[0m Creating package script '/home/rokey/ros2_ws/install/dsr_moveit_config_h2017/share/dsr_moveit_config_h2017/package.sh'
[1.192s] [34mcolcon.colcon_core.shell[0m [1;30mINFO[0m Creating package script '/home/rokey/ros2_ws/install/dsr_moveit_config_h2017/share/dsr_moveit_config_h2017/package.bash'
[1.192s] [34mcolcon.colcon_core.shell[0m [1;30mINFO[0m Creating package script '/home/rokey/ros2_ws/install/dsr_moveit_config_h2017/share/dsr_moveit_config_h2017/package.zsh'
[1.192s] [34mcolcon.colcon_core.environment[0m [1;30mLevel 1[0m create_file_with_runtime_dependencies(/home/rokey/ros2_ws/install/dsr_moveit_config_h2017/share/colcon-core/packages/dsr_moveit_config_h2017)
[1.193s] [34mcolcon.colcon_core.environment[0m [1;30mLevel 1[0m create_environment_scripts_only(dsr_moveit_config_h2017)
[1.193s] [34mcolcon.colcon_core.environment[0m [1;30mLevel 1[0m checking '/home/rokey/ros2_ws/install/dsr_moveit_config_h2017' for CMake module files
[1.193s] [34mcolcon.colcon_core.environment[0m [1;30mLevel 1[0m checking '/home/rokey/ros2_ws/install/dsr_moveit_config_h2017' for CMake config files
[1.193s] [34mcolcon.colcon_core.shell[0m [1;30mLevel 1[0m create_environment_hook('dsr_moveit_config_h2017', 'cmake_prefix_path')
[1.193s] [34mcolcon.colcon_core.shell[0m [1;30mINFO[0m Creating environment hook '/home/rokey/ros2_ws/install/dsr_moveit_config_h2017/share/dsr_moveit_config_h2017/hook/cmake_prefix_path.ps1'
[1.194s] [34mcolcon.colcon_core.shell[0m [1;30mINFO[0m Creating environment descriptor '/home/rokey/ros2_ws/install/dsr_moveit_config_h2017/share/dsr_moveit_config_h2017/hook/cmake_prefix_path.dsv'
[1.194s] [34mcolcon.colcon_core.shell[0m [1;30mINFO[0m Creating environment hook '/home/rokey/ros2_ws/install/dsr_moveit_config_h2017/share/dsr_moveit_config_h2017/hook/cmake_prefix_path.sh'
[1.194s] [34mcolcon.colcon_core.environment[0m [1;30mLevel 1[0m checking '/home/rokey/ros2_ws/install/dsr_moveit_config_h2017/bin'
[1.194s] [34mcolcon.colcon_core.environment[0m [1;30mLevel 1[0m checking '/home/rokey/ros2_ws/install/dsr_moveit_config_h2017/lib/pkgconfig/dsr_moveit_config_h2017.pc'
[1.194s] [34mcolcon.colcon_core.environment[0m [1;30mLevel 1[0m checking '/home/rokey/ros2_ws/install/dsr_moveit_config_h2017/lib/python3.10/site-packages'
[1.194s] [34mcolcon.colcon_core.environment[0m [1;30mLevel 1[0m checking '/home/rokey/ros2_ws/install/dsr_moveit_config_h2017/bin'
[1.195s] [34mcolcon.colcon_core.shell[0m [1;30mINFO[0m Creating package script '/home/rokey/ros2_ws/install/dsr_moveit_config_h2017/share/dsr_moveit_config_h2017/package.ps1'
[1.195s] [34mcolcon.colcon_core.shell[0m [1;30mINFO[0m Creating package descriptor '/home/rokey/ros2_ws/install/dsr_moveit_config_h2017/share/dsr_moveit_config_h2017/package.dsv'
[1.195s] [34mcolcon.colcon_core.shell[0m [1;30mINFO[0m Creating package script '/home/rokey/ros2_ws/install/dsr_moveit_config_h2017/share/dsr_moveit_config_h2017/package.sh'
[1.195s] [34mcolcon.colcon_core.shell[0m [1;30mINFO[0m Creating package script '/home/rokey/ros2_ws/install/dsr_moveit_config_h2017/share/dsr_moveit_config_h2017/package.bash'
[1.196s] [34mcolcon.colcon_core.shell[0m [1;30mINFO[0m Creating package script '/home/rokey/ros2_ws/install/dsr_moveit_config_h2017/share/dsr_moveit_config_h2017/package.zsh'
[1.196s] [34mcolcon.colcon_core.environment[0m [1;30mLevel 1[0m create_file_with_runtime_dependencies(/home/rokey/ros2_ws/install/dsr_moveit_config_h2017/share/colcon-core/packages/dsr_moveit_config_h2017)
[1.196s] [34mcolcon.colcon_core.environment[0m [1;30mLevel 1[0m create_environment_scripts_only(dsr_moveit_config_m1013)
[1.196s] [34mcolcon.colcon_core.environment[0m [1;30mLevel 1[0m checking '/home/rokey/ros2_ws/install/dsr_moveit_config_m1013' for CMake module files
[1.197s] [34mcolcon.colcon_core.environment[0m [1;30mLevel 1[0m checking '/home/rokey/ros2_ws/install/dsr_moveit_config_m1013' for CMake config files
[1.197s] [34mcolcon.colcon_core.event_handler.log_command[0m [1;30mDEBUG[0m [32mInvoked command in '/home/rokey/ros2_ws/build/dsr_moveit_config_m1013' returned '0': CMAKE_PREFIX_PATH=/opt/ros/humble /usr/bin/cmake --install /home/rokey/ros2_ws/build/dsr_moveit_config_m1013[0m
[1.197s] [34mcolcon.colcon_core.shell[0m [1;30mLevel 1[0m create_environment_hook('dsr_moveit_config_m1013', 'cmake_prefix_path')
[1.197s] [34mcolcon.colcon_core.shell[0m [1;30mINFO[0m Creating environment hook '/home/rokey/ros2_ws/install/dsr_moveit_config_m1013/share/dsr_moveit_config_m1013/hook/cmake_prefix_path.ps1'
[1.198s] [34mcolcon.colcon_core.shell[0m [1;30mINFO[0m Creating environment descriptor '/home/rokey/ros2_ws/install/dsr_moveit_config_m1013/share/dsr_moveit_config_m1013/hook/cmake_prefix_path.dsv'
[1.198s] [34mcolcon.colcon_core.shell[0m [1;30mINFO[0m Creating environment hook '/home/rokey/ros2_ws/install/dsr_moveit_config_m1013/share/dsr_moveit_config_m1013/hook/cmake_prefix_path.sh'
[1.198s] [34mcolcon.colcon_core.environment[0m [1;30mLevel 1[0m checking '/home/rokey/ros2_ws/install/dsr_moveit_config_m1013/bin'
[1.198s] [34mcolcon.colcon_core.environment[0m [1;30mLevel 1[0m checking '/home/rokey/ros2_ws/install/dsr_moveit_config_m1013/lib/pkgconfig/dsr_moveit_config_m1013.pc'
[1.198s] [34mcolcon.colcon_core.environment[0m [1;30mLevel 1[0m checking '/home/rokey/ros2_ws/install/dsr_moveit_config_m1013/lib/python3.10/site-packages'
[1.198s] [34mcolcon.colcon_core.environment[0m [1;30mLevel 1[0m checking '/home/rokey/ros2_ws/install/dsr_moveit_config_m1013/bin'
[1.199s] [34mcolcon.colcon_core.shell[0m [1;30mINFO[0m Creating package script '/home/rokey/ros2_ws/install/dsr_moveit_config_m1013/share/dsr_moveit_config_m1013/package.ps1'
[1.199s] [34mcolcon.colcon_core.shell[0m [1;30mINFO[0m Creating package descriptor '/home/rokey/ros2_ws/install/dsr_moveit_config_m1013/share/dsr_moveit_config_m1013/package.dsv'
[1.199s] [34mcolcon.colcon_core.shell[0m [1;30mINFO[0m Creating package script '/home/rokey/ros2_ws/install/dsr_moveit_config_m1013/share/dsr_moveit_config_m1013/package.sh'
[1.199s] [34mcolcon.colcon_core.shell[0m [1;30mINFO[0m Creating package script '/home/rokey/ros2_ws/install/dsr_moveit_config_m1013/share/dsr_moveit_config_m1013/package.bash'
[1.199s] [34mcolcon.colcon_core.shell[0m [1;30mINFO[0m Creating package script '/home/rokey/ros2_ws/install/dsr_moveit_config_m1013/share/dsr_moveit_config_m1013/package.zsh'
[1.200s] [34mcolcon.colcon_core.environment[0m [1;30mLevel 1[0m create_file_with_runtime_dependencies(/home/rokey/ros2_ws/install/dsr_moveit_config_m1013/share/colcon-core/packages/dsr_moveit_config_m1013)
[1.200s] [34mcolcon.colcon_core.environment[0m [1;30mLevel 1[0m create_environment_scripts_only(dsr_moveit_config_m1013)
[1.200s] [34mcolcon.colcon_core.environment[0m [1;30mLevel 1[0m checking '/home/rokey/ros2_ws/install/dsr_moveit_config_m1013' for CMake module files
[1.200s] [34mcolcon.colcon_core.environment[0m [1;30mLevel 1[0m checking '/home/rokey/ros2_ws/install/dsr_moveit_config_m1013' for CMake config files
[1.200s] [34mcolcon.colcon_core.shell[0m [1;30mLevel 1[0m create_environment_hook('dsr_moveit_config_m1013', 'cmake_prefix_path')
[1.200s] [34mcolcon.colcon_core.shell[0m [1;30mINFO[0m Creating environment hook '/home/rokey/ros2_ws/install/dsr_moveit_config_m1013/share/dsr_moveit_config_m1013/hook/cmake_prefix_path.ps1'
[1.201s] [34mcolcon.colcon_core.shell[0m [1;30mINFO[0m Creating environment descriptor '/home/rokey/ros2_ws/install/dsr_moveit_config_m1013/share/dsr_moveit_config_m1013/hook/cmake_prefix_path.dsv'
[1.201s] [34mcolcon.colcon_core.shell[0m [1;30mINFO[0m Creating environment hook '/home/rokey/ros2_ws/install/dsr_moveit_config_m1013/share/dsr_moveit_config_m1013/hook/cmake_prefix_path.sh'
[1.201s] [34mcolcon.colcon_core.environment[0m [1;30mLevel 1[0m checking '/home/rokey/ros2_ws/install/dsr_moveit_config_m1013/bin'
[1.201s] [34mcolcon.colcon_core.environment[0m [1;30mLevel 1[0m checking '/home/rokey/ros2_ws/install/dsr_moveit_config_m1013/lib/pkgconfig/dsr_moveit_config_m1013.pc'
[1.201s] [34mcolcon.colcon_core.environment[0m [1;30mLevel 1[0m checking '/home/rokey/ros2_ws/install/dsr_moveit_config_m1013/lib/python3.10/site-packages'
[1.202s] [34mcolcon.colcon_core.environment[0m [1;30mLevel 1[0m checking '/home/rokey/ros2_ws/install/dsr_moveit_config_m1013/bin'
[1.202s] [34mcolcon.colcon_core.shell[0m [1;30mINFO[0m Creating package script '/home/rokey/ros2_ws/install/dsr_moveit_config_m1013/share/dsr_moveit_config_m1013/package.ps1'
[1.202s] [34mcolcon.colcon_core.shell[0m [1;30mINFO[0m Creating package descriptor '/home/rokey/ros2_ws/install/dsr_moveit_config_m1013/share/dsr_moveit_config_m1013/package.dsv'
[1.202s] [34mcolcon.colcon_core.shell[0m [1;30mINFO[0m Creating package script '/home/rokey/ros2_ws/install/dsr_moveit_config_m1013/share/dsr_moveit_config_m1013/package.sh'
[1.202s] [34mcolcon.colcon_core.shell[0m [1;30mINFO[0m Creating package script '/home/rokey/ros2_ws/install/dsr_moveit_config_m1013/share/dsr_moveit_config_m1013/package.bash'
[1.203s] [34mcolcon.colcon_core.shell[0m [1;30mINFO[0m Creating package script '/home/rokey/ros2_ws/install/dsr_moveit_config_m1013/share/dsr_moveit_config_m1013/package.zsh'
[1.203s] [34mcolcon.colcon_core.environment[0m [1;30mLevel 1[0m create_file_with_runtime_dependencies(/home/rokey/ros2_ws/install/dsr_moveit_config_m1013/share/colcon-core/packages/dsr_moveit_config_m1013)
[1.205s] [34mcolcon.colcon_ros.task.ament_python.build[0m [1;30mINFO[0m Building ROS package in '/home/rokey/ros2_ws/src/DoosanBootcamp3rd/dsr_rokey/pick_and_place_voice' with build type 'ament_python'
[1.205s] [34mcolcon.colcon_core.event_handler.log_command[0m [1;30mDEBUG[0m [32mInvoked command in '/home/rokey/ros2_ws/build/dsr_moveit_config_m0617' returned '0': CMAKE_PREFIX_PATH=/opt/ros/humble /usr/bin/cmake --build /home/rokey/ros2_ws/build/dsr_moveit_config_m0617 -- -j16 -l16[0m
[1.205s] [34mcolcon.colcon_core.shell[0m [1;30mLevel 1[0m create_environment_hook('pick_and_place_voice', 'ament_prefix_path')
[1.206s] [34mcolcon.colcon_core.shell[0m [1;30mINFO[0m Creating environment hook '/home/rokey/ros2_ws/install/pick_and_place_voice/share/pick_and_place_voice/hook/ament_prefix_path.ps1'
[1.207s] [34mcolcon.colcon_core.event_handler.log_command[0m [1;30mDEBUG[0m [32mInvoking command in '/home/rokey/ros2_ws/build/dsr_moveit_config_m0617': CMAKE_PREFIX_PATH=/opt/ros/humble /usr/bin/cmake --install /home/rokey/ros2_ws/build/dsr_moveit_config_m0617[0m
[1.207s] [34mcolcon.colcon_core.shell[0m [1;30mINFO[0m Creating environment descriptor '/home/rokey/ros2_ws/install/pick_and_place_voice/share/pick_and_place_voice/hook/ament_prefix_path.dsv'
[1.207s] [34mcolcon.colcon_core.shell[0m [1;30mINFO[0m Creating environment hook '/home/rokey/ros2_ws/install/pick_and_place_voice/share/pick_and_place_voice/hook/ament_prefix_path.sh'
[1.208s] [34mcolcon.colcon_core.shell[0m [1;30mINFO[0m Skip shell extension 'powershell' for command environment: Not usable outside of PowerShell
[1.208s] [34mcolcon.colcon_core.shell[0m [1;30mDEBUG[0m [32mSkip shell extension 'dsv' for command environment[0m
[1.212s] [34mcolcon.colcon_ros.task.ament_python.build[0m [1;30mINFO[0m Building ROS package in '/home/rokey/ros2_ws/src/DoosanBootcamp3rd/dsr_rokey/rokey' with build type 'ament_python'
[1.212s] [34mcolcon.colcon_core.shell[0m [1;30mLevel 1[0m create_environment_hook('rokey', 'ament_prefix_path')
[1.212s] [34mcolcon.colcon_core.shell[0m [1;30mINFO[0m Creating environment hook '/home/rokey/ros2_ws/install/rokey/share/rokey/hook/ament_prefix_path.ps1'
[1.213s] [34mcolcon.colcon_core.shell[0m [1;30mINFO[0m Creating environment descriptor '/home/rokey/ros2_ws/install/rokey/share/rokey/hook/ament_prefix_path.dsv'
[1.213s] [34mcolcon.colcon_core.shell[0m [1;30mINFO[0m Creating environment hook '/home/rokey/ros2_ws/install/rokey/share/rokey/hook/ament_prefix_path.sh'
[1.213s] [34mcolcon.colcon_core.shell[0m [1;30mINFO[0m Skip shell extension 'powershell' for command environment: Not usable outside of PowerShell
[1.213s] [34mcolcon.colcon_core.shell[0m [1;30mDEBUG[0m [32mSkip shell extension 'dsv' for command environment[0m
[1.218s] [34mcolcon.colcon_core.environment[0m [1;30mLevel 1[0m create_environment_scripts_only(dsr_common2)
[1.218s] [34mcolcon.colcon_core.environment[0m [1;30mLevel 1[0m checking '/home/rokey/ros2_ws/install/dsr_common2' for CMake module files
[1.219s] [34mcolcon.colcon_core.environment[0m [1;30mLevel 1[0m checking '/home/rokey/ros2_ws/install/dsr_common2' for CMake config files
[1.221s] [34mcolcon.colcon_core.shell[0m [1;30mLevel 1[0m create_environment_hook('dsr_common2', 'cmake_prefix_path')
[1.221s] [34mcolcon.colcon_core.shell[0m [1;30mINFO[0m Creating environment hook '/home/rokey/ros2_ws/install/dsr_common2/share/dsr_common2/hook/cmake_prefix_path.ps1'
[1.222s] [34mcolcon.colcon_core.shell[0m [1;30mINFO[0m Creating environment descriptor '/home/rokey/ros2_ws/install/dsr_common2/share/dsr_common2/hook/cmake_prefix_path.dsv'
[1.223s] [34mcolcon.colcon_core.shell[0m [1;30mINFO[0m Creating environment hook '/home/rokey/ros2_ws/install/dsr_common2/share/dsr_common2/hook/cmake_prefix_path.sh'
[1.223s] [34mcolcon.colcon_core.event_handler.log_command[0m [1;30mDEBUG[0m [32mInvoked command in '/home/rokey/ros2_ws/build/dsr_common2' returned '0': CMAKE_PREFIX_PATH=/opt/ros/humble /usr/bin/cmake --install /home/rokey/ros2_ws/build/dsr_common2[0m
[1.223s] [34mcolcon.colcon_core.environment[0m [1;30mLevel 1[0m checking '/home/rokey/ros2_ws/install/dsr_common2/lib'
[1.224s] [34mcolcon.colcon_core.environment[0m [1;30mLevel 1[0m checking '/home/rokey/ros2_ws/install/dsr_common2/bin'
[1.224s] [34mcolcon.colcon_core.environment[0m [1;30mLevel 1[0m checking '/home/rokey/ros2_ws/install/dsr_common2/lib/pkgconfig/dsr_common2.pc'
[1.224s] [34mcolcon.colcon_core.environment[0m [1;30mLevel 1[0m checking '/home/rokey/ros2_ws/install/dsr_common2/lib/python3.10/site-packages'
[1.224s] [34mcolcon.colcon_core.environment[0m [1;30mLevel 1[0m checking '/home/rokey/ros2_ws/install/dsr_common2/bin'
[1.224s] [34mcolcon.colcon_core.shell[0m [1;30mINFO[0m Creating package script '/home/rokey/ros2_ws/install/dsr_common2/share/dsr_common2/package.ps1'
[1.224s] [34mcolcon.colcon_core.shell[0m [1;30mINFO[0m Creating package descriptor '/home/rokey/ros2_ws/install/dsr_common2/share/dsr_common2/package.dsv'
[1.225s] [34mcolcon.colcon_core.shell[0m [1;30mINFO[0m Creating package script '/home/rokey/ros2_ws/install/dsr_common2/share/dsr_common2/package.sh'
[1.225s] [34mcolcon.colcon_core.shell[0m [1;30mINFO[0m Creating package script '/home/rokey/ros2_ws/install/dsr_common2/share/dsr_common2/package.bash'
[1.225s] [34mcolcon.colcon_core.shell[0m [1;30mINFO[0m Creating package script '/home/rokey/ros2_ws/install/dsr_common2/share/dsr_common2/package.zsh'
[1.225s] [34mcolcon.colcon_core.environment[0m [1;30mLevel 1[0m create_file_with_runtime_dependencies(/home/rokey/ros2_ws/install/dsr_common2/share/colcon-core/packages/dsr_common2)
[1.225s] [34mcolcon.colcon_core.environment[0m [1;30mLevel 1[0m create_environment_scripts_only(dsr_common2)
[1.226s] [34mcolcon.colcon_core.environment[0m [1;30mLevel 1[0m checking '/home/rokey/ros2_ws/install/dsr_common2' for CMake module files
[1.226s] [34mcolcon.colcon_core.environment[0m [1;30mLevel 1[0m checking '/home/rokey/ros2_ws/install/dsr_common2' for CMake config files
[1.226s] [34mcolcon.colcon_core.shell[0m [1;30mLevel 1[0m create_environment_hook('dsr_common2', 'cmake_prefix_path')
[1.226s] [34mcolcon.colcon_core.shell[0m [1;30mINFO[0m Creating environment hook '/home/rokey/ros2_ws/install/dsr_common2/share/dsr_common2/hook/cmake_prefix_path.ps1'
[1.226s] [34mcolcon.colcon_core.shell[0m [1;30mINFO[0m Creating environment descriptor '/home/rokey/ros2_ws/install/dsr_common2/share/dsr_common2/hook/cmake_prefix_path.dsv'
[1.227s] [34mcolcon.colcon_core.shell[0m [1;30mINFO[0m Creating environment hook '/home/rokey/ros2_ws/install/dsr_common2/share/dsr_common2/hook/cmake_prefix_path.sh'
[1.227s] [34mcolcon.colcon_core.environment[0m [1;30mLevel 1[0m checking '/home/rokey/ros2_ws/install/dsr_common2/lib'
[1.227s] [34mcolcon.colcon_core.environment[0m [1;30mLevel 1[0m checking '/home/rokey/ros2_ws/install/dsr_common2/bin'
[1.227s] [34mcolcon.colcon_core.environment[0m [1;30mLevel 1[0m checking '/home/rokey/ros2_ws/install/dsr_common2/lib/pkgconfig/dsr_common2.pc'
[1.227s] [34mcolcon.colcon_core.environment[0m [1;30mLevel 1[0m checking '/home/rokey/ros2_ws/install/dsr_common2/lib/python3.10/site-packages'
[1.227s] [34mcolcon.colcon_core.environment[0m [1;30mLevel 1[0m checking '/home/rokey/ros2_ws/install/dsr_common2/bin'
[1.227s] [34mcolcon.colcon_core.shell[0m [1;30mINFO[0m Creating package script '/home/rokey/ros2_ws/install/dsr_common2/share/dsr_common2/package.ps1'
[1.228s] [34mcolcon.colcon_core.shell[0m [1;30mINFO[0m Creating package descriptor '/home/rokey/ros2_ws/install/dsr_common2/share/dsr_common2/package.dsv'
[1.228s] [34mcolcon.colcon_core.shell[0m [1;30mINFO[0m Creating package script '/home/rokey/ros2_ws/install/dsr_common2/share/dsr_common2/package.sh'
[1.228s] [34mcolcon.colcon_core.shell[0m [1;30mINFO[0m Creating package script '/home/rokey/ros2_ws/install/dsr_common2/share/dsr_common2/package.bash'
[1.228s] [34mcolcon.colcon_core.shell[0m [1;30mINFO[0m Creating package script '/home/rokey/ros2_ws/install/dsr_common2/share/dsr_common2/package.zsh'
[1.229s] [34mcolcon.colcon_core.environment[0m [1;30mLevel 1[0m create_file_with_runtime_dependencies(/home/rokey/ros2_ws/install/dsr_common2/share/colcon-core/packages/dsr_common2)
[1.229s] [34mcolcon.colcon_core.environment[0m [1;30mLevel 1[0m create_environment_scripts_only(dsr_moveit_config_m1509)
[1.229s] [34mcolcon.colcon_core.environment[0m [1;30mLevel 1[0m checking '/home/rokey/ros2_ws/install/dsr_moveit_config_m1509' for CMake module files
[1.230s] [34mcolcon.colcon_core.event_handler.log_command[0m [1;30mDEBUG[0m [32mInvoked command in '/home/rokey/ros2_ws/build/dsr_moveit_config_m1509' returned '0': CMAKE_PREFIX_PATH=/opt/ros/humble /usr/bin/cmake --install /home/rokey/ros2_ws/build/dsr_moveit_config_m1509[0m
[1.230s] [34mcolcon.colcon_core.environment[0m [1;30mLevel 1[0m checking '/home/rokey/ros2_ws/install/dsr_moveit_config_m1509' for CMake config files
[1.230s] [34mcolcon.colcon_core.shell[0m [1;30mLevel 1[0m create_environment_hook('dsr_moveit_config_m1509', 'cmake_prefix_path')
[1.231s] [34mcolcon.colcon_core.shell[0m [1;30mINFO[0m Creating environment hook '/home/rokey/ros2_ws/install/dsr_moveit_config_m1509/share/dsr_moveit_config_m1509/hook/cmake_prefix_path.ps1'
[1.231s] [34mcolcon.colcon_core.shell[0m [1;30mINFO[0m Creating environment descriptor '/home/rokey/ros2_ws/install/dsr_moveit_config_m1509/share/dsr_moveit_config_m1509/hook/cmake_prefix_path.dsv'
[1.231s] [34mcolcon.colcon_core.shell[0m [1;30mINFO[0m Creating environment hook '/home/rokey/ros2_ws/install/dsr_moveit_config_m1509/share/dsr_moveit_config_m1509/hook/cmake_prefix_path.sh'
[1.231s] [34mcolcon.colcon_core.environment[0m [1;30mLevel 1[0m checking '/home/rokey/ros2_ws/install/dsr_moveit_config_m1509/bin'
[1.231s] [34mcolcon.colcon_core.environment[0m [1;30mLevel 1[0m checking '/home/rokey/ros2_ws/install/dsr_moveit_config_m1509/lib/pkgconfig/dsr_moveit_config_m1509.pc'
[1.231s] [34mcolcon.colcon_core.environment[0m [1;30mLevel 1[0m checking '/home/rokey/ros2_ws/install/dsr_moveit_config_m1509/lib/python3.10/site-packages'
[1.232s] [34mcolcon.colcon_core.environment[0m [1;30mLevel 1[0m checking '/home/rokey/ros2_ws/install/dsr_moveit_config_m1509/bin'
[1.232s] [34mcolcon.colcon_core.shell[0m [1;30mINFO[0m Creating package script '/home/rokey/ros2_ws/install/dsr_moveit_config_m1509/share/dsr_moveit_config_m1509/package.ps1'
[1.232s] [34mcolcon.colcon_core.shell[0m [1;30mINFO[0m Creating package descriptor '/home/rokey/ros2_ws/install/dsr_moveit_config_m1509/share/dsr_moveit_config_m1509/package.dsv'
[1.232s] [34mcolcon.colcon_core.shell[0m [1;30mINFO[0m Creating package script '/home/rokey/ros2_ws/install/dsr_moveit_config_m1509/share/dsr_moveit_config_m1509/package.sh'
[1.233s] [34mcolcon.colcon_core.shell[0m [1;30mINFO[0m Creating package script '/home/rokey/ros2_ws/install/dsr_moveit_config_m1509/share/dsr_moveit_config_m1509/package.bash'
[1.233s] [34mcolcon.colcon_core.shell[0m [1;30mINFO[0m Creating package script '/home/rokey/ros2_ws/install/dsr_moveit_config_m1509/share/dsr_moveit_config_m1509/package.zsh'
[1.233s] [34mcolcon.colcon_core.environment[0m [1;30mLevel 1[0m create_file_with_runtime_dependencies(/home/rokey/ros2_ws/install/dsr_moveit_config_m1509/share/colcon-core/packages/dsr_moveit_config_m1509)
[1.233s] [34mcolcon.colcon_core.environment[0m [1;30mLevel 1[0m create_environment_scripts_only(dsr_moveit_config_m1509)
[1.233s] [34mcolcon.colcon_core.environment[0m [1;30mLevel 1[0m checking '/home/rokey/ros2_ws/install/dsr_moveit_config_m1509' for CMake module files
[1.233s] [34mcolcon.colcon_core.environment[0m [1;30mLevel 1[0m checking '/home/rokey/ros2_ws/install/dsr_moveit_config_m1509' for CMake config files
[1.234s] [34mcolcon.colcon_core.shell[0m [1;30mLevel 1[0m create_environment_hook('dsr_moveit_config_m1509', 'cmake_prefix_path')
[1.234s] [34mcolcon.colcon_core.shell[0m [1;30mINFO[0m Creating environment hook '/home/rokey/ros2_ws/install/dsr_moveit_config_m1509/share/dsr_moveit_config_m1509/hook/cmake_prefix_path.ps1'
[1.234s] [34mcolcon.colcon_core.shell[0m [1;30mINFO[0m Creating environment descriptor '/home/rokey/ros2_ws/install/dsr_moveit_config_m1509/share/dsr_moveit_config_m1509/hook/cmake_prefix_path.dsv'
[1.234s] [34mcolcon.colcon_core.shell[0m [1;30mINFO[0m Creating environment hook '/home/rokey/ros2_ws/install/dsr_moveit_config_m1509/share/dsr_moveit_config_m1509/hook/cmake_prefix_path.sh'
[1.234s] [34mcolcon.colcon_core.environment[0m [1;30mLevel 1[0m checking '/home/rokey/ros2_ws/install/dsr_moveit_config_m1509/bin'
[1.235s] [34mcolcon.colcon_core.environment[0m [1;30mLevel 1[0m checking '/home/rokey/ros2_ws/install/dsr_moveit_config_m1509/lib/pkgconfig/dsr_moveit_config_m1509.pc'
[1.235s] [34mcolcon.colcon_core.environment[0m [1;30mLevel 1[0m checking '/home/rokey/ros2_ws/install/dsr_moveit_config_m1509/lib/python3.10/site-packages'
[1.235s] [34mcolcon.colcon_core.environment[0m [1;30mLevel 1[0m checking '/home/rokey/ros2_ws/install/dsr_moveit_config_m1509/bin'
[1.235s] [34mcolcon.colcon_core.shell[0m [1;30mINFO[0m Creating package script '/home/rokey/ros2_ws/install/dsr_moveit_config_m1509/share/dsr_moveit_config_m1509/package.ps1'
[1.235s] [34mcolcon.colcon_core.shell[0m [1;30mINFO[0m Creating package descriptor '/home/rokey/ros2_ws/install/dsr_moveit_config_m1509/share/dsr_moveit_config_m1509/package.dsv'
[1.236s] [34mcolcon.colcon_core.shell[0m [1;30mINFO[0m Creating package script '/home/rokey/ros2_ws/install/dsr_moveit_config_m1509/share/dsr_moveit_config_m1509/package.sh'
[1.236s] [34mcolcon.colcon_core.shell[0m [1;30mINFO[0m Creating package script '/home/rokey/ros2_ws/install/dsr_moveit_config_m1509/share/dsr_moveit_config_m1509/package.bash'
[1.236s] [34mcolcon.colcon_core.shell[0m [1;30mINFO[0m Creating package script '/home/rokey/ros2_ws/install/dsr_moveit_config_m1509/share/dsr_moveit_config_m1509/package.zsh'
[1.236s] [34mcolcon.colcon_core.environment[0m [1;30mLevel 1[0m create_file_with_runtime_dependencies(/home/rokey/ros2_ws/install/dsr_moveit_config_m1509/share/colcon-core/packages/dsr_moveit_config_m1509)
[1.236s] [34mcolcon.colcon_core.environment[0m [1;30mLevel 1[0m create_environment_scripts_only(dsr_moveit_config_e0509)
[1.237s] [34mcolcon.colcon_core.environment[0m [1;30mLevel 1[0m checking '/home/rokey/ros2_ws/install/dsr_moveit_config_e0509' for CMake module files
[1.237s] [34mcolcon.colcon_core.environment[0m [1;30mLevel 1[0m checking '/home/rokey/ros2_ws/install/dsr_moveit_config_e0509' for CMake config files
[1.237s] [34mcolcon.colcon_core.event_handler.log_command[0m [1;30mDEBUG[0m [32mInvoked command in '/home/rokey/ros2_ws/build/dsr_moveit_config_e0509' returned '0': CMAKE_PREFIX_PATH=/opt/ros/humble /usr/bin/cmake --install /home/rokey/ros2_ws/build/dsr_moveit_config_e0509[0m
[1.238s] [34mcolcon.colcon_core.shell[0m [1;30mLevel 1[0m create_environment_hook('dsr_moveit_config_e0509', 'cmake_prefix_path')
[1.238s] [34mcolcon.colcon_core.shell[0m [1;30mINFO[0m Creating environment hook '/home/rokey/ros2_ws/install/dsr_moveit_config_e0509/share/dsr_moveit_config_e0509/hook/cmake_prefix_path.ps1'
[1.238s] [34mcolcon.colcon_core.shell[0m [1;30mINFO[0m Creating environment descriptor '/home/rokey/ros2_ws/install/dsr_moveit_config_e0509/share/dsr_moveit_config_e0509/hook/cmake_prefix_path.dsv'
[1.238s] [34mcolcon.colcon_core.shell[0m [1;30mINFO[0m Creating environment hook '/home/rokey/ros2_ws/install/dsr_moveit_config_e0509/share/dsr_moveit_config_e0509/hook/cmake_prefix_path.sh'
[1.238s] [34mcolcon.colcon_core.environment[0m [1;30mLevel 1[0m checking '/home/rokey/ros2_ws/install/dsr_moveit_config_e0509/bin'
[1.238s] [34mcolcon.colcon_core.environment[0m [1;30mLevel 1[0m checking '/home/rokey/ros2_ws/install/dsr_moveit_config_e0509/lib/pkgconfig/dsr_moveit_config_e0509.pc'
[1.239s] [34mcolcon.colcon_core.environment[0m [1;30mLevel 1[0m checking '/home/rokey/ros2_ws/install/dsr_moveit_config_e0509/lib/python3.10/site-packages'
[1.239s] [34mcolcon.colcon_core.environment[0m [1;30mLevel 1[0m checking '/home/rokey/ros2_ws/install/dsr_moveit_config_e0509/bin'
[1.239s] [34mcolcon.colcon_core.shell[0m [1;30mINFO[0m Creating package script '/home/rokey/ros2_ws/install/dsr_moveit_config_e0509/share/dsr_moveit_config_e0509/package.ps1'
[1.239s] [34mcolcon.colcon_core.shell[0m [1;30mINFO[0m Creating package descriptor '/home/rokey/ros2_ws/install/dsr_moveit_config_e0509/share/dsr_moveit_config_e0509/package.dsv'
[1.239s] [34mcolcon.colcon_core.shell[0m [1;30mINFO[0m Creating package script '/home/rokey/ros2_ws/install/dsr_moveit_config_e0509/share/dsr_moveit_config_e0509/package.sh'
[1.240s] [34mcolcon.colcon_core.shell[0m [1;30mINFO[0m Creating package script '/home/rokey/ros2_ws/install/dsr_moveit_config_e0509/share/dsr_moveit_config_e0509/package.bash'
[1.240s] [34mcolcon.colcon_core.shell[0m [1;30mINFO[0m Creating package script '/home/rokey/ros2_ws/install/dsr_moveit_config_e0509/share/dsr_moveit_config_e0509/package.zsh'
[1.240s] [34mcolcon.colcon_core.environment[0m [1;30mLevel 1[0m create_file_with_runtime_dependencies(/home/rokey/ros2_ws/install/dsr_moveit_config_e0509/share/colcon-core/packages/dsr_moveit_config_e0509)
[1.240s] [34mcolcon.colcon_core.environment[0m [1;30mLevel 1[0m create_environment_scripts_only(dsr_moveit_config_e0509)
[1.240s] [34mcolcon.colcon_core.environment[0m [1;30mLevel 1[0m checking '/home/rokey/ros2_ws/install/dsr_moveit_config_e0509' for CMake module files
[1.241s] [34mcolcon.colcon_core.environment[0m [1;30mLevel 1[0m checking '/home/rokey/ros2_ws/install/dsr_moveit_config_e0509' for CMake config files
[1.241s] [34mcolcon.colcon_core.shell[0m [1;30mLevel 1[0m create_environment_hook('dsr_moveit_config_e0509', 'cmake_prefix_path')
[1.241s] [34mcolcon.colcon_core.shell[0m [1;30mINFO[0m Creating environment hook '/home/rokey/ros2_ws/install/dsr_moveit_config_e0509/share/dsr_moveit_config_e0509/hook/cmake_prefix_path.ps1'
[1.241s] [34mcolcon.colcon_core.shell[0m [1;30mINFO[0m Creating environment descriptor '/home/rokey/ros2_ws/install/dsr_moveit_config_e0509/share/dsr_moveit_config_e0509/hook/cmake_prefix_path.dsv'
[1.241s] [34mcolcon.colcon_core.shell[0m [1;30mINFO[0m Creating environment hook '/home/rokey/ros2_ws/install/dsr_moveit_config_e0509/share/dsr_moveit_config_e0509/hook/cmake_prefix_path.sh'
[1.242s] [34mcolcon.colcon_core.environment[0m [1;30mLevel 1[0m checking '/home/rokey/ros2_ws/install/dsr_moveit_config_e0509/bin'
[1.242s] [34mcolcon.colcon_core.environment[0m [1;30mLevel 1[0m checking '/home/rokey/ros2_ws/install/dsr_moveit_config_e0509/lib/pkgconfig/dsr_moveit_config_e0509.pc'
[1.242s] [34mcolcon.colcon_core.environment[0m [1;30mLevel 1[0m checking '/home/rokey/ros2_ws/install/dsr_moveit_config_e0509/lib/python3.10/site-packages'
[1.242s] [34mcolcon.colcon_core.environment[0m [1;30mLevel 1[0m checking '/home/rokey/ros2_ws/install/dsr_moveit_config_e0509/bin'
[1.242s] [34mcolcon.colcon_core.shell[0m [1;30mINFO[0m Creating package script '/home/rokey/ros2_ws/install/dsr_moveit_config_e0509/share/dsr_moveit_config_e0509/package.ps1'
[1.242s] [34mcolcon.colcon_core.shell[0m [1;30mINFO[0m Creating package descriptor '/home/rokey/ros2_ws/install/dsr_moveit_config_e0509/share/dsr_moveit_config_e0509/package.dsv'
[1.243s] [34mcolcon.colcon_core.shell[0m [1;30mINFO[0m Creating package script '/home/rokey/ros2_ws/install/dsr_moveit_config_e0509/share/dsr_moveit_config_e0509/package.sh'
[1.243s] [34mcolcon.colcon_core.shell[0m [1;30mINFO[0m Creating package script '/home/rokey/ros2_ws/install/dsr_moveit_config_e0509/share/dsr_moveit_config_e0509/package.bash'
[1.243s] [34mcolcon.colcon_core.shell[0m [1;30mINFO[0m Creating package script '/home/rokey/ros2_ws/install/dsr_moveit_config_e0509/share/dsr_moveit_config_e0509/package.zsh'
[1.243s] [34mcolcon.colcon_core.environment[0m [1;30mLevel 1[0m create_file_with_runtime_dependencies(/home/rokey/ros2_ws/install/dsr_moveit_config_e0509/share/colcon-core/packages/dsr_moveit_config_e0509)
[1.245s] [34mcolcon.colcon_core.environment[0m [1;30mLevel 1[0m create_environment_scripts_only(dsr_moveit_config_m0609)
[1.245s] [34mcolcon.colcon_core.environment[0m [1;30mLevel 1[0m checking '/home/rokey/ros2_ws/install/dsr_moveit_config_m0609' for CMake module files
[1.245s] [34mcolcon.colcon_core.event_handler.log_command[0m [1;30mDEBUG[0m [32mInvoked command in '/home/rokey/ros2_ws/build/dsr_moveit_config_a0509' returned '0': CMAKE_PREFIX_PATH=/opt/ros/humble /usr/bin/cmake --build /home/rokey/ros2_ws/build/dsr_moveit_config_a0509 -- -j16 -l16[0m
[1.246s] [34mcolcon.colcon_core.event_handler.log_command[0m [1;30mDEBUG[0m [32mInvoking command in '/home/rokey/ros2_ws/build/dsr_moveit_config_a0509': CMAKE_PREFIX_PATH=/opt/ros/humble /usr/bin/cmake --install /home/rokey/ros2_ws/build/dsr_moveit_config_a0509[0m
[1.246s] [34mcolcon.colcon_core.event_handler.log_command[0m [1;30mDEBUG[0m [32mInvoked command in '/home/rokey/ros2_ws/build/dsr_moveit_config_m0609' returned '0': CMAKE_PREFIX_PATH=/opt/ros/humble /usr/bin/cmake --install /home/rokey/ros2_ws/build/dsr_moveit_config_m0609[0m
[1.246s] [34mcolcon.colcon_core.environment[0m [1;30mLevel 1[0m checking '/home/rokey/ros2_ws/install/dsr_moveit_config_m0609' for CMake config files
[1.246s] [34mcolcon.colcon_core.shell[0m [1;30mLevel 1[0m create_environment_hook('dsr_moveit_config_m0609', 'cmake_prefix_path')
[1.247s] [34mcolcon.colcon_core.shell[0m [1;30mINFO[0m Creating environment hook '/home/rokey/ros2_ws/install/dsr_moveit_config_m0609/share/dsr_moveit_config_m0609/hook/cmake_prefix_path.ps1'
[1.247s] [34mcolcon.colcon_core.shell[0m [1;30mINFO[0m Creating environment descriptor '/home/rokey/ros2_ws/install/dsr_moveit_config_m0609/share/dsr_moveit_config_m0609/hook/cmake_prefix_path.dsv'
[1.247s] [34mcolcon.colcon_core.shell[0m [1;30mINFO[0m Creating environment hook '/home/rokey/ros2_ws/install/dsr_moveit_config_m0609/share/dsr_moveit_config_m0609/hook/cmake_prefix_path.sh'
[1.248s] [34mcolcon.colcon_core.environment[0m [1;30mLevel 1[0m checking '/home/rokey/ros2_ws/install/dsr_moveit_config_m0609/bin'
[1.248s] [34mcolcon.colcon_core.environment[0m [1;30mLevel 1[0m checking '/home/rokey/ros2_ws/install/dsr_moveit_config_m0609/lib/pkgconfig/dsr_moveit_config_m0609.pc'
[1.248s] [34mcolcon.colcon_core.environment[0m [1;30mLevel 1[0m checking '/home/rokey/ros2_ws/install/dsr_moveit_config_m0609/lib/python3.10/site-packages'
[1.248s] [34mcolcon.colcon_core.environment[0m [1;30mLevel 1[0m checking '/home/rokey/ros2_ws/install/dsr_moveit_config_m0609/bin'
[1.248s] [34mcolcon.colcon_core.shell[0m [1;30mINFO[0m Creating package script '/home/rokey/ros2_ws/install/dsr_moveit_config_m0609/share/dsr_moveit_config_m0609/package.ps1'
[1.248s] [34mcolcon.colcon_core.shell[0m [1;30mINFO[0m Creating package descriptor '/home/rokey/ros2_ws/install/dsr_moveit_config_m0609/share/dsr_moveit_config_m0609/package.dsv'
[1.249s] [34mcolcon.colcon_core.shell[0m [1;30mINFO[0m Creating package script '/home/rokey/ros2_ws/install/dsr_moveit_config_m0609/share/dsr_moveit_config_m0609/package.sh'
[1.249s] [34mcolcon.colcon_core.shell[0m [1;30mINFO[0m Creating package script '/home/rokey/ros2_ws/install/dsr_moveit_config_m0609/share/dsr_moveit_config_m0609/package.bash'
[1.249s] [34mcolcon.colcon_core.shell[0m [1;30mINFO[0m Creating package script '/home/rokey/ros2_ws/install/dsr_moveit_config_m0609/share/dsr_moveit_config_m0609/package.zsh'
[1.249s] [34mcolcon.colcon_core.environment[0m [1;30mLevel 1[0m create_file_with_runtime_dependencies(/home/rokey/ros2_ws/install/dsr_moveit_config_m0609/share/colcon-core/packages/dsr_moveit_config_m0609)
[1.249s] [34mcolcon.colcon_core.environment[0m [1;30mLevel 1[0m create_environment_scripts_only(dsr_moveit_config_m0609)
[1.250s] [34mcolcon.colcon_core.environment[0m [1;30mLevel 1[0m checking '/home/rokey/ros2_ws/install/dsr_moveit_config_m0609' for CMake module files
[1.250s] [34mcolcon.colcon_core.environment[0m [1;30mLevel 1[0m checking '/home/rokey/ros2_ws/install/dsr_moveit_config_m0609' for CMake config files
[1.250s] [34mcolcon.colcon_core.shell[0m [1;30mLevel 1[0m create_environment_hook('dsr_moveit_config_m0609', 'cmake_prefix_path')
[1.250s] [34mcolcon.colcon_core.shell[0m [1;30mINFO[0m Creating environment hook '/home/rokey/ros2_ws/install/dsr_moveit_config_m0609/share/dsr_moveit_config_m0609/hook/cmake_prefix_path.ps1'
[1.250s] [34mcolcon.colcon_core.shell[0m [1;30mINFO[0m Creating environment descriptor '/home/rokey/ros2_ws/install/dsr_moveit_config_m0609/share/dsr_moveit_config_m0609/hook/cmake_prefix_path.dsv'
[1.251s] [34mcolcon.colcon_core.shell[0m [1;30mINFO[0m Creating environment hook '/home/rokey/ros2_ws/install/dsr_moveit_config_m0609/share/dsr_moveit_config_m0609/hook/cmake_prefix_path.sh'
[1.251s] [34mcolcon.colcon_core.environment[0m [1;30mLevel 1[0m checking '/home/rokey/ros2_ws/install/dsr_moveit_config_m0609/bin'
[1.251s] [34mcolcon.colcon_core.environment[0m [1;30mLevel 1[0m checking '/home/rokey/ros2_ws/install/dsr_moveit_config_m0609/lib/pkgconfig/dsr_moveit_config_m0609.pc'
[1.251s] [34mcolcon.colcon_core.environment[0m [1;30mLevel 1[0m checking '/home/rokey/ros2_ws/install/dsr_moveit_config_m0609/lib/python3.10/site-packages'
[1.251s] [34mcolcon.colcon_core.environment[0m [1;30mLevel 1[0m checking '/home/rokey/ros2_ws/install/dsr_moveit_config_m0609/bin'
[1.252s] [34mcolcon.colcon_core.shell[0m [1;30mINFO[0m Creating package script '/home/rokey/ros2_ws/install/dsr_moveit_config_m0609/share/dsr_moveit_config_m0609/package.ps1'
[1.252s] [34mcolcon.colcon_core.shell[0m [1;30mINFO[0m Creating package descriptor '/home/rokey/ros2_ws/install/dsr_moveit_config_m0609/share/dsr_moveit_config_m0609/package.dsv'
[1.252s] [34mcolcon.colcon_core.shell[0m [1;30mINFO[0m Creating package script '/home/rokey/ros2_ws/install/dsr_moveit_config_m0609/share/dsr_moveit_config_m0609/package.sh'
[1.253s] [34mcolcon.colcon_core.shell[0m [1;30mINFO[0m Creating package script '/home/rokey/ros2_ws/install/dsr_moveit_config_m0609/share/dsr_moveit_config_m0609/package.bash'
[1.253s] [34mcolcon.colcon_core.shell[0m [1;30mINFO[0m Creating package script '/home/rokey/ros2_ws/install/dsr_moveit_config_m0609/share/dsr_moveit_config_m0609/package.zsh'
[1.253s] [34mcolcon.colcon_core.environment[0m [1;30mLevel 1[0m create_file_with_runtime_dependencies(/home/rokey/ros2_ws/install/dsr_moveit_config_m0609/share/colcon-core/packages/dsr_moveit_config_m0609)
[1.255s] [34mcolcon.colcon_core.event_handler.log_command[0m [1;30mDEBUG[0m [32mInvoked command in '/home/rokey/ros2_ws/build/dsr_description2' returned '0': CMAKE_PREFIX_PATH=/opt/ros/humble /usr/bin/cmake --build /home/rokey/ros2_ws/build/dsr_description2 -- -j16 -l16[0m
[1.255s] [34mcolcon.colcon_core.event_handler.log_command[0m [1;30mDEBUG[0m [32mInvoking command in '/home/rokey/ros2_ws/build/dsr_description2': CMAKE_PREFIX_PATH=/opt/ros/humble /usr/bin/cmake --install /home/rokey/ros2_ws/build/dsr_description2[0m
[1.255s] [34mcolcon.colcon_ros.task.ament_python.build[0m [1;30mINFO[0m Building ROS package in '/home/rokey/ros2_ws/src/DoosanBootcamp3rd/dsr_example2/dsr_example' with build type 'ament_python'
[1.256s] [34mcolcon.colcon_core.shell[0m [1;30mLevel 1[0m create_environment_hook('dsr_example', 'ament_prefix_path')
[1.256s] [34mcolcon.colcon_core.shell[0m [1;30mINFO[0m Creating environment hook '/home/rokey/ros2_ws/install/dsr_example/share/dsr_example/hook/ament_prefix_path.ps1'
[1.256s] [34mcolcon.colcon_core.shell[0m [1;30mINFO[0m Creating environment descriptor '/home/rokey/ros2_ws/install/dsr_example/share/dsr_example/hook/ament_prefix_path.dsv'
[1.257s] [34mcolcon.colcon_core.shell[0m [1;30mINFO[0m Creating environment hook '/home/rokey/ros2_ws/install/dsr_example/share/dsr_example/hook/ament_prefix_path.sh'
[1.257s] [34mcolcon.colcon_core.shell[0m [1;30mINFO[0m Skip shell extension 'powershell' for command environment: Not usable outside of PowerShell
[1.258s] [34mcolcon.colcon_core.shell[0m [1;30mDEBUG[0m [32mSkip shell extension 'dsv' for command environment[0m
[1.261s] [34mcolcon.colcon_core.event_handler.log_command[0m [1;30mDEBUG[0m [32mInvoked command in '/home/rokey/ros2_ws/build/dsr_moveit_config_p3020' returned '0': CMAKE_PREFIX_PATH=/opt/ros/humble /usr/bin/cmake --build /home/rokey/ros2_ws/build/dsr_moveit_config_p3020 -- -j16 -l16[0m
[1.262s] [34mcolcon.colcon_core.environment[0m [1;30mLevel 1[0m create_environment_scripts_only(dsr_moveit_config_a0912)
[1.263s] [34mcolcon.colcon_core.environment[0m [1;30mLevel 1[0m checking '/home/rokey/ros2_ws/install/dsr_moveit_config_a0912' for CMake module files
[1.263s] [34mcolcon.colcon_core.event_handler.log_command[0m [1;30mDEBUG[0m [32mInvoking command in '/home/rokey/ros2_ws/build/dsr_moveit_config_p3020': CMAKE_PREFIX_PATH=/opt/ros/humble /usr/bin/cmake --install /home/rokey/ros2_ws/build/dsr_moveit_config_p3020[0m
[1.263s] [34mcolcon.colcon_core.event_handler.log_command[0m [1;30mDEBUG[0m [32mInvoked command in '/home/rokey/ros2_ws/build/dsr_moveit_config_a0912' returned '0': CMAKE_PREFIX_PATH=/opt/ros/humble /usr/bin/cmake --install /home/rokey/ros2_ws/build/dsr_moveit_config_a0912[0m
[1.263s] [34mcolcon.colcon_core.environment[0m [1;30mLevel 1[0m checking '/home/rokey/ros2_ws/install/dsr_moveit_config_a0912' for CMake config files
[1.264s] [34mcolcon.colcon_core.shell[0m [1;30mLevel 1[0m create_environment_hook('dsr_moveit_config_a0912', 'cmake_prefix_path')
[1.264s] [34mcolcon.colcon_core.shell[0m [1;30mINFO[0m Creating environment hook '/home/rokey/ros2_ws/install/dsr_moveit_config_a0912/share/dsr_moveit_config_a0912/hook/cmake_prefix_path.ps1'
[1.264s] [34mcolcon.colcon_core.shell[0m [1;30mINFO[0m Creating environment descriptor '/home/rokey/ros2_ws/install/dsr_moveit_config_a0912/share/dsr_moveit_config_a0912/hook/cmake_prefix_path.dsv'
[1.264s] [34mcolcon.colcon_core.shell[0m [1;30mINFO[0m Creating environment hook '/home/rokey/ros2_ws/install/dsr_moveit_config_a0912/share/dsr_moveit_config_a0912/hook/cmake_prefix_path.sh'
[1.264s] [34mcolcon.colcon_core.environment[0m [1;30mLevel 1[0m checking '/home/rokey/ros2_ws/install/dsr_moveit_config_a0912/bin'
[1.265s] [34mcolcon.colcon_core.environment[0m [1;30mLevel 1[0m checking '/home/rokey/ros2_ws/install/dsr_moveit_config_a0912/lib/pkgconfig/dsr_moveit_config_a0912.pc'
[1.265s] [34mcolcon.colcon_core.environment[0m [1;30mLevel 1[0m checking '/home/rokey/ros2_ws/install/dsr_moveit_config_a0912/lib/python3.10/site-packages'
[1.265s] [34mcolcon.colcon_core.environment[0m [1;30mLevel 1[0m checking '/home/rokey/ros2_ws/install/dsr_moveit_config_a0912/bin'
[1.265s] [34mcolcon.colcon_core.shell[0m [1;30mINFO[0m Creating package script '/home/rokey/ros2_ws/install/dsr_moveit_config_a0912/share/dsr_moveit_config_a0912/package.ps1'
[1.265s] [34mcolcon.colcon_core.shell[0m [1;30mINFO[0m Creating package descriptor '/home/rokey/ros2_ws/install/dsr_moveit_config_a0912/share/dsr_moveit_config_a0912/package.dsv'
[1.266s] [34mcolcon.colcon_core.shell[0m [1;30mINFO[0m Creating package script '/home/rokey/ros2_ws/install/dsr_moveit_config_a0912/share/dsr_moveit_config_a0912/package.sh'
[1.266s] [34mcolcon.colcon_core.shell[0m [1;30mINFO[0m Creating package script '/home/rokey/ros2_ws/install/dsr_moveit_config_a0912/share/dsr_moveit_config_a0912/package.bash'
[1.266s] [34mcolcon.colcon_core.shell[0m [1;30mINFO[0m Creating package script '/home/rokey/ros2_ws/install/dsr_moveit_config_a0912/share/dsr_moveit_config_a0912/package.zsh'
[1.266s] [34mcolcon.colcon_core.environment[0m [1;30mLevel 1[0m create_file_with_runtime_dependencies(/home/rokey/ros2_ws/install/dsr_moveit_config_a0912/share/colcon-core/packages/dsr_moveit_config_a0912)
[1.266s] [34mcolcon.colcon_core.environment[0m [1;30mLevel 1[0m create_environment_scripts_only(dsr_moveit_config_a0912)
[1.267s] [34mcolcon.colcon_core.environment[0m [1;30mLevel 1[0m checking '/home/rokey/ros2_ws/install/dsr_moveit_config_a0912' for CMake module files
[1.267s] [34mcolcon.colcon_core.environment[0m [1;30mLevel 1[0m checking '/home/rokey/ros2_ws/install/dsr_moveit_config_a0912' for CMake config files
[1.267s] [34mcolcon.colcon_core.shell[0m [1;30mLevel 1[0m create_environment_hook('dsr_moveit_config_a0912', 'cmake_prefix_path')
[1.267s] [34mcolcon.colcon_core.shell[0m [1;30mINFO[0m Creating environment hook '/home/rokey/ros2_ws/install/dsr_moveit_config_a0912/share/dsr_moveit_config_a0912/hook/cmake_prefix_path.ps1'
[1.267s] [34mcolcon.colcon_core.shell[0m [1;30mINFO[0m Creating environment descriptor '/home/rokey/ros2_ws/install/dsr_moveit_config_a0912/share/dsr_moveit_config_a0912/hook/cmake_prefix_path.dsv'
[1.267s] [34mcolcon.colcon_core.shell[0m [1;30mINFO[0m Creating environment hook '/home/rokey/ros2_ws/install/dsr_moveit_config_a0912/share/dsr_moveit_config_a0912/hook/cmake_prefix_path.sh'
[1.268s] [34mcolcon.colcon_core.environment[0m [1;30mLevel 1[0m checking '/home/rokey/ros2_ws/install/dsr_moveit_config_a0912/bin'
[1.268s] [34mcolcon.colcon_core.environment[0m [1;30mLevel 1[0m checking '/home/rokey/ros2_ws/install/dsr_moveit_config_a0912/lib/pkgconfig/dsr_moveit_config_a0912.pc'
[1.268s] [34mcolcon.colcon_core.environment[0m [1;30mLevel 1[0m checking '/home/rokey/ros2_ws/install/dsr_moveit_config_a0912/lib/python3.10/site-packages'
[1.268s] [34mcolcon.colcon_core.environment[0m [1;30mLevel 1[0m checking '/home/rokey/ros2_ws/install/dsr_moveit_config_a0912/bin'
[1.268s] [34mcolcon.colcon_core.shell[0m [1;30mINFO[0m Creating package script '/home/rokey/ros2_ws/install/dsr_moveit_config_a0912/share/dsr_moveit_config_a0912/package.ps1'
[1.269s] [34mcolcon.colcon_core.shell[0m [1;30mINFO[0m Creating package descriptor '/home/rokey/ros2_ws/install/dsr_moveit_config_a0912/share/dsr_moveit_config_a0912/package.dsv'
[1.269s] [34mcolcon.colcon_core.shell[0m [1;30mINFO[0m Creating package script '/home/rokey/ros2_ws/install/dsr_moveit_config_a0912/share/dsr_moveit_config_a0912/package.sh'
[1.269s] [34mcolcon.colcon_core.shell[0m [1;30mINFO[0m Creating package script '/home/rokey/ros2_ws/install/dsr_moveit_config_a0912/share/dsr_moveit_config_a0912/package.bash'
[1.269s] [34mcolcon.colcon_core.shell[0m [1;30mINFO[0m Creating package script '/home/rokey/ros2_ws/install/dsr_moveit_config_a0912/share/dsr_moveit_config_a0912/package.zsh'
[1.270s] [34mcolcon.colcon_core.environment[0m [1;30mLevel 1[0m create_file_with_runtime_dependencies(/home/rokey/ros2_ws/install/dsr_moveit_config_a0912/share/colcon-core/packages/dsr_moveit_config_a0912)
[1.270s] [34mcolcon.colcon_core.environment[0m [1;30mLevel 1[0m create_environment_scripts_only(dsr_moveit_config_m0617)
[1.270s] [34mcolcon.colcon_core.environment[0m [1;30mLevel 1[0m checking '/home/rokey/ros2_ws/install/dsr_moveit_config_m0617' for CMake module files
[1.271s] [34mcolcon.colcon_core.event_handler.log_command[0m [1;30mDEBUG[0m [32mInvoked command in '/home/rokey/ros2_ws/build/dsr_moveit_config_m0617' returned '0': CMAKE_PREFIX_PATH=/opt/ros/humble /usr/bin/cmake --install /home/rokey/ros2_ws/build/dsr_moveit_config_m0617[0m
[1.271s] [34mcolcon.colcon_core.environment[0m [1;30mLevel 1[0m checking '/home/rokey/ros2_ws/install/dsr_moveit_config_m0617' for CMake config files
[1.274s] [34mcolcon.colcon_core.shell[0m [1;30mLevel 1[0m create_environment_hook('dsr_moveit_config_m0617', 'cmake_prefix_path')
[1.275s] [34mcolcon.colcon_core.shell[0m [1;30mINFO[0m Creating environment hook '/home/rokey/ros2_ws/install/dsr_moveit_config_m0617/share/dsr_moveit_config_m0617/hook/cmake_prefix_path.ps1'
[1.275s] [34mcolcon.colcon_core.shell[0m [1;30mINFO[0m Creating environment descriptor '/home/rokey/ros2_ws/install/dsr_moveit_config_m0617/share/dsr_moveit_config_m0617/hook/cmake_prefix_path.dsv'
[1.275s] [34mcolcon.colcon_core.shell[0m [1;30mINFO[0m Creating environment hook '/home/rokey/ros2_ws/install/dsr_moveit_config_m0617/share/dsr_moveit_config_m0617/hook/cmake_prefix_path.sh'
[1.275s] [34mcolcon.colcon_core.environment[0m [1;30mLevel 1[0m checking '/home/rokey/ros2_ws/install/dsr_moveit_config_m0617/bin'
[1.275s] [34mcolcon.colcon_core.environment[0m [1;30mLevel 1[0m checking '/home/rokey/ros2_ws/install/dsr_moveit_config_m0617/lib/pkgconfig/dsr_moveit_config_m0617.pc'
[1.276s] [34mcolcon.colcon_core.environment[0m [1;30mLevel 1[0m checking '/home/rokey/ros2_ws/install/dsr_moveit_config_m0617/lib/python3.10/site-packages'
[1.276s] [34mcolcon.colcon_core.environment[0m [1;30mLevel 1[0m checking '/home/rokey/ros2_ws/install/dsr_moveit_config_m0617/bin'
[1.276s] [34mcolcon.colcon_core.shell[0m [1;30mINFO[0m Creating package script '/home/rokey/ros2_ws/install/dsr_moveit_config_m0617/share/dsr_moveit_config_m0617/package.ps1'
[1.276s] [34mcolcon.colcon_core.shell[0m [1;30mINFO[0m Creating package descriptor '/home/rokey/ros2_ws/install/dsr_moveit_config_m0617/share/dsr_moveit_config_m0617/package.dsv'
[1.277s] [34mcolcon.colcon_core.shell[0m [1;30mINFO[0m Creating package script '/home/rokey/ros2_ws/install/dsr_moveit_config_m0617/share/dsr_moveit_config_m0617/package.sh'
[1.277s] [34mcolcon.colcon_core.shell[0m [1;30mINFO[0m Creating package script '/home/rokey/ros2_ws/install/dsr_moveit_config_m0617/share/dsr_moveit_config_m0617/package.bash'
[1.277s] [34mcolcon.colcon_core.shell[0m [1;30mINFO[0m Creating package script '/home/rokey/ros2_ws/install/dsr_moveit_config_m0617/share/dsr_moveit_config_m0617/package.zsh'
[1.277s] [34mcolcon.colcon_core.environment[0m [1;30mLevel 1[0m create_file_with_runtime_dependencies(/home/rokey/ros2_ws/install/dsr_moveit_config_m0617/share/colcon-core/packages/dsr_moveit_config_m0617)
[1.278s] [34mcolcon.colcon_core.environment[0m [1;30mLevel 1[0m create_environment_scripts_only(dsr_moveit_config_m0617)
[1.278s] [34mcolcon.colcon_core.environment[0m [1;30mLevel 1[0m checking '/home/rokey/ros2_ws/install/dsr_moveit_config_m0617' for CMake module files
[1.278s] [34mcolcon.colcon_core.environment[0m [1;30mLevel 1[0m checking '/home/rokey/ros2_ws/install/dsr_moveit_config_m0617' for CMake config files
[1.278s] [34mcolcon.colcon_core.shell[0m [1;30mLevel 1[0m create_environment_hook('dsr_moveit_config_m0617', 'cmake_prefix_path')
[1.278s] [34mcolcon.colcon_core.shell[0m [1;30mINFO[0m Creating environment hook '/home/rokey/ros2_ws/install/dsr_moveit_config_m0617/share/dsr_moveit_config_m0617/hook/cmake_prefix_path.ps1'
[1.279s] [34mcolcon.colcon_core.shell[0m [1;30mINFO[0m Creating environment descriptor '/home/rokey/ros2_ws/install/dsr_moveit_config_m0617/share/dsr_moveit_config_m0617/hook/cmake_prefix_path.dsv'
[1.279s] [34mcolcon.colcon_core.shell[0m [1;30mINFO[0m Creating environment hook '/home/rokey/ros2_ws/install/dsr_moveit_config_m0617/share/dsr_moveit_config_m0617/hook/cmake_prefix_path.sh'
[1.279s] [34mcolcon.colcon_core.environment[0m [1;30mLevel 1[0m checking '/home/rokey/ros2_ws/install/dsr_moveit_config_m0617/bin'
[1.280s] [34mcolcon.colcon_core.environment[0m [1;30mLevel 1[0m checking '/home/rokey/ros2_ws/install/dsr_moveit_config_m0617/lib/pkgconfig/dsr_moveit_config_m0617.pc'
[1.280s] [34mcolcon.colcon_core.environment[0m [1;30mLevel 1[0m checking '/home/rokey/ros2_ws/install/dsr_moveit_config_m0617/lib/python3.10/site-packages'
[1.280s] [34mcolcon.colcon_core.environment[0m [1;30mLevel 1[0m checking '/home/rokey/ros2_ws/install/dsr_moveit_config_m0617/bin'
[1.280s] [34mcolcon.colcon_core.shell[0m [1;30mINFO[0m Creating package script '/home/rokey/ros2_ws/install/dsr_moveit_config_m0617/share/dsr_moveit_config_m0617/package.ps1'
[1.281s] [34mcolcon.colcon_core.shell[0m [1;30mINFO[0m Creating package descriptor '/home/rokey/ros2_ws/install/dsr_moveit_config_m0617/share/dsr_moveit_config_m0617/package.dsv'
[1.281s] [34mcolcon.colcon_core.shell[0m [1;30mINFO[0m Creating package script '/home/rokey/ros2_ws/install/dsr_moveit_config_m0617/share/dsr_moveit_config_m0617/package.sh'
[1.282s] [34mcolcon.colcon_core.shell[0m [1;30mINFO[0m Creating package script '/home/rokey/ros2_ws/install/dsr_moveit_config_m0617/share/dsr_moveit_config_m0617/package.bash'
[1.282s] [34mcolcon.colcon_core.shell[0m [1;30mINFO[0m Creating package script '/home/rokey/ros2_ws/install/dsr_moveit_config_m0617/share/dsr_moveit_config_m0617/package.zsh'
[1.282s] [34mcolcon.colcon_core.environment[0m [1;30mLevel 1[0m create_file_with_runtime_dependencies(/home/rokey/ros2_ws/install/dsr_moveit_config_m0617/share/colcon-core/packages/dsr_moveit_config_m0617)
[1.458s] [34mcolcon.colcon_ros.task.ament_python.build[0m [1;30mWARNING[0m [33mPackage 'pick_and_place_voice' doesn't explicitly install a marker in the package index (colcon-ros currently does it implicitly but that fallback will be removed in the future)[0m
[1.458s] [34mcolcon.colcon_core.task.python.build[0m [1;30mINFO[0m Building Python package in '/home/rokey/ros2_ws/src/DoosanBootcamp3rd/dsr_rokey/pick_and_place_voice'
[1.459s] [34mcolcon.colcon_core.shell[0m [1;30mINFO[0m Skip shell extension 'powershell' for command environment: Not usable outside of PowerShell
[1.459s] [34mcolcon.colcon_core.shell[0m [1;30mDEBUG[0m [32mSkip shell extension 'dsv' for command environment[0m
[1.619s] [34mcolcon.colcon_core.task.python.build[0m [1;30mINFO[0m Building Python package in '/home/rokey/ros2_ws/src/DoosanBootcamp3rd/dsr_rokey/rokey'
[1.619s] [34mcolcon.colcon_core.shell[0m [1;30mINFO[0m Skip shell extension 'powershell' for command environment: Not usable outside of PowerShell
[1.619s] [34mcolcon.colcon_core.shell[0m [1;30mDEBUG[0m [32mSkip shell extension 'dsv' for command environment[0m
[1.622s] [34mcolcon.colcon_core.environment[0m [1;30mLevel 1[0m create_environment_scripts_only(dsr_moveit_config_a0509)
[1.622s] [34mcolcon.colcon_core.environment[0m [1;30mLevel 1[0m checking '/home/rokey/ros2_ws/install/dsr_moveit_config_a0509' for CMake module files
[1.623s] [34mcolcon.colcon_core.event_handler.log_command[0m [1;30mDEBUG[0m [32mInvoked command in '/home/rokey/ros2_ws/build/dsr_moveit_config_a0509' returned '0': CMAKE_PREFIX_PATH=/opt/ros/humble /usr/bin/cmake --install /home/rokey/ros2_ws/build/dsr_moveit_config_a0509[0m
[1.623s] [34mcolcon.colcon_core.environment[0m [1;30mLevel 1[0m checking '/home/rokey/ros2_ws/install/dsr_moveit_config_a0509' for CMake config files
[1.623s] [34mcolcon.colcon_core.shell[0m [1;30mLevel 1[0m create_environment_hook('dsr_moveit_config_a0509', 'cmake_prefix_path')
[1.623s] [34mcolcon.colcon_core.shell[0m [1;30mINFO[0m Creating environment hook '/home/rokey/ros2_ws/install/dsr_moveit_config_a0509/share/dsr_moveit_config_a0509/hook/cmake_prefix_path.ps1'
[1.623s] [34mcolcon.colcon_core.shell[0m [1;30mINFO[0m Creating environment descriptor '/home/rokey/ros2_ws/install/dsr_moveit_config_a0509/share/dsr_moveit_config_a0509/hook/cmake_prefix_path.dsv'
[1.624s] [34mcolcon.colcon_core.shell[0m [1;30mINFO[0m Creating environment hook '/home/rokey/ros2_ws/install/dsr_moveit_config_a0509/share/dsr_moveit_config_a0509/hook/cmake_prefix_path.sh'
[1.624s] [34mcolcon.colcon_core.environment[0m [1;30mLevel 1[0m checking '/home/rokey/ros2_ws/install/dsr_moveit_config_a0509/bin'
[1.624s] [34mcolcon.colcon_core.environment[0m [1;30mLevel 1[0m checking '/home/rokey/ros2_ws/install/dsr_moveit_config_a0509/lib/pkgconfig/dsr_moveit_config_a0509.pc'
[1.624s] [34mcolcon.colcon_core.environment[0m [1;30mLevel 1[0m checking '/home/rokey/ros2_ws/install/dsr_moveit_config_a0509/lib/python3.10/site-packages'
[1.624s] [34mcolcon.colcon_core.environment[0m [1;30mLevel 1[0m checking '/home/rokey/ros2_ws/install/dsr_moveit_config_a0509/bin'
[1.625s] [34mcolcon.colcon_core.shell[0m [1;30mINFO[0m Creating package script '/home/rokey/ros2_ws/install/dsr_moveit_config_a0509/share/dsr_moveit_config_a0509/package.ps1'
[1.625s] [34mcolcon.colcon_core.shell[0m [1;30mINFO[0m Creating package descriptor '/home/rokey/ros2_ws/install/dsr_moveit_config_a0509/share/dsr_moveit_config_a0509/package.dsv'
[1.625s] [34mcolcon.colcon_core.shell[0m [1;30mINFO[0m Creating package script '/home/rokey/ros2_ws/install/dsr_moveit_config_a0509/share/dsr_moveit_config_a0509/package.sh'
[1.625s] [34mcolcon.colcon_core.shell[0m [1;30mINFO[0m Creating package script '/home/rokey/ros2_ws/install/dsr_moveit_config_a0509/share/dsr_moveit_config_a0509/package.bash'
[1.625s] [34mcolcon.colcon_core.shell[0m [1;30mINFO[0m Creating package script '/home/rokey/ros2_ws/install/dsr_moveit_config_a0509/share/dsr_moveit_config_a0509/package.zsh'
[1.626s] [34mcolcon.colcon_core.environment[0m [1;30mLevel 1[0m create_file_with_runtime_dependencies(/home/rokey/ros2_ws/install/dsr_moveit_config_a0509/share/colcon-core/packages/dsr_moveit_config_a0509)
[1.626s] [34mcolcon.colcon_core.environment[0m [1;30mLevel 1[0m create_environment_scripts_only(dsr_moveit_config_a0509)
[1.626s] [34mcolcon.colcon_core.environment[0m [1;30mLevel 1[0m checking '/home/rokey/ros2_ws/install/dsr_moveit_config_a0509' for CMake module files
[1.626s] [34mcolcon.colcon_core.environment[0m [1;30mLevel 1[0m checking '/home/rokey/ros2_ws/install/dsr_moveit_config_a0509' for CMake config files
[1.626s] [34mcolcon.colcon_core.shell[0m [1;30mLevel 1[0m create_environment_hook('dsr_moveit_config_a0509', 'cmake_prefix_path')
[1.626s] [34mcolcon.colcon_core.shell[0m [1;30mINFO[0m Creating environment hook '/home/rokey/ros2_ws/install/dsr_moveit_config_a0509/share/dsr_moveit_config_a0509/hook/cmake_prefix_path.ps1'
[1.627s] [34mcolcon.colcon_core.shell[0m [1;30mINFO[0m Creating environment descriptor '/home/rokey/ros2_ws/install/dsr_moveit_config_a0509/share/dsr_moveit_config_a0509/hook/cmake_prefix_path.dsv'
[1.627s] [34mcolcon.colcon_core.shell[0m [1;30mINFO[0m Creating environment hook '/home/rokey/ros2_ws/install/dsr_moveit_config_a0509/share/dsr_moveit_config_a0509/hook/cmake_prefix_path.sh'
[1.627s] [34mcolcon.colcon_core.environment[0m [1;30mLevel 1[0m checking '/home/rokey/ros2_ws/install/dsr_moveit_config_a0509/bin'
[1.627s] [34mcolcon.colcon_core.environment[0m [1;30mLevel 1[0m checking '/home/rokey/ros2_ws/install/dsr_moveit_config_a0509/lib/pkgconfig/dsr_moveit_config_a0509.pc'
[1.627s] [34mcolcon.colcon_core.environment[0m [1;30mLevel 1[0m checking '/home/rokey/ros2_ws/install/dsr_moveit_config_a0509/lib/python3.10/site-packages'
[1.628s] [34mcolcon.colcon_core.environment[0m [1;30mLevel 1[0m checking '/home/rokey/ros2_ws/install/dsr_moveit_config_a0509/bin'
[1.628s] [34mcolcon.colcon_core.shell[0m [1;30mINFO[0m Creating package script '/home/rokey/ros2_ws/install/dsr_moveit_config_a0509/share/dsr_moveit_config_a0509/package.ps1'
[1.628s] [34mcolcon.colcon_core.shell[0m [1;30mINFO[0m Creating package descriptor '/home/rokey/ros2_ws/install/dsr_moveit_config_a0509/share/dsr_moveit_config_a0509/package.dsv'
[1.628s] [34mcolcon.colcon_core.shell[0m [1;30mINFO[0m Creating package script '/home/rokey/ros2_ws/install/dsr_moveit_config_a0509/share/dsr_moveit_config_a0509/package.sh'
[1.628s] [34mcolcon.colcon_core.shell[0m [1;30mINFO[0m Creating package script '/home/rokey/ros2_ws/install/dsr_moveit_config_a0509/share/dsr_moveit_config_a0509/package.bash'
[1.629s] [34mcolcon.colcon_core.shell[0m [1;30mINFO[0m Creating package script '/home/rokey/ros2_ws/install/dsr_moveit_config_a0509/share/dsr_moveit_config_a0509/package.zsh'
[1.629s] [34mcolcon.colcon_core.environment[0m [1;30mLevel 1[0m create_file_with_runtime_dependencies(/home/rokey/ros2_ws/install/dsr_moveit_config_a0509/share/colcon-core/packages/dsr_moveit_config_a0509)
[1.630s] [34mcolcon.colcon_core.environment[0m [1;30mLevel 1[0m create_environment_scripts_only(dsr_moveit_config_p3020)
[1.630s] [34mcolcon.colcon_core.environment[0m [1;30mLevel 1[0m checking '/home/rokey/ros2_ws/install/dsr_moveit_config_p3020' for CMake module files
[1.630s] [34mcolcon.colcon_core.event_handler.log_command[0m [1;30mDEBUG[0m [32mInvoked command in '/home/rokey/ros2_ws/build/dsr_moveit_config_p3020' returned '0': CMAKE_PREFIX_PATH=/opt/ros/humble /usr/bin/cmake --install /home/rokey/ros2_ws/build/dsr_moveit_config_p3020[0m
[1.631s] [34mcolcon.colcon_core.environment[0m [1;30mLevel 1[0m checking '/home/rokey/ros2_ws/install/dsr_moveit_config_p3020' for CMake config files
[1.631s] [34mcolcon.colcon_core.shell[0m [1;30mLevel 1[0m create_environment_hook('dsr_moveit_config_p3020', 'cmake_prefix_path')
[1.631s] [34mcolcon.colcon_core.shell[0m [1;30mINFO[0m Creating environment hook '/home/rokey/ros2_ws/install/dsr_moveit_config_p3020/share/dsr_moveit_config_p3020/hook/cmake_prefix_path.ps1'
[1.631s] [34mcolcon.colcon_core.shell[0m [1;30mINFO[0m Creating environment descriptor '/home/rokey/ros2_ws/install/dsr_moveit_config_p3020/share/dsr_moveit_config_p3020/hook/cmake_prefix_path.dsv'
[1.631s] [34mcolcon.colcon_core.shell[0m [1;30mINFO[0m Creating environment hook '/home/rokey/ros2_ws/install/dsr_moveit_config_p3020/share/dsr_moveit_config_p3020/hook/cmake_prefix_path.sh'
[1.632s] [34mcolcon.colcon_core.environment[0m [1;30mLevel 1[0m checking '/home/rokey/ros2_ws/install/dsr_moveit_config_p3020/bin'
[1.632s] [34mcolcon.colcon_core.environment[0m [1;30mLevel 1[0m checking '/home/rokey/ros2_ws/install/dsr_moveit_config_p3020/lib/pkgconfig/dsr_moveit_config_p3020.pc'
[1.632s] [34mcolcon.colcon_core.environment[0m [1;30mLevel 1[0m checking '/home/rokey/ros2_ws/install/dsr_moveit_config_p3020/lib/python3.10/site-packages'
[1.632s] [34mcolcon.colcon_core.environment[0m [1;30mLevel 1[0m checking '/home/rokey/ros2_ws/install/dsr_moveit_config_p3020/bin'
[1.632s] [34mcolcon.colcon_core.shell[0m [1;30mINFO[0m Creating package script '/home/rokey/ros2_ws/install/dsr_moveit_config_p3020/share/dsr_moveit_config_p3020/package.ps1'
[1.632s] [34mcolcon.colcon_core.shell[0m [1;30mINFO[0m Creating package descriptor '/home/rokey/ros2_ws/install/dsr_moveit_config_p3020/share/dsr_moveit_config_p3020/package.dsv'
[1.633s] [34mcolcon.colcon_core.shell[0m [1;30mINFO[0m Creating package script '/home/rokey/ros2_ws/install/dsr_moveit_config_p3020/share/dsr_moveit_config_p3020/package.sh'
[1.633s] [34mcolcon.colcon_core.shell[0m [1;30mINFO[0m Creating package script '/home/rokey/ros2_ws/install/dsr_moveit_config_p3020/share/dsr_moveit_config_p3020/package.bash'
[1.633s] [34mcolcon.colcon_core.shell[0m [1;30mINFO[0m Creating package script '/home/rokey/ros2_ws/install/dsr_moveit_config_p3020/share/dsr_moveit_config_p3020/package.zsh'
[1.633s] [34mcolcon.colcon_core.environment[0m [1;30mLevel 1[0m create_file_with_runtime_dependencies(/home/rokey/ros2_ws/install/dsr_moveit_config_p3020/share/colcon-core/packages/dsr_moveit_config_p3020)
[1.633s] [34mcolcon.colcon_core.environment[0m [1;30mLevel 1[0m create_environment_scripts_only(dsr_moveit_config_p3020)
[1.634s] [34mcolcon.colcon_core.environment[0m [1;30mLevel 1[0m checking '/home/rokey/ros2_ws/install/dsr_moveit_config_p3020' for CMake module files
[1.634s] [34mcolcon.colcon_core.environment[0m [1;30mLevel 1[0m checking '/home/rokey/ros2_ws/install/dsr_moveit_config_p3020' for CMake config files
[1.634s] [34mcolcon.colcon_core.shell[0m [1;30mLevel 1[0m create_environment_hook('dsr_moveit_config_p3020', 'cmake_prefix_path')
[1.634s] [34mcolcon.colcon_core.shell[0m [1;30mINFO[0m Creating environment hook '/home/rokey/ros2_ws/install/dsr_moveit_config_p3020/share/dsr_moveit_config_p3020/hook/cmake_prefix_path.ps1'
[1.634s] [34mcolcon.colcon_core.shell[0m [1;30mINFO[0m Creating environment descriptor '/home/rokey/ros2_ws/install/dsr_moveit_config_p3020/share/dsr_moveit_config_p3020/hook/cmake_prefix_path.dsv'
[1.634s] [34mcolcon.colcon_core.shell[0m [1;30mINFO[0m Creating environment hook '/home/rokey/ros2_ws/install/dsr_moveit_config_p3020/share/dsr_moveit_config_p3020/hook/cmake_prefix_path.sh'
[1.635s] [34mcolcon.colcon_core.environment[0m [1;30mLevel 1[0m checking '/home/rokey/ros2_ws/install/dsr_moveit_config_p3020/bin'
[1.635s] [34mcolcon.colcon_core.environment[0m [1;30mLevel 1[0m checking '/home/rokey/ros2_ws/install/dsr_moveit_config_p3020/lib/pkgconfig/dsr_moveit_config_p3020.pc'
[1.635s] [34mcolcon.colcon_core.environment[0m [1;30mLevel 1[0m checking '/home/rokey/ros2_ws/install/dsr_moveit_config_p3020/lib/python3.10/site-packages'
[1.635s] [34mcolcon.colcon_core.environment[0m [1;30mLevel 1[0m checking '/home/rokey/ros2_ws/install/dsr_moveit_config_p3020/bin'
[1.635s] [34mcolcon.colcon_core.shell[0m [1;30mINFO[0m Creating package script '/home/rokey/ros2_ws/install/dsr_moveit_config_p3020/share/dsr_moveit_config_p3020/package.ps1'
[1.636s] [34mcolcon.colcon_core.shell[0m [1;30mINFO[0m Creating package descriptor '/home/rokey/ros2_ws/install/dsr_moveit_config_p3020/share/dsr_moveit_config_p3020/package.dsv'
[1.636s] [34mcolcon.colcon_core.shell[0m [1;30mINFO[0m Creating package script '/home/rokey/ros2_ws/install/dsr_moveit_config_p3020/share/dsr_moveit_config_p3020/package.sh'
[1.636s] [34mcolcon.colcon_core.shell[0m [1;30mINFO[0m Creating package script '/home/rokey/ros2_ws/install/dsr_moveit_config_p3020/share/dsr_moveit_config_p3020/package.bash'
[1.636s] [34mcolcon.colcon_core.shell[0m [1;30mINFO[0m Creating package script '/home/rokey/ros2_ws/install/dsr_moveit_config_p3020/share/dsr_moveit_config_p3020/package.zsh'
[1.636s] [34mcolcon.colcon_core.environment[0m [1;30mLevel 1[0m create_file_with_runtime_dependencies(/home/rokey/ros2_ws/install/dsr_moveit_config_p3020/share/colcon-core/packages/dsr_moveit_config_p3020)
[1.798s] [34mcolcon.colcon_core.task.python.build[0m [1;30mINFO[0m Building Python package in '/home/rokey/ros2_ws/src/DoosanBootcamp3rd/dsr_example2/dsr_example'
[1.798s] [34mcolcon.colcon_core.shell[0m [1;30mINFO[0m Skip shell extension 'powershell' for command environment: Not usable outside of PowerShell
[1.798s] [34mcolcon.colcon_core.shell[0m [1;30mDEBUG[0m [32mSkip shell extension 'dsv' for command environment[0m
[1.800s] [34mcolcon.colcon_core.environment[0m [1;30mLevel 1[0m create_environment_scripts_only(dsr_description2)
[1.800s] [34mcolcon.colcon_core.environment[0m [1;30mLevel 1[0m checking '/home/rokey/ros2_ws/install/dsr_description2' for CMake module files
[1.801s] [34mcolcon.colcon_core.event_handler.log_command[0m [1;30mDEBUG[0m [32mInvoked command in '/home/rokey/ros2_ws/build/dsr_description2' returned '0': CMAKE_PREFIX_PATH=/opt/ros/humble /usr/bin/cmake --install /home/rokey/ros2_ws/build/dsr_description2[0m
[1.801s] [34mcolcon.colcon_core.environment[0m [1;30mLevel 1[0m checking '/home/rokey/ros2_ws/install/dsr_description2' for CMake config files
[1.802s] [34mcolcon.colcon_core.shell[0m [1;30mLevel 1[0m create_environment_hook('dsr_description2', 'cmake_prefix_path')
[1.802s] [34mcolcon.colcon_core.shell[0m [1;30mINFO[0m Creating environment hook '/home/rokey/ros2_ws/install/dsr_description2/share/dsr_description2/hook/cmake_prefix_path.ps1'
[1.802s] [34mcolcon.colcon_core.shell[0m [1;30mINFO[0m Creating environment descriptor '/home/rokey/ros2_ws/install/dsr_description2/share/dsr_description2/hook/cmake_prefix_path.dsv'
[1.802s] [34mcolcon.colcon_core.shell[0m [1;30mINFO[0m Creating environment hook '/home/rokey/ros2_ws/install/dsr_description2/share/dsr_description2/hook/cmake_prefix_path.sh'
[1.802s] [34mcolcon.colcon_core.environment[0m [1;30mLevel 1[0m checking '/home/rokey/ros2_ws/install/dsr_description2/bin'
[1.802s] [34mcolcon.colcon_core.environment[0m [1;30mLevel 1[0m checking '/home/rokey/ros2_ws/install/dsr_description2/lib/pkgconfig/dsr_description2.pc'
[1.803s] [34mcolcon.colcon_core.environment[0m [1;30mLevel 1[0m checking '/home/rokey/ros2_ws/install/dsr_description2/lib/python3.10/site-packages'
[1.803s] [34mcolcon.colcon_core.environment[0m [1;30mLevel 1[0m checking '/home/rokey/ros2_ws/install/dsr_description2/bin'
[1.803s] [34mcolcon.colcon_core.shell[0m [1;30mINFO[0m Creating package script '/home/rokey/ros2_ws/install/dsr_description2/share/dsr_description2/package.ps1'
[1.803s] [34mcolcon.colcon_core.shell[0m [1;30mINFO[0m Creating package descriptor '/home/rokey/ros2_ws/install/dsr_description2/share/dsr_description2/package.dsv'
[1.803s] [34mcolcon.colcon_core.shell[0m [1;30mINFO[0m Creating package script '/home/rokey/ros2_ws/install/dsr_description2/share/dsr_description2/package.sh'
[1.804s] [34mcolcon.colcon_core.shell[0m [1;30mINFO[0m Creating package script '/home/rokey/ros2_ws/install/dsr_description2/share/dsr_description2/package.bash'
[1.804s] [34mcolcon.colcon_core.shell[0m [1;30mINFO[0m Creating package script '/home/rokey/ros2_ws/install/dsr_description2/share/dsr_description2/package.zsh'
[1.804s] [34mcolcon.colcon_core.environment[0m [1;30mLevel 1[0m create_file_with_runtime_dependencies(/home/rokey/ros2_ws/install/dsr_description2/share/colcon-core/packages/dsr_description2)
[1.804s] [34mcolcon.colcon_core.environment[0m [1;30mLevel 1[0m create_environment_scripts_only(dsr_description2)
[1.805s] [34mcolcon.colcon_core.environment[0m [1;30mLevel 1[0m checking '/home/rokey/ros2_ws/install/dsr_description2' for CMake module files
[1.805s] [34mcolcon.colcon_core.environment[0m [1;30mLevel 1[0m checking '/home/rokey/ros2_ws/install/dsr_description2' for CMake config files
[1.805s] [34mcolcon.colcon_core.shell[0m [1;30mLevel 1[0m create_environment_hook('dsr_description2', 'cmake_prefix_path')
[1.805s] [34mcolcon.colcon_core.shell[0m [1;30mINFO[0m Creating environment hook '/home/rokey/ros2_ws/install/dsr_description2/share/dsr_description2/hook/cmake_prefix_path.ps1'
[1.806s] [34mcolcon.colcon_core.shell[0m [1;30mINFO[0m Creating environment descriptor '/home/rokey/ros2_ws/install/dsr_description2/share/dsr_description2/hook/cmake_prefix_path.dsv'
[1.806s] [34mcolcon.colcon_core.shell[0m [1;30mINFO[0m Creating environment hook '/home/rokey/ros2_ws/install/dsr_description2/share/dsr_description2/hook/cmake_prefix_path.sh'
[1.806s] [34mcolcon.colcon_core.environment[0m [1;30mLevel 1[0m checking '/home/rokey/ros2_ws/install/dsr_description2/bin'
[1.806s] [34mcolcon.colcon_core.environment[0m [1;30mLevel 1[0m checking '/home/rokey/ros2_ws/install/dsr_description2/lib/pkgconfig/dsr_description2.pc'
[1.806s] [34mcolcon.colcon_core.environment[0m [1;30mLevel 1[0m checking '/home/rokey/ros2_ws/install/dsr_description2/lib/python3.10/site-packages'
[1.807s] [34mcolcon.colcon_core.environment[0m [1;30mLevel 1[0m checking '/home/rokey/ros2_ws/install/dsr_description2/bin'
[1.807s] [34mcolcon.colcon_core.shell[0m [1;30mINFO[0m Creating package script '/home/rokey/ros2_ws/install/dsr_description2/share/dsr_description2/package.ps1'
[1.807s] [34mcolcon.colcon_core.shell[0m [1;30mINFO[0m Creating package descriptor '/home/rokey/ros2_ws/install/dsr_description2/share/dsr_description2/package.dsv'
[1.807s] [34mcolcon.colcon_core.shell[0m [1;30mINFO[0m Creating package script '/home/rokey/ros2_ws/install/dsr_description2/share/dsr_description2/package.sh'
[1.807s] [34mcolcon.colcon_core.shell[0m [1;30mINFO[0m Creating package script '/home/rokey/ros2_ws/install/dsr_description2/share/dsr_description2/package.bash'
[1.808s] [34mcolcon.colcon_core.shell[0m [1;30mINFO[0m Creating package script '/home/rokey/ros2_ws/install/dsr_description2/share/dsr_description2/package.zsh'
[1.808s] [34mcolcon.colcon_core.environment[0m [1;30mLevel 1[0m create_file_with_runtime_dependencies(/home/rokey/ros2_ws/install/dsr_description2/share/colcon-core/packages/dsr_description2)
[1.811s] [34mcolcon.colcon_core.event_handler.log_command[0m [1;30mDEBUG[0m [32mInvoking command in '/home/rokey/ros2_ws/src/DoosanBootcamp3rd/dsr_rokey/pick_and_place_text': PYTHONPATH=/home/rokey/ros2_ws/build/pick_and_place_text/prefix_override:/usr/lib/python3/dist-packages/colcon_core/task/python/colcon_distutils_commands:/home/rokey/ros2_ws/install/pick_and_place_text/lib/python3.10/site-packages:${PYTHONPATH} /usr/bin/python3 -W ignore:setup.py install is deprecated -W ignore:easy_install command is deprecated setup.py egg_info --egg-base ../../../../build/pick_and_place_text build --build-base /home/rokey/ros2_ws/build/pick_and_place_text/build install --record /home/rokey/ros2_ws/build/pick_and_place_text/install.log --single-version-externally-managed install_data[0m
[1.812s] [34mcolcon.colcon_core.event_handler.log_command[0m [1;30mDEBUG[0m [32mInvoking command in '/home/rokey/ros2_ws/src/DoosanBootcamp3rd/dsr_example2/dsr_visualservoing': PYTHONPATH=/home/rokey/ros2_ws/build/dsr_visualservoing/prefix_override:/usr/lib/python3/dist-packages/colcon_core/task/python/colcon_distutils_commands:/home/rokey/ros2_ws/install/dsr_visualservoing/lib/python3.10/site-packages:${PYTHONPATH} /usr/bin/python3 -W ignore:setup.py install is deprecated -W ignore:easy_install command is deprecated setup.py egg_info --egg-base ../../../../build/dsr_visualservoing build --build-base /home/rokey/ros2_ws/build/dsr_visualservoing/build install --record /home/rokey/ros2_ws/build/dsr_visualservoing/install.log --single-version-externally-managed install_data[0m
[1.814s] [34mcolcon.colcon_ros.task.ament_cmake.build[0m [1;30mINFO[0m Building ROS package in '/home/rokey/ros2_ws/src/DoosanBootcamp3rd/dsr_gazebo2' with build type 'ament_cmake'
[1.814s] [34mcolcon.colcon_cmake.task.cmake.build[0m [1;30mINFO[0m Building CMake package in '/home/rokey/ros2_ws/src/DoosanBootcamp3rd/dsr_gazebo2'
[1.814s] [34mcolcon.colcon_core.shell[0m [1;30mINFO[0m Skip shell extension 'powershell' for command environment: Not usable outside of PowerShell
[1.814s] [34mcolcon.colcon_core.shell[0m [1;30mDEBUG[0m [32mSkip shell extension 'dsv' for command environment[0m
[1.819s] [34mcolcon.colcon_core.event_handler.log_command[0m [1;30mDEBUG[0m [32mInvoking command in '/home/rokey/ros2_ws/build/dsr_gazebo2': AMENT_PREFIX_PATH=/home/rokey/ros2_ws/install/dsr_description2:${AMENT_PREFIX_PATH} CMAKE_PREFIX_PATH=/home/rokey/ros2_ws/install/dsr_description2:/opt/ros/humble /usr/bin/cmake /home/rokey/ros2_ws/src/DoosanBootcamp3rd/dsr_gazebo2 -DCMAKE_INSTALL_PREFIX=/home/rokey/ros2_ws/install/dsr_gazebo2[0m
[1.937s] [34mcolcon.colcon_core.event_handler.log_command[0m [1;30mDEBUG[0m [32mInvoked command in '/home/rokey/ros2_ws/build/od_msg' returned '0': /usr/bin/cmake /home/rokey/ros2_ws/src/DoosanBootcamp3rd/dsr_rokey/od_msg -DCATKIN_INSTALL_INTO_PREFIX_ROOT=0 -DCMAKE_INSTALL_PREFIX=/home/rokey/ros2_ws/install/od_msg[0m
[1.938s] [34mcolcon.colcon_core.event_handler.log_command[0m [1;30mDEBUG[0m [32mInvoking command in '/home/rokey/ros2_ws/build/od_msg': /usr/bin/cmake --build /home/rokey/ros2_ws/build/od_msg -- -j16 -l16[0m
[2.000s] [34mcolcon.colcon_core.environment[0m [1;30mLevel 1[0m checking '/home/rokey/ros2_ws/install/pick_and_place_text' for CMake module files
[2.000s] [34mcolcon.colcon_core.event_handler.log_command[0m [1;30mDEBUG[0m [32mInvoked command in '/home/rokey/ros2_ws/src/DoosanBootcamp3rd/dsr_rokey/pick_and_place_text' returned '0': PYTHONPATH=/home/rokey/ros2_ws/build/pick_and_place_text/prefix_override:/usr/lib/python3/dist-packages/colcon_core/task/python/colcon_distutils_commands:/home/rokey/ros2_ws/install/pick_and_place_text/lib/python3.10/site-packages:${PYTHONPATH} /usr/bin/python3 -W ignore:setup.py install is deprecated -W ignore:easy_install command is deprecated setup.py egg_info --egg-base ../../../../build/pick_and_place_text build --build-base /home/rokey/ros2_ws/build/pick_and_place_text/build install --record /home/rokey/ros2_ws/build/pick_and_place_text/install.log --single-version-externally-managed install_data[0m
[2.001s] [34mcolcon.colcon_core.environment[0m [1;30mLevel 1[0m checking '/home/rokey/ros2_ws/install/pick_and_place_text' for CMake config files
[2.001s] [34mcolcon.colcon_core.environment[0m [1;30mLevel 1[0m checking '/home/rokey/ros2_ws/install/pick_and_place_text/lib'
[2.001s] [34mcolcon.colcon_core.environment[0m [1;30mLevel 1[0m checking '/home/rokey/ros2_ws/install/pick_and_place_text/bin'
[2.001s] [34mcolcon.colcon_core.environment[0m [1;30mLevel 1[0m checking '/home/rokey/ros2_ws/install/pick_and_place_text/lib/pkgconfig/pick_and_place_text.pc'
[2.002s] [34mcolcon.colcon_core.environment[0m [1;30mLevel 1[0m checking '/home/rokey/ros2_ws/install/pick_and_place_text/lib/python3.10/site-packages'
[2.002s] [34mcolcon.colcon_core.shell[0m [1;30mLevel 1[0m create_environment_hook('pick_and_place_text', 'pythonpath')
[2.002s] [34mcolcon.colcon_core.shell[0m [1;30mINFO[0m Creating environment hook '/home/rokey/ros2_ws/install/pick_and_place_text/share/pick_and_place_text/hook/pythonpath.ps1'
[2.002s] [34mcolcon.colcon_core.shell[0m [1;30mINFO[0m Creating environment descriptor '/home/rokey/ros2_ws/install/pick_and_place_text/share/pick_and_place_text/hook/pythonpath.dsv'
[2.002s] [34mcolcon.colcon_core.shell[0m [1;30mINFO[0m Creating environment hook '/home/rokey/ros2_ws/install/pick_and_place_text/share/pick_and_place_text/hook/pythonpath.sh'
[2.003s] [34mcolcon.colcon_core.environment[0m [1;30mLevel 1[0m checking '/home/rokey/ros2_ws/install/pick_and_place_text/bin'
[2.003s] [34mcolcon.colcon_core.environment[0m [1;30mLevel 1[0m create_environment_scripts_only(pick_and_place_text)
[2.004s] [34mcolcon.colcon_core.shell[0m [1;30mINFO[0m Creating package script '/home/rokey/ros2_ws/install/pick_and_place_text/share/pick_and_place_text/package.ps1'
[2.004s] [34mcolcon.colcon_core.shell[0m [1;30mINFO[0m Creating package descriptor '/home/rokey/ros2_ws/install/pick_and_place_text/share/pick_and_place_text/package.dsv'
[2.004s] [34mcolcon.colcon_core.shell[0m [1;30mINFO[0m Creating package script '/home/rokey/ros2_ws/install/pick_and_place_text/share/pick_and_place_text/package.sh'
[2.005s] [34mcolcon.colcon_core.shell[0m [1;30mINFO[0m Creating package script '/home/rokey/ros2_ws/install/pick_and_place_text/share/pick_and_place_text/package.bash'
[2.005s] [34mcolcon.colcon_core.shell[0m [1;30mINFO[0m Creating package script '/home/rokey/ros2_ws/install/pick_and_place_text/share/pick_and_place_text/package.zsh'
[2.006s] [34mcolcon.colcon_core.environment[0m [1;30mLevel 1[0m create_file_with_runtime_dependencies(/home/rokey/ros2_ws/install/pick_and_place_text/share/colcon-core/packages/pick_and_place_text)
[2.044s] [34mcolcon.colcon_core.event_handler.log_command[0m [1;30mDEBUG[0m [32mInvoking command in '/home/rokey/ros2_ws/src/DoosanBootcamp3rd/dsr_rokey/rokey': PYTHONPATH=/home/rokey/ros2_ws/build/rokey/prefix_override:/usr/lib/python3/dist-packages/colcon_core/task/python/colcon_distutils_commands:/home/rokey/ros2_ws/install/rokey/lib/python3.10/site-packages:${PYTHONPATH} /usr/bin/python3 -W ignore:setup.py install is deprecated -W ignore:easy_install command is deprecated setup.py egg_info --egg-base ../../../../build/rokey build --build-base /home/rokey/ros2_ws/build/rokey/build install --record /home/rokey/ros2_ws/build/rokey/install.log --single-version-externally-managed install_data[0m
[2.086s] [34mcolcon.colcon_core.environment[0m [1;30mLevel 1[0m checking '/home/rokey/ros2_ws/install/dsr_visualservoing' for CMake module files
[2.087s] [34mcolcon.colcon_core.event_handler.log_command[0m [1;30mDEBUG[0m [32mInvoked command in '/home/rokey/ros2_ws/src/DoosanBootcamp3rd/dsr_example2/dsr_visualservoing' returned '0': PYTHONPATH=/home/rokey/ros2_ws/build/dsr_visualservoing/prefix_override:/usr/lib/python3/dist-packages/colcon_core/task/python/colcon_distutils_commands:/home/rokey/ros2_ws/install/dsr_visualservoing/lib/python3.10/site-packages:${PYTHONPATH} /usr/bin/python3 -W ignore:setup.py install is deprecated -W ignore:easy_install command is deprecated setup.py egg_info --egg-base ../../../../build/dsr_visualservoing build --build-base /home/rokey/ros2_ws/build/dsr_visualservoing/build install --record /home/rokey/ros2_ws/build/dsr_visualservoing/install.log --single-version-externally-managed install_data[0m
[2.087s] [34mcolcon.colcon_core.environment[0m [1;30mLevel 1[0m checking '/home/rokey/ros2_ws/install/dsr_visualservoing' for CMake config files
[2.088s] [34mcolcon.colcon_core.environment[0m [1;30mLevel 1[0m checking '/home/rokey/ros2_ws/install/dsr_visualservoing/lib'
[2.088s] [34mcolcon.colcon_core.environment[0m [1;30mLevel 1[0m checking '/home/rokey/ros2_ws/install/dsr_visualservoing/bin'
[2.088s] [34mcolcon.colcon_core.environment[0m [1;30mLevel 1[0m checking '/home/rokey/ros2_ws/install/dsr_visualservoing/lib/pkgconfig/dsr_visualservoing.pc'
[2.088s] [34mcolcon.colcon_core.environment[0m [1;30mLevel 1[0m checking '/home/rokey/ros2_ws/install/dsr_visualservoing/lib/python3.10/site-packages'
[2.088s] [34mcolcon.colcon_core.shell[0m [1;30mLevel 1[0m create_environment_hook('dsr_visualservoing', 'pythonpath')
[2.089s] [34mcolcon.colcon_core.shell[0m [1;30mINFO[0m Creating environment hook '/home/rokey/ros2_ws/install/dsr_visualservoing/share/dsr_visualservoing/hook/pythonpath.ps1'
[2.089s] [34mcolcon.colcon_core.shell[0m [1;30mINFO[0m Creating environment descriptor '/home/rokey/ros2_ws/install/dsr_visualservoing/share/dsr_visualservoing/hook/pythonpath.dsv'
[2.090s] [34mcolcon.colcon_core.shell[0m [1;30mINFO[0m Creating environment hook '/home/rokey/ros2_ws/install/dsr_visualservoing/share/dsr_visualservoing/hook/pythonpath.sh'
[2.090s] [34mcolcon.colcon_core.environment[0m [1;30mLevel 1[0m checking '/home/rokey/ros2_ws/install/dsr_visualservoing/bin'
[2.090s] [34mcolcon.colcon_core.environment[0m [1;30mLevel 1[0m create_environment_scripts_only(dsr_visualservoing)
[2.091s] [34mcolcon.colcon_core.shell[0m [1;30mINFO[0m Creating package script '/home/rokey/ros2_ws/install/dsr_visualservoing/share/dsr_visualservoing/package.ps1'
[2.091s] [34mcolcon.colcon_core.shell[0m [1;30mINFO[0m Creating package descriptor '/home/rokey/ros2_ws/install/dsr_visualservoing/share/dsr_visualservoing/package.dsv'
[2.092s] [34mcolcon.colcon_core.shell[0m [1;30mINFO[0m Creating package script '/home/rokey/ros2_ws/install/dsr_visualservoing/share/dsr_visualservoing/package.sh'
[2.092s] [34mcolcon.colcon_core.shell[0m [1;30mINFO[0m Creating package script '/home/rokey/ros2_ws/install/dsr_visualservoing/share/dsr_visualservoing/package.bash'
[2.093s] [34mcolcon.colcon_core.shell[0m [1;30mINFO[0m Creating package script '/home/rokey/ros2_ws/install/dsr_visualservoing/share/dsr_visualservoing/package.zsh'
[2.093s] [34mcolcon.colcon_core.environment[0m [1;30mLevel 1[0m create_file_with_runtime_dependencies(/home/rokey/ros2_ws/install/dsr_visualservoing/share/colcon-core/packages/dsr_visualservoing)
[2.128s] [34mcolcon.colcon_core.event_handler.log_command[0m [1;30mDEBUG[0m [32mInvoking command in '/home/rokey/ros2_ws/src/DoosanBootcamp3rd/dsr_example2/dsr_example': AMENT_PREFIX_PATH=/home/rokey/ros2_ws/install/dsr_common2:${AMENT_PREFIX_PATH} CMAKE_PREFIX_PATH=/home/rokey/ros2_ws/install/dsr_common2 PYTHONPATH=/home/rokey/ros2_ws/build/dsr_example/prefix_override:/usr/lib/python3/dist-packages/colcon_core/task/python/colcon_distutils_commands:/home/rokey/ros2_ws/install/dsr_example/lib/python3.10/site-packages:${PYTHONPATH} /usr/bin/python3 -W ignore:setup.py install is deprecated -W ignore:easy_install command is deprecated setup.py egg_info --egg-base ../../../../build/dsr_example build --build-base /home/rokey/ros2_ws/build/dsr_example/build install --record /home/rokey/ros2_ws/build/dsr_example/install.log --single-version-externally-managed install_data[0m
[2.236s] [34mcolcon.colcon_core.event_handler.log_command[0m [1;30mDEBUG[0m [32mInvoking command in '/home/rokey/ros2_ws/src/DoosanBootcamp3rd/dsr_rokey/pick_and_place_voice': PYTHONPATH=/home/rokey/ros2_ws/build/pick_and_place_voice/prefix_override:/usr/lib/python3/dist-packages/colcon_core/task/python/colcon_distutils_commands:/home/rokey/ros2_ws/install/pick_and_place_voice/lib/python3.10/site-packages:${PYTHONPATH} /usr/bin/python3 -W ignore:setup.py install is deprecated -W ignore:easy_install command is deprecated setup.py egg_info --egg-base ../../../../build/pick_and_place_voice build --build-base /home/rokey/ros2_ws/build/pick_and_place_voice/build install --record /home/rokey/ros2_ws/build/pick_and_place_voice/install.log --single-version-externally-managed install_data[0m
[2.281s] [34mcolcon.colcon_core.environment[0m [1;30mLevel 1[0m checking '/home/rokey/ros2_ws/install/rokey' for CMake module files
[2.282s] [34mcolcon.colcon_core.event_handler.log_command[0m [1;30mDEBUG[0m [32mInvoked command in '/home/rokey/ros2_ws/src/DoosanBootcamp3rd/dsr_rokey/rokey' returned '0': PYTHONPATH=/home/rokey/ros2_ws/build/rokey/prefix_override:/usr/lib/python3/dist-packages/colcon_core/task/python/colcon_distutils_commands:/home/rokey/ros2_ws/install/rokey/lib/python3.10/site-packages:${PYTHONPATH} /usr/bin/python3 -W ignore:setup.py install is deprecated -W ignore:easy_install command is deprecated setup.py egg_info --egg-base ../../../../build/rokey build --build-base /home/rokey/ros2_ws/build/rokey/build install --record /home/rokey/ros2_ws/build/rokey/install.log --single-version-externally-managed install_data[0m
[2.283s] [34mcolcon.colcon_core.environment[0m [1;30mLevel 1[0m checking '/home/rokey/ros2_ws/install/rokey' for CMake config files
[2.283s] [34mcolcon.colcon_core.environment[0m [1;30mLevel 1[0m checking '/home/rokey/ros2_ws/install/rokey/lib'
[2.283s] [34mcolcon.colcon_core.environment[0m [1;30mLevel 1[0m checking '/home/rokey/ros2_ws/install/rokey/bin'
[2.283s] [34mcolcon.colcon_core.environment[0m [1;30mLevel 1[0m checking '/home/rokey/ros2_ws/install/rokey/lib/pkgconfig/rokey.pc'
[2.283s] [34mcolcon.colcon_core.environment[0m [1;30mLevel 1[0m checking '/home/rokey/ros2_ws/install/rokey/lib/python3.10/site-packages'
[2.284s] [34mcolcon.colcon_core.shell[0m [1;30mLevel 1[0m create_environment_hook('rokey', 'pythonpath')
[2.284s] [34mcolcon.colcon_core.shell[0m [1;30mINFO[0m Creating environment hook '/home/rokey/ros2_ws/install/rokey/share/rokey/hook/pythonpath.ps1'
[2.286s] [34mcolcon.colcon_core.shell[0m [1;30mINFO[0m Creating environment descriptor '/home/rokey/ros2_ws/install/rokey/share/rokey/hook/pythonpath.dsv'
[2.286s] [34mcolcon.colcon_core.shell[0m [1;30mINFO[0m Creating environment hook '/home/rokey/ros2_ws/install/rokey/share/rokey/hook/pythonpath.sh'
[2.287s] [34mcolcon.colcon_core.environment[0m [1;30mLevel 1[0m checking '/home/rokey/ros2_ws/install/rokey/bin'
[2.287s] [34mcolcon.colcon_core.environment[0m [1;30mLevel 1[0m create_environment_scripts_only(rokey)
[2.288s] [34mcolcon.colcon_core.shell[0m [1;30mINFO[0m Creating package script '/home/rokey/ros2_ws/install/rokey/share/rokey/package.ps1'
[2.289s] [34mcolcon.colcon_core.shell[0m [1;30mINFO[0m Creating package descriptor '/home/rokey/ros2_ws/install/rokey/share/rokey/package.dsv'
[2.290s] [34mcolcon.colcon_core.shell[0m [1;30mINFO[0m Creating package script '/home/rokey/ros2_ws/install/rokey/share/rokey/package.sh'
[2.290s] [34mcolcon.colcon_core.shell[0m [1;30mINFO[0m Creating package script '/home/rokey/ros2_ws/install/rokey/share/rokey/package.bash'
[2.291s] [34mcolcon.colcon_core.shell[0m [1;30mINFO[0m Creating package script '/home/rokey/ros2_ws/install/rokey/share/rokey/package.zsh'
[2.291s] [34mcolcon.colcon_core.environment[0m [1;30mLevel 1[0m create_file_with_runtime_dependencies(/home/rokey/ros2_ws/install/rokey/share/colcon-core/packages/rokey)
[2.322s] [34mcolcon.colcon_core.environment[0m [1;30mLevel 1[0m checking '/home/rokey/ros2_ws/install/dsr_example' for CMake module files
[2.323s] [34mcolcon.colcon_core.event_handler.log_command[0m [1;30mDEBUG[0m [32mInvoked command in '/home/rokey/ros2_ws/src/DoosanBootcamp3rd/dsr_example2/dsr_example' returned '0': AMENT_PREFIX_PATH=/home/rokey/ros2_ws/install/dsr_common2:${AMENT_PREFIX_PATH} CMAKE_PREFIX_PATH=/home/rokey/ros2_ws/install/dsr_common2 PYTHONPATH=/home/rokey/ros2_ws/build/dsr_example/prefix_override:/usr/lib/python3/dist-packages/colcon_core/task/python/colcon_distutils_commands:/home/rokey/ros2_ws/install/dsr_example/lib/python3.10/site-packages:${PYTHONPATH} /usr/bin/python3 -W ignore:setup.py install is deprecated -W ignore:easy_install command is deprecated setup.py egg_info --egg-base ../../../../build/dsr_example build --build-base /home/rokey/ros2_ws/build/dsr_example/build install --record /home/rokey/ros2_ws/build/dsr_example/install.log --single-version-externally-managed install_data[0m
[2.323s] [34mcolcon.colcon_core.environment[0m [1;30mLevel 1[0m checking '/home/rokey/ros2_ws/install/dsr_example' for CMake config files
[2.323s] [34mcolcon.colcon_core.environment[0m [1;30mLevel 1[0m checking '/home/rokey/ros2_ws/install/dsr_example/lib'
[2.324s] [34mcolcon.colcon_core.environment[0m [1;30mLevel 1[0m checking '/home/rokey/ros2_ws/install/dsr_example/bin'
[2.324s] [34mcolcon.colcon_core.environment[0m [1;30mLevel 1[0m checking '/home/rokey/ros2_ws/install/dsr_example/lib/pkgconfig/dsr_example.pc'
[2.324s] [34mcolcon.colcon_core.environment[0m [1;30mLevel 1[0m checking '/home/rokey/ros2_ws/install/dsr_example/lib/python3.10/site-packages'
[2.324s] [34mcolcon.colcon_core.shell[0m [1;30mLevel 1[0m create_environment_hook('dsr_example', 'pythonpath')
[2.324s] [34mcolcon.colcon_core.shell[0m [1;30mINFO[0m Creating environment hook '/home/rokey/ros2_ws/install/dsr_example/share/dsr_example/hook/pythonpath.ps1'
[2.325s] [34mcolcon.colcon_core.shell[0m [1;30mINFO[0m Creating environment descriptor '/home/rokey/ros2_ws/install/dsr_example/share/dsr_example/hook/pythonpath.dsv'
[2.325s] [34mcolcon.colcon_core.shell[0m [1;30mINFO[0m Creating environment hook '/home/rokey/ros2_ws/install/dsr_example/share/dsr_example/hook/pythonpath.sh'
[2.326s] [34mcolcon.colcon_core.environment[0m [1;30mLevel 1[0m checking '/home/rokey/ros2_ws/install/dsr_example/bin'
[2.326s] [34mcolcon.colcon_core.environment[0m [1;30mLevel 1[0m create_environment_scripts_only(dsr_example)
[2.326s] [34mcolcon.colcon_core.shell[0m [1;30mINFO[0m Creating package script '/home/rokey/ros2_ws/install/dsr_example/share/dsr_example/package.ps1'
[2.327s] [34mcolcon.colcon_core.shell[0m [1;30mINFO[0m Creating package descriptor '/home/rokey/ros2_ws/install/dsr_example/share/dsr_example/package.dsv'
[2.327s] [34mcolcon.colcon_core.shell[0m [1;30mINFO[0m Creating package script '/home/rokey/ros2_ws/install/dsr_example/share/dsr_example/package.sh'
[2.328s] [34mcolcon.colcon_core.shell[0m [1;30mINFO[0m Creating package script '/home/rokey/ros2_ws/install/dsr_example/share/dsr_example/package.bash'
[2.328s] [34mcolcon.colcon_core.shell[0m [1;30mINFO[0m Creating package script '/home/rokey/ros2_ws/install/dsr_example/share/dsr_example/package.zsh'
[2.329s] [34mcolcon.colcon_core.environment[0m [1;30mLevel 1[0m create_file_with_runtime_dependencies(/home/rokey/ros2_ws/install/dsr_example/share/colcon-core/packages/dsr_example)
[2.512s] [34mcolcon.colcon_core.environment[0m [1;30mLevel 1[0m checking '/home/rokey/ros2_ws/install/pick_and_place_voice' for CMake module files
[2.513s] [34mcolcon.colcon_core.event_handler.log_command[0m [1;30mDEBUG[0m [32mInvoked command in '/home/rokey/ros2_ws/src/DoosanBootcamp3rd/dsr_rokey/pick_and_place_voice' returned '0': PYTHONPATH=/home/rokey/ros2_ws/build/pick_and_place_voice/prefix_override:/usr/lib/python3/dist-packages/colcon_core/task/python/colcon_distutils_commands:/home/rokey/ros2_ws/install/pick_and_place_voice/lib/python3.10/site-packages:${PYTHONPATH} /usr/bin/python3 -W ignore:setup.py install is deprecated -W ignore:easy_install command is deprecated setup.py egg_info --egg-base ../../../../build/pick_and_place_voice build --build-base /home/rokey/ros2_ws/build/pick_and_place_voice/build install --record /home/rokey/ros2_ws/build/pick_and_place_voice/install.log --single-version-externally-managed install_data[0m
[2.513s] [34mcolcon.colcon_core.environment[0m [1;30mLevel 1[0m checking '/home/rokey/ros2_ws/install/pick_and_place_voice' for CMake config files
[2.514s] [34mcolcon.colcon_core.environment[0m [1;30mLevel 1[0m checking '/home/rokey/ros2_ws/install/pick_and_place_voice/lib'
[2.514s] [34mcolcon.colcon_core.environment[0m [1;30mLevel 1[0m checking '/home/rokey/ros2_ws/install/pick_and_place_voice/bin'
[2.514s] [34mcolcon.colcon_core.environment[0m [1;30mLevel 1[0m checking '/home/rokey/ros2_ws/install/pick_and_place_voice/lib/pkgconfig/pick_and_place_voice.pc'
[2.514s] [34mcolcon.colcon_core.environment[0m [1;30mLevel 1[0m checking '/home/rokey/ros2_ws/install/pick_and_place_voice/lib/python3.10/site-packages'
[2.515s] [34mcolcon.colcon_core.shell[0m [1;30mLevel 1[0m create_environment_hook('pick_and_place_voice', 'pythonpath')
[2.515s] [34mcolcon.colcon_core.shell[0m [1;30mINFO[0m Creating environment hook '/home/rokey/ros2_ws/install/pick_and_place_voice/share/pick_and_place_voice/hook/pythonpath.ps1'
[2.515s] [34mcolcon.colcon_core.shell[0m [1;30mINFO[0m Creating environment descriptor '/home/rokey/ros2_ws/install/pick_and_place_voice/share/pick_and_place_voice/hook/pythonpath.dsv'
[2.515s] [34mcolcon.colcon_core.shell[0m [1;30mINFO[0m Creating environment hook '/home/rokey/ros2_ws/install/pick_and_place_voice/share/pick_and_place_voice/hook/pythonpath.sh'
[2.516s] [34mcolcon.colcon_core.environment[0m [1;30mLevel 1[0m checking '/home/rokey/ros2_ws/install/pick_and_place_voice/bin'
[2.516s] [34mcolcon.colcon_core.environment[0m [1;30mLevel 1[0m create_environment_scripts_only(pick_and_place_voice)
[2.516s] [34mcolcon.colcon_core.shell[0m [1;30mINFO[0m Creating package script '/home/rokey/ros2_ws/install/pick_and_place_voice/share/pick_and_place_voice/package.ps1'
[2.516s] [34mcolcon.colcon_core.shell[0m [1;30mINFO[0m Creating package descriptor '/home/rokey/ros2_ws/install/pick_and_place_voice/share/pick_and_place_voice/package.dsv'
[2.517s] [34mcolcon.colcon_core.shell[0m [1;30mINFO[0m Creating package script '/home/rokey/ros2_ws/install/pick_and_place_voice/share/pick_and_place_voice/package.sh'
[2.517s] [34mcolcon.colcon_core.shell[0m [1;30mINFO[0m Creating package script '/home/rokey/ros2_ws/install/pick_and_place_voice/share/pick_and_place_voice/package.bash'
[2.517s] [34mcolcon.colcon_core.shell[0m [1;30mINFO[0m Creating package script '/home/rokey/ros2_ws/install/pick_and_place_voice/share/pick_and_place_voice/package.zsh'
[2.517s] [34mcolcon.colcon_core.environment[0m [1;30mLevel 1[0m create_file_with_runtime_dependencies(/home/rokey/ros2_ws/install/pick_and_place_voice/share/colcon-core/packages/pick_and_place_voice)
[2.763s] [34mcolcon.colcon_core.event_handler.log_command[0m [1;30mDEBUG[0m [32mInvoked command in '/home/rokey/ros2_ws/build/dsr_gazebo2' returned '0': AMENT_PREFIX_PATH=/home/rokey/ros2_ws/install/dsr_description2:${AMENT_PREFIX_PATH} CMAKE_PREFIX_PATH=/home/rokey/ros2_ws/install/dsr_description2:/opt/ros/humble /usr/bin/cmake /home/rokey/ros2_ws/src/DoosanBootcamp3rd/dsr_gazebo2 -DCMAKE_INSTALL_PREFIX=/home/rokey/ros2_ws/install/dsr_gazebo2[0m
[2.764s] [34mcolcon.colcon_core.event_handler.log_command[0m [1;30mDEBUG[0m [32mInvoking command in '/home/rokey/ros2_ws/build/dsr_gazebo2': AMENT_PREFIX_PATH=/home/rokey/ros2_ws/install/dsr_description2:${AMENT_PREFIX_PATH} CMAKE_PREFIX_PATH=/home/rokey/ros2_ws/install/dsr_description2:/opt/ros/humble /usr/bin/cmake --build /home/rokey/ros2_ws/build/dsr_gazebo2 -- -j16 -l16[0m
[2.799s] [34mcolcon.colcon_core.event_handler.log_command[0m [1;30mDEBUG[0m [32mInvoked command in '/home/rokey/ros2_ws/build/dsr_gazebo2' returned '0': AMENT_PREFIX_PATH=/home/rokey/ros2_ws/install/dsr_description2:${AMENT_PREFIX_PATH} CMAKE_PREFIX_PATH=/home/rokey/ros2_ws/install/dsr_description2:/opt/ros/humble /usr/bin/cmake --build /home/rokey/ros2_ws/build/dsr_gazebo2 -- -j16 -l16[0m
[2.800s] [34mcolcon.colcon_core.event_handler.log_command[0m [1;30mDEBUG[0m [32mInvoking command in '/home/rokey/ros2_ws/build/dsr_gazebo2': AMENT_PREFIX_PATH=/home/rokey/ros2_ws/install/dsr_description2:${AMENT_PREFIX_PATH} CMAKE_PREFIX_PATH=/home/rokey/ros2_ws/install/dsr_description2:/opt/ros/humble /usr/bin/cmake --install /home/rokey/ros2_ws/build/dsr_gazebo2[0m
[2.836s] [34mcolcon.colcon_core.environment[0m [1;30mLevel 1[0m create_environment_scripts_only(dsr_gazebo2)
[2.837s] [34mcolcon.colcon_core.environment[0m [1;30mLevel 1[0m checking '/home/rokey/ros2_ws/install/dsr_gazebo2' for CMake module files
[2.837s] [34mcolcon.colcon_core.event_handler.log_command[0m [1;30mDEBUG[0m [32mInvoked command in '/home/rokey/ros2_ws/build/dsr_gazebo2' returned '0': AMENT_PREFIX_PATH=/home/rokey/ros2_ws/install/dsr_description2:${AMENT_PREFIX_PATH} CMAKE_PREFIX_PATH=/home/rokey/ros2_ws/install/dsr_description2:/opt/ros/humble /usr/bin/cmake --install /home/rokey/ros2_ws/build/dsr_gazebo2[0m
[2.837s] [34mcolcon.colcon_core.environment[0m [1;30mLevel 1[0m checking '/home/rokey/ros2_ws/install/dsr_gazebo2' for CMake config files
[2.837s] [34mcolcon.colcon_core.shell[0m [1;30mLevel 1[0m create_environment_hook('dsr_gazebo2', 'cmake_prefix_path')
[2.837s] [34mcolcon.colcon_core.shell[0m [1;30mINFO[0m Creating environment hook '/home/rokey/ros2_ws/install/dsr_gazebo2/share/dsr_gazebo2/hook/cmake_prefix_path.ps1'
[2.838s] [34mcolcon.colcon_core.shell[0m [1;30mINFO[0m Creating environment descriptor '/home/rokey/ros2_ws/install/dsr_gazebo2/share/dsr_gazebo2/hook/cmake_prefix_path.dsv'
[2.838s] [34mcolcon.colcon_core.shell[0m [1;30mINFO[0m Creating environment hook '/home/rokey/ros2_ws/install/dsr_gazebo2/share/dsr_gazebo2/hook/cmake_prefix_path.sh'
[2.838s] [34mcolcon.colcon_core.environment[0m [1;30mLevel 1[0m checking '/home/rokey/ros2_ws/install/dsr_gazebo2/bin'
[2.838s] [34mcolcon.colcon_core.environment[0m [1;30mLevel 1[0m checking '/home/rokey/ros2_ws/install/dsr_gazebo2/lib/pkgconfig/dsr_gazebo2.pc'
[2.838s] [34mcolcon.colcon_core.environment[0m [1;30mLevel 1[0m checking '/home/rokey/ros2_ws/install/dsr_gazebo2/lib/python3.10/site-packages'
[2.839s] [34mcolcon.colcon_core.environment[0m [1;30mLevel 1[0m checking '/home/rokey/ros2_ws/install/dsr_gazebo2/bin'
[2.839s] [34mcolcon.colcon_core.shell[0m [1;30mINFO[0m Creating package script '/home/rokey/ros2_ws/install/dsr_gazebo2/share/dsr_gazebo2/package.ps1'
[2.839s] [34mcolcon.colcon_core.shell[0m [1;30mINFO[0m Creating package descriptor '/home/rokey/ros2_ws/install/dsr_gazebo2/share/dsr_gazebo2/package.dsv'
[2.839s] [34mcolcon.colcon_core.shell[0m [1;30mINFO[0m Creating package script '/home/rokey/ros2_ws/install/dsr_gazebo2/share/dsr_gazebo2/package.sh'
[2.840s] [34mcolcon.colcon_core.shell[0m [1;30mINFO[0m Creating package script '/home/rokey/ros2_ws/install/dsr_gazebo2/share/dsr_gazebo2/package.bash'
[2.840s] [34mcolcon.colcon_core.shell[0m [1;30mINFO[0m Creating package script '/home/rokey/ros2_ws/install/dsr_gazebo2/share/dsr_gazebo2/package.zsh'
[2.840s] [34mcolcon.colcon_core.environment[0m [1;30mLevel 1[0m create_file_with_runtime_dependencies(/home/rokey/ros2_ws/install/dsr_gazebo2/share/colcon-core/packages/dsr_gazebo2)
[2.840s] [34mcolcon.colcon_core.environment[0m [1;30mLevel 1[0m create_environment_scripts_only(dsr_gazebo2)
[2.840s] [34mcolcon.colcon_core.environment[0m [1;30mLevel 1[0m checking '/home/rokey/ros2_ws/install/dsr_gazebo2' for CMake module files
[2.841s] [34mcolcon.colcon_core.environment[0m [1;30mLevel 1[0m checking '/home/rokey/ros2_ws/install/dsr_gazebo2' for CMake config files
[2.841s] [34mcolcon.colcon_core.shell[0m [1;30mLevel 1[0m create_environment_hook('dsr_gazebo2', 'cmake_prefix_path')
[2.841s] [34mcolcon.colcon_core.shell[0m [1;30mINFO[0m Creating environment hook '/home/rokey/ros2_ws/install/dsr_gazebo2/share/dsr_gazebo2/hook/cmake_prefix_path.ps1'
[2.841s] [34mcolcon.colcon_core.shell[0m [1;30mINFO[0m Creating environment descriptor '/home/rokey/ros2_ws/install/dsr_gazebo2/share/dsr_gazebo2/hook/cmake_prefix_path.dsv'
[2.841s] [34mcolcon.colcon_core.shell[0m [1;30mINFO[0m Creating environment hook '/home/rokey/ros2_ws/install/dsr_gazebo2/share/dsr_gazebo2/hook/cmake_prefix_path.sh'
[2.842s] [34mcolcon.colcon_core.environment[0m [1;30mLevel 1[0m checking '/home/rokey/ros2_ws/install/dsr_gazebo2/bin'
[2.842s] [34mcolcon.colcon_core.environment[0m [1;30mLevel 1[0m checking '/home/rokey/ros2_ws/install/dsr_gazebo2/lib/pkgconfig/dsr_gazebo2.pc'
[2.842s] [34mcolcon.colcon_core.environment[0m [1;30mLevel 1[0m checking '/home/rokey/ros2_ws/install/dsr_gazebo2/lib/python3.10/site-packages'
[2.842s] [34mcolcon.colcon_core.environment[0m [1;30mLevel 1[0m checking '/home/rokey/ros2_ws/install/dsr_gazebo2/bin'
[2.842s] [34mcolcon.colcon_core.shell[0m [1;30mINFO[0m Creating package script '/home/rokey/ros2_ws/install/dsr_gazebo2/share/dsr_gazebo2/package.ps1'
[2.843s] [34mcolcon.colcon_core.shell[0m [1;30mINFO[0m Creating package descriptor '/home/rokey/ros2_ws/install/dsr_gazebo2/share/dsr_gazebo2/package.dsv'
[2.843s] [34mcolcon.colcon_core.shell[0m [1;30mINFO[0m Creating package script '/home/rokey/ros2_ws/install/dsr_gazebo2/share/dsr_gazebo2/package.sh'
[2.843s] [34mcolcon.colcon_core.shell[0m [1;30mINFO[0m Creating package script '/home/rokey/ros2_ws/install/dsr_gazebo2/share/dsr_gazebo2/package.bash'
[2.843s] [34mcolcon.colcon_core.shell[0m [1;30mINFO[0m Creating package script '/home/rokey/ros2_ws/install/dsr_gazebo2/share/dsr_gazebo2/package.zsh'
[2.843s] [34mcolcon.colcon_core.environment[0m [1;30mLevel 1[0m create_file_with_runtime_dependencies(/home/rokey/ros2_ws/install/dsr_gazebo2/share/colcon-core/packages/dsr_gazebo2)
[3.152s] [34mcolcon.colcon_core.event_handler.log_command[0m [1;30mDEBUG[0m [32mInvoked command in '/home/rokey/ros2_ws/build/dsr_msgs2' returned '0': CMAKE_PREFIX_PATH=/opt/ros/humble /usr/bin/cmake /home/rokey/ros2_ws/src/DoosanBootcamp3rd/dsr_msgs2 -DCMAKE_INSTALL_PREFIX=/home/rokey/ros2_ws/install/dsr_msgs2[0m
[3.153s] [34mcolcon.colcon_core.event_handler.log_command[0m [1;30mDEBUG[0m [32mInvoking command in '/home/rokey/ros2_ws/build/dsr_msgs2': CMAKE_PREFIX_PATH=/opt/ros/humble /usr/bin/cmake --build /home/rokey/ros2_ws/build/dsr_msgs2 -- -j16 -l16[0m
[3.218s] [34mcolcon.colcon_core.event_handler.log_command[0m [1;30mDEBUG[0m [32mInvoked command in '/home/rokey/ros2_ws/build/od_msg' returned '0': /usr/bin/cmake --build /home/rokey/ros2_ws/build/od_msg -- -j16 -l16[0m
[3.219s] [34mcolcon.colcon_core.event_handler.log_command[0m [1;30mDEBUG[0m [32mInvoking command in '/home/rokey/ros2_ws/build/od_msg': /usr/bin/cmake --install /home/rokey/ros2_ws/build/od_msg[0m
[3.258s] [34mcolcon.colcon_core.event_handler.log_command[0m [1;30mDEBUG[0m [32mInvoked command in '/home/rokey/ros2_ws/build/od_msg' returned '0': /usr/bin/cmake --install /home/rokey/ros2_ws/build/od_msg[0m
[3.259s] [34mcolcon.colcon_core.shell[0m [1;30mLevel 1[0m create_environment_hook('od_msg', 'ros_package_path')
[3.259s] [34mcolcon.colcon_core.shell[0m [1;30mINFO[0m Creating environment hook '/home/rokey/ros2_ws/install/od_msg/share/od_msg/hook/ros_package_path.ps1'
[3.260s] [34mcolcon.colcon_core.shell[0m [1;30mINFO[0m Creating environment descriptor '/home/rokey/ros2_ws/install/od_msg/share/od_msg/hook/ros_package_path.dsv'
[3.260s] [34mcolcon.colcon_core.shell[0m [1;30mINFO[0m Creating environment hook '/home/rokey/ros2_ws/install/od_msg/share/od_msg/hook/ros_package_path.sh'
[3.260s] [34mcolcon.colcon_ros.task.catkin[0m [1;30mLevel 1[0m checking '/home/rokey/ros2_ws/install/od_msg/local/lib/python3.10/dist-packages'
[3.261s] [34mcolcon.colcon_core.shell[0m [1;30mLevel 1[0m create_environment_hook('od_msg', 'catkin_pythonpath')
[3.261s] [34mcolcon.colcon_core.shell[0m [1;30mINFO[0m Creating environment hook '/home/rokey/ros2_ws/install/od_msg/share/od_msg/hook/catkin_pythonpath.ps1'
[3.261s] [34mcolcon.colcon_core.shell[0m [1;30mINFO[0m Creating environment descriptor '/home/rokey/ros2_ws/install/od_msg/share/od_msg/hook/catkin_pythonpath.dsv'
[3.262s] [34mcolcon.colcon_core.shell[0m [1;30mINFO[0m Creating environment hook '/home/rokey/ros2_ws/install/od_msg/share/od_msg/hook/catkin_pythonpath.sh'
[3.262s] [34mcolcon.colcon_core.shell[0m [1;30mLevel 1[0m create_environment_hook('od_msg', 'pkg_config_path')
[3.262s] [34mcolcon.colcon_core.shell[0m [1;30mINFO[0m Creating environment hook '/home/rokey/ros2_ws/install/od_msg/share/od_msg/hook/pkg_config_path.ps1'
[3.263s] [34mcolcon.colcon_core.shell[0m [1;30mINFO[0m Creating environment descriptor '/home/rokey/ros2_ws/install/od_msg/share/od_msg/hook/pkg_config_path.dsv'
[3.263s] [34mcolcon.colcon_core.shell[0m [1;30mINFO[0m Creating environment hook '/home/rokey/ros2_ws/install/od_msg/share/od_msg/hook/pkg_config_path.sh'
[3.265s] [34mcolcon.colcon_core.shell[0m [1;30mLevel 1[0m create_environment_hook('od_msg', 'pkg_config_path_multiarch')
[3.265s] [34mcolcon.colcon_core.shell[0m [1;30mINFO[0m Creating environment hook '/home/rokey/ros2_ws/install/od_msg/share/od_msg/hook/pkg_config_path_multiarch.ps1'
[3.265s] [34mcolcon.colcon_core.shell[0m [1;30mINFO[0m Creating environment descriptor '/home/rokey/ros2_ws/install/od_msg/share/od_msg/hook/pkg_config_path_multiarch.dsv'
[3.265s] [34mcolcon.colcon_core.shell[0m [1;30mINFO[0m Creating environment hook '/home/rokey/ros2_ws/install/od_msg/share/od_msg/hook/pkg_config_path_multiarch.sh'
[3.266s] [34mcolcon.colcon_core.environment[0m [1;30mLevel 1[0m create_environment_scripts_only(od_msg)
[3.267s] [34mcolcon.colcon_core.environment[0m [1;30mLevel 1[0m checking '/home/rokey/ros2_ws/install/od_msg' for CMake module files
[3.267s] [34mcolcon.colcon_core.environment[0m [1;30mLevel 1[0m checking '/home/rokey/ros2_ws/install/od_msg' for CMake config files
[3.267s] [34mcolcon.colcon_core.shell[0m [1;30mLevel 1[0m create_environment_hook('od_msg', 'cmake_prefix_path')
[3.267s] [34mcolcon.colcon_core.shell[0m [1;30mINFO[0m Creating environment hook '/home/rokey/ros2_ws/install/od_msg/share/od_msg/hook/cmake_prefix_path.ps1'
[3.268s] [34mcolcon.colcon_core.shell[0m [1;30mINFO[0m Creating environment descriptor '/home/rokey/ros2_ws/install/od_msg/share/od_msg/hook/cmake_prefix_path.dsv'
[3.268s] [34mcolcon.colcon_core.shell[0m [1;30mINFO[0m Creating environment hook '/home/rokey/ros2_ws/install/od_msg/share/od_msg/hook/cmake_prefix_path.sh'
[3.268s] [34mcolcon.colcon_core.environment[0m [1;30mLevel 1[0m checking '/home/rokey/ros2_ws/install/od_msg/lib'
[3.268s] [34mcolcon.colcon_core.shell[0m [1;30mLevel 1[0m create_environment_hook('od_msg', 'ld_library_path_lib')
[3.269s] [34mcolcon.colcon_core.shell[0m [1;30mINFO[0m Creating environment hook '/home/rokey/ros2_ws/install/od_msg/share/od_msg/hook/ld_library_path_lib.ps1'
[3.269s] [34mcolcon.colcon_core.shell[0m [1;30mINFO[0m Creating environment descriptor '/home/rokey/ros2_ws/install/od_msg/share/od_msg/hook/ld_library_path_lib.dsv'
[3.269s] [34mcolcon.colcon_core.shell[0m [1;30mINFO[0m Creating environment hook '/home/rokey/ros2_ws/install/od_msg/share/od_msg/hook/ld_library_path_lib.sh'
[3.269s] [34mcolcon.colcon_core.environment[0m [1;30mLevel 1[0m checking '/home/rokey/ros2_ws/install/od_msg/bin'
[3.269s] [34mcolcon.colcon_core.environment[0m [1;30mLevel 1[0m checking '/home/rokey/ros2_ws/install/od_msg/lib/pkgconfig/od_msg.pc'
[3.269s] [34mcolcon.colcon_core.environment[0m [1;30mLevel 1[0m checking '/home/rokey/ros2_ws/install/od_msg/lib/python3.10/site-packages'
[3.270s] [34mcolcon.colcon_core.environment[0m [1;30mLevel 1[0m checking '/home/rokey/ros2_ws/install/od_msg/bin'
[3.270s] [34mcolcon.colcon_core.shell[0m [1;30mINFO[0m Creating package script '/home/rokey/ros2_ws/install/od_msg/share/od_msg/package.ps1'
[3.271s] [34mcolcon.colcon_core.shell[0m [1;30mINFO[0m Creating package descriptor '/home/rokey/ros2_ws/install/od_msg/share/od_msg/package.dsv'
[3.271s] [34mcolcon.colcon_core.shell[0m [1;30mINFO[0m Creating package script '/home/rokey/ros2_ws/install/od_msg/share/od_msg/package.sh'
[3.271s] [34mcolcon.colcon_core.shell[0m [1;30mINFO[0m Creating package script '/home/rokey/ros2_ws/install/od_msg/share/od_msg/package.bash'
[3.271s] [34mcolcon.colcon_core.shell[0m [1;30mINFO[0m Creating package script '/home/rokey/ros2_ws/install/od_msg/share/od_msg/package.zsh'
[3.272s] [34mcolcon.colcon_core.environment[0m [1;30mLevel 1[0m create_file_with_runtime_dependencies(/home/rokey/ros2_ws/install/od_msg/share/colcon-core/packages/od_msg)
[58.265s] [34mcolcon.colcon_core.event_handler.log_command[0m [1;30mDEBUG[0m [32mInvoked command in '/home/rokey/ros2_ws/build/dsr_msgs2' returned '0': CMAKE_PREFIX_PATH=/opt/ros/humble /usr/bin/cmake --build /home/rokey/ros2_ws/build/dsr_msgs2 -- -j16 -l16[0m
[58.266s] [34mcolcon.colcon_core.event_handler.log_command[0m [1;30mDEBUG[0m [32mInvoking command in '/home/rokey/ros2_ws/build/dsr_msgs2': CMAKE_PREFIX_PATH=/opt/ros/humble /usr/bin/cmake --install /home/rokey/ros2_ws/build/dsr_msgs2[0m
[58.719s] [34mcolcon.colcon_core.environment[0m [1;30mLevel 1[0m create_environment_scripts_only(dsr_msgs2)
[58.719s] [34mcolcon.colcon_core.event_handler.log_command[0m [1;30mDEBUG[0m [32mInvoked command in '/home/rokey/ros2_ws/build/dsr_msgs2' returned '0': CMAKE_PREFIX_PATH=/opt/ros/humble /usr/bin/cmake --install /home/rokey/ros2_ws/build/dsr_msgs2[0m
[58.720s] [34mcolcon.colcon_core.environment[0m [1;30mLevel 1[0m checking '/home/rokey/ros2_ws/install/dsr_msgs2' for CMake module files
[58.721s] [34mcolcon.colcon_core.environment[0m [1;30mLevel 1[0m checking '/home/rokey/ros2_ws/install/dsr_msgs2' for CMake config files
[58.724s] [34mcolcon.colcon_core.shell[0m [1;30mLevel 1[0m create_environment_hook('dsr_msgs2', 'cmake_prefix_path')
[58.724s] [34mcolcon.colcon_core.shell[0m [1;30mINFO[0m Creating environment hook '/home/rokey/ros2_ws/install/dsr_msgs2/share/dsr_msgs2/hook/cmake_prefix_path.ps1'
[58.725s] [34mcolcon.colcon_core.shell[0m [1;30mINFO[0m Creating environment descriptor '/home/rokey/ros2_ws/install/dsr_msgs2/share/dsr_msgs2/hook/cmake_prefix_path.dsv'
[58.725s] [34mcolcon.colcon_core.shell[0m [1;30mINFO[0m Creating environment hook '/home/rokey/ros2_ws/install/dsr_msgs2/share/dsr_msgs2/hook/cmake_prefix_path.sh'
[58.725s] [34mcolcon.colcon_core.environment[0m [1;30mLevel 1[0m checking '/home/rokey/ros2_ws/install/dsr_msgs2/lib'
[58.725s] [34mcolcon.colcon_core.shell[0m [1;30mLevel 1[0m create_environment_hook('dsr_msgs2', 'ld_library_path_lib')
[58.725s] [34mcolcon.colcon_core.shell[0m [1;30mINFO[0m Creating environment hook '/home/rokey/ros2_ws/install/dsr_msgs2/share/dsr_msgs2/hook/ld_library_path_lib.ps1'
[58.726s] [34mcolcon.colcon_core.shell[0m [1;30mINFO[0m Creating environment descriptor '/home/rokey/ros2_ws/install/dsr_msgs2/share/dsr_msgs2/hook/ld_library_path_lib.dsv'
[58.726s] [34mcolcon.colcon_core.shell[0m [1;30mINFO[0m Creating environment hook '/home/rokey/ros2_ws/install/dsr_msgs2/share/dsr_msgs2/hook/ld_library_path_lib.sh'
[58.726s] [34mcolcon.colcon_core.environment[0m [1;30mLevel 1[0m checking '/home/rokey/ros2_ws/install/dsr_msgs2/bin'
[58.726s] [34mcolcon.colcon_core.environment[0m [1;30mLevel 1[0m checking '/home/rokey/ros2_ws/install/dsr_msgs2/lib/pkgconfig/dsr_msgs2.pc'
[58.726s] [34mcolcon.colcon_core.environment[0m [1;30mLevel 1[0m checking '/home/rokey/ros2_ws/install/dsr_msgs2/lib/python3.10/site-packages'
[58.726s] [34mcolcon.colcon_core.environment[0m [1;30mLevel 1[0m checking '/home/rokey/ros2_ws/install/dsr_msgs2/bin'
[58.727s] [34mcolcon.colcon_core.shell[0m [1;30mINFO[0m Creating package script '/home/rokey/ros2_ws/install/dsr_msgs2/share/dsr_msgs2/package.ps1'
[58.727s] [34mcolcon.colcon_core.shell[0m [1;30mINFO[0m Creating package descriptor '/home/rokey/ros2_ws/install/dsr_msgs2/share/dsr_msgs2/package.dsv'
[58.727s] [34mcolcon.colcon_core.shell[0m [1;30mINFO[0m Creating package script '/home/rokey/ros2_ws/install/dsr_msgs2/share/dsr_msgs2/package.sh'
[58.727s] [34mcolcon.colcon_core.shell[0m [1;30mINFO[0m Creating package script '/home/rokey/ros2_ws/install/dsr_msgs2/share/dsr_msgs2/package.bash'
[58.728s] [34mcolcon.colcon_core.shell[0m [1;30mINFO[0m Creating package script '/home/rokey/ros2_ws/install/dsr_msgs2/share/dsr_msgs2/package.zsh'
[58.728s] [34mcolcon.colcon_core.environment[0m [1;30mLevel 1[0m create_file_with_runtime_dependencies(/home/rokey/ros2_ws/install/dsr_msgs2/share/colcon-core/packages/dsr_msgs2)
[58.728s] [34mcolcon.colcon_core.environment[0m [1;30mLevel 1[0m create_environment_scripts_only(dsr_msgs2)
[58.728s] [34mcolcon.colcon_core.environment[0m [1;30mLevel 1[0m checking '/home/rokey/ros2_ws/install/dsr_msgs2' for CMake module files
[58.729s] [34mcolcon.colcon_core.environment[0m [1;30mLevel 1[0m checking '/home/rokey/ros2_ws/install/dsr_msgs2' for CMake config files
[58.731s] [34mcolcon.colcon_core.shell[0m [1;30mLevel 1[0m create_environment_hook('dsr_msgs2', 'cmake_prefix_path')
[58.731s] [34mcolcon.colcon_core.shell[0m [1;30mINFO[0m Creating environment hook '/home/rokey/ros2_ws/install/dsr_msgs2/share/dsr_msgs2/hook/cmake_prefix_path.ps1'
[58.731s] [34mcolcon.colcon_core.shell[0m [1;30mINFO[0m Creating environment descriptor '/home/rokey/ros2_ws/install/dsr_msgs2/share/dsr_msgs2/hook/cmake_prefix_path.dsv'
[58.731s] [34mcolcon.colcon_core.shell[0m [1;30mINFO[0m Creating environment hook '/home/rokey/ros2_ws/install/dsr_msgs2/share/dsr_msgs2/hook/cmake_prefix_path.sh'
[58.732s] [34mcolcon.colcon_core.environment[0m [1;30mLevel 1[0m checking '/home/rokey/ros2_ws/install/dsr_msgs2/lib'
[58.732s] [34mcolcon.colcon_core.shell[0m [1;30mLevel 1[0m create_environment_hook('dsr_msgs2', 'ld_library_path_lib')
[58.732s] [34mcolcon.colcon_core.shell[0m [1;30mINFO[0m Creating environment hook '/home/rokey/ros2_ws/install/dsr_msgs2/share/dsr_msgs2/hook/ld_library_path_lib.ps1'
[58.732s] [34mcolcon.colcon_core.shell[0m [1;30mINFO[0m Creating environment descriptor '/home/rokey/ros2_ws/install/dsr_msgs2/share/dsr_msgs2/hook/ld_library_path_lib.dsv'
[58.732s] [34mcolcon.colcon_core.shell[0m [1;30mINFO[0m Creating environment hook '/home/rokey/ros2_ws/install/dsr_msgs2/share/dsr_msgs2/hook/ld_library_path_lib.sh'
[58.732s] [34mcolcon.colcon_core.environment[0m [1;30mLevel 1[0m checking '/home/rokey/ros2_ws/install/dsr_msgs2/bin'
[58.733s] [34mcolcon.colcon_core.environment[0m [1;30mLevel 1[0m checking '/home/rokey/ros2_ws/install/dsr_msgs2/lib/pkgconfig/dsr_msgs2.pc'
[58.733s] [34mcolcon.colcon_core.environment[0m [1;30mLevel 1[0m checking '/home/rokey/ros2_ws/install/dsr_msgs2/lib/python3.10/site-packages'
[58.733s] [34mcolcon.colcon_core.environment[0m [1;30mLevel 1[0m checking '/home/rokey/ros2_ws/install/dsr_msgs2/bin'
[58.733s] [34mcolcon.colcon_core.shell[0m [1;30mINFO[0m Creating package script '/home/rokey/ros2_ws/install/dsr_msgs2/share/dsr_msgs2/package.ps1'
[58.733s] [34mcolcon.colcon_core.shell[0m [1;30mINFO[0m Creating package descriptor '/home/rokey/ros2_ws/install/dsr_msgs2/share/dsr_msgs2/package.dsv'
[58.734s] [34mcolcon.colcon_core.shell[0m [1;30mINFO[0m Creating package script '/home/rokey/ros2_ws/install/dsr_msgs2/share/dsr_msgs2/package.sh'
[58.734s] [34mcolcon.colcon_core.shell[0m [1;30mINFO[0m Creating package script '/home/rokey/ros2_ws/install/dsr_msgs2/share/dsr_msgs2/package.bash'
[58.734s] [34mcolcon.colcon_core.shell[0m [1;30mINFO[0m Creating package script '/home/rokey/ros2_ws/install/dsr_msgs2/share/dsr_msgs2/package.zsh'
[58.734s] [34mcolcon.colcon_core.environment[0m [1;30mLevel 1[0m create_file_with_runtime_dependencies(/home/rokey/ros2_ws/install/dsr_msgs2/share/colcon-core/packages/dsr_msgs2)
[58.734s] [34mcolcon.colcon_ros.task.ament_cmake.build[0m [1;30mINFO[0m Building ROS package in '/home/rokey/ros2_ws/src/DoosanBootcamp3rd/dsr_hardware2' with build type 'ament_cmake'
[58.735s] [34mcolcon.colcon_cmake.task.cmake.build[0m [1;30mINFO[0m Building CMake package in '/home/rokey/ros2_ws/src/DoosanBootcamp3rd/dsr_hardware2'
[58.735s] [34mcolcon.colcon_core.shell[0m [1;30mINFO[0m Skip shell extension 'powershell' for command environment: Not usable outside of PowerShell
[58.735s] [34mcolcon.colcon_core.shell[0m [1;30mDEBUG[0m [32mSkip shell extension 'dsv' for command environment[0m
[58.737s] [34mcolcon.colcon_ros.task.ament_python.build[0m [1;30mINFO[0m Building ROS package in '/home/rokey/ros2_ws/src/DoosanBootcamp3rd/dsr_bringup2' with build type 'ament_python'
[58.737s] [34mcolcon.colcon_core.shell[0m [1;30mLevel 1[0m create_environment_hook('dsr_bringup2', 'ament_prefix_path')
[58.737s] [34mcolcon.colcon_core.shell[0m [1;30mINFO[0m Creating environment hook '/home/rokey/ros2_ws/install/dsr_bringup2/share/dsr_bringup2/hook/ament_prefix_path.ps1'
[58.738s] [34mcolcon.colcon_core.shell[0m [1;30mINFO[0m Creating environment descriptor '/home/rokey/ros2_ws/install/dsr_bringup2/share/dsr_bringup2/hook/ament_prefix_path.dsv'
[58.738s] [34mcolcon.colcon_core.shell[0m [1;30mINFO[0m Creating environment hook '/home/rokey/ros2_ws/install/dsr_bringup2/share/dsr_bringup2/hook/ament_prefix_path.sh'
[58.738s] [34mcolcon.colcon_core.shell[0m [1;30mINFO[0m Skip shell extension 'powershell' for command environment: Not usable outside of PowerShell
[58.738s] [34mcolcon.colcon_core.shell[0m [1;30mDEBUG[0m [32mSkip shell extension 'dsv' for command environment[0m
[58.740s] [34mcolcon.colcon_ros.task.ament_cmake.build[0m [1;30mINFO[0m Building ROS package in '/home/rokey/ros2_ws/src/DoosanBootcamp3rd/dsr_example2/dsr_realtime_control' with build type 'ament_cmake'
[58.740s] [34mcolcon.colcon_cmake.task.cmake.build[0m [1;30mINFO[0m Building CMake package in '/home/rokey/ros2_ws/src/DoosanBootcamp3rd/dsr_example2/dsr_realtime_control'
[58.740s] [34mcolcon.colcon_core.shell[0m [1;30mINFO[0m Skip shell extension 'powershell' for command environment: Not usable outside of PowerShell
[58.740s] [34mcolcon.colcon_core.shell[0m [1;30mDEBUG[0m [32mSkip shell extension 'dsv' for command environment[0m
[58.742s] [34mcolcon.colcon_ros.task.ament_python.build[0m [1;30mINFO[0m Building ROS package in '/home/rokey/ros2_ws/src/DoosanBootcamp3rd/dsr_tests' with build type 'ament_python'
[58.742s] [34mcolcon.colcon_core.shell[0m [1;30mLevel 1[0m create_environment_hook('dsr_tests', 'ament_prefix_path')
[58.742s] [34mcolcon.colcon_core.shell[0m [1;30mINFO[0m Creating environment hook '/home/rokey/ros2_ws/install/dsr_tests/share/dsr_tests/hook/ament_prefix_path.ps1'
[58.742s] [34mcolcon.colcon_core.shell[0m [1;30mINFO[0m Creating environment descriptor '/home/rokey/ros2_ws/install/dsr_tests/share/dsr_tests/hook/ament_prefix_path.dsv'
[58.742s] [34mcolcon.colcon_core.shell[0m [1;30mINFO[0m Creating environment hook '/home/rokey/ros2_ws/install/dsr_tests/share/dsr_tests/hook/ament_prefix_path.sh'
[58.743s] [34mcolcon.colcon_core.shell[0m [1;30mINFO[0m Skip shell extension 'powershell' for command environment: Not usable outside of PowerShell
[58.743s] [34mcolcon.colcon_core.shell[0m [1;30mDEBUG[0m [32mSkip shell extension 'dsv' for command environment[0m
[58.746s] [34mcolcon.colcon_core.event_handler.log_command[0m [1;30mDEBUG[0m [32mInvoking command in '/home/rokey/ros2_ws/build/dsr_hardware2': AMENT_PREFIX_PATH=/home/rokey/ros2_ws/install/dsr_msgs2:${AMENT_PREFIX_PATH} CMAKE_PREFIX_PATH=/home/rokey/ros2_ws/install/dsr_msgs2:/opt/ros/humble LD_LIBRARY_PATH=/home/rokey/ros2_ws/install/dsr_msgs2/lib:${LD_LIBRARY_PATH} PYTHONPATH=/home/rokey/ros2_ws/install/dsr_msgs2/local/lib/python3.10/dist-packages:${PYTHONPATH} /usr/bin/cmake /home/rokey/ros2_ws/src/DoosanBootcamp3rd/dsr_hardware2 -DCMAKE_INSTALL_PREFIX=/home/rokey/ros2_ws/install/dsr_hardware2[0m
[58.910s] [34mcolcon.colcon_core.task.python.build[0m [1;30mINFO[0m Building Python package in '/home/rokey/ros2_ws/src/DoosanBootcamp3rd/dsr_bringup2'
[58.910s] [34mcolcon.colcon_core.shell[0m [1;30mINFO[0m Skip shell extension 'powershell' for command environment: Not usable outside of PowerShell
[58.910s] [34mcolcon.colcon_core.shell[0m [1;30mDEBUG[0m [32mSkip shell extension 'dsv' for command environment[0m
[58.914s] [34mcolcon.colcon_core.event_handler.log_command[0m [1;30mDEBUG[0m [32mInvoking command in '/home/rokey/ros2_ws/build/dsr_realtime_control': AMENT_PREFIX_PATH=/home/rokey/ros2_ws/install/dsr_msgs2:${AMENT_PREFIX_PATH} CMAKE_PREFIX_PATH=/home/rokey/ros2_ws/install/dsr_msgs2:/opt/ros/humble LD_LIBRARY_PATH=/home/rokey/ros2_ws/install/dsr_msgs2/lib:${LD_LIBRARY_PATH} PYTHONPATH=/home/rokey/ros2_ws/install/dsr_msgs2/local/lib/python3.10/dist-packages:${PYTHONPATH} /usr/bin/cmake /home/rokey/ros2_ws/src/DoosanBootcamp3rd/dsr_example2/dsr_realtime_control -DCMAKE_INSTALL_PREFIX=/home/rokey/ros2_ws/install/dsr_realtime_control[0m
[59.076s] [34mcolcon.colcon_core.task.python.build[0m [1;30mINFO[0m Building Python package in '/home/rokey/ros2_ws/src/DoosanBootcamp3rd/dsr_tests'
[59.077s] [34mcolcon.colcon_core.shell[0m [1;30mINFO[0m Skip shell extension 'powershell' for command environment: Not usable outside of PowerShell
[59.077s] [34mcolcon.colcon_core.shell[0m [1;30mDEBUG[0m [32mSkip shell extension 'dsv' for command environment[0m
[59.303s] [34mcolcon.colcon_core.event_handler.log_command[0m [1;30mDEBUG[0m [32mInvoking command in '/home/rokey/ros2_ws/src/DoosanBootcamp3rd/dsr_bringup2': AMENT_PREFIX_PATH=/home/rokey/ros2_ws/install/dsr_msgs2:${AMENT_PREFIX_PATH} CMAKE_PREFIX_PATH=/home/rokey/ros2_ws/install/dsr_msgs2 LD_LIBRARY_PATH=/home/rokey/ros2_ws/install/dsr_msgs2/lib:${LD_LIBRARY_PATH} PYTHONPATH=/home/rokey/ros2_ws/build/dsr_bringup2/prefix_override:/usr/lib/python3/dist-packages/colcon_core/task/python/colcon_distutils_commands:/home/rokey/ros2_ws/install/dsr_bringup2/lib/python3.10/site-packages:/home/rokey/ros2_ws/install/dsr_msgs2/local/lib/python3.10/dist-packages:${PYTHONPATH} /usr/bin/python3 -W ignore:setup.py install is deprecated -W ignore:easy_install command is deprecated setup.py egg_info --egg-base ../../../build/dsr_bringup2 build --build-base /home/rokey/ros2_ws/build/dsr_bringup2/build install --record /home/rokey/ros2_ws/build/dsr_bringup2/install.log --single-version-externally-managed install_data[0m
[59.306s] [34mcolcon.colcon_core.event_handler.log_command[0m [1;30mDEBUG[0m [32mInvoking command in '/home/rokey/ros2_ws/src/DoosanBootcamp3rd/dsr_tests': AMENT_PREFIX_PATH=/home/rokey/ros2_ws/install/dsr_msgs2:${AMENT_PREFIX_PATH} CMAKE_PREFIX_PATH=/home/rokey/ros2_ws/install/dsr_msgs2 LD_LIBRARY_PATH=/home/rokey/ros2_ws/install/dsr_msgs2/lib:${LD_LIBRARY_PATH} PYTHONPATH=/home/rokey/ros2_ws/build/dsr_tests/prefix_override:/usr/lib/python3/dist-packages/colcon_core/task/python/colcon_distutils_commands:/home/rokey/ros2_ws/install/dsr_tests/lib/python3.10/site-packages:/home/rokey/ros2_ws/install/dsr_msgs2/local/lib/python3.10/dist-packages:${PYTHONPATH} /usr/bin/python3 -W ignore:setup.py install is deprecated -W ignore:easy_install command is deprecated setup.py egg_info --egg-base ../../../build/dsr_tests build --build-base /home/rokey/ros2_ws/build/dsr_tests/build install --record /home/rokey/ros2_ws/build/dsr_tests/install.log --single-version-externally-managed install_data[0m
[59.489s] [34mcolcon.colcon_core.environment[0m [1;30mLevel 1[0m checking '/home/rokey/ros2_ws/install/dsr_bringup2' for CMake module files
[59.489s] [34mcolcon.colcon_core.event_handler.log_command[0m [1;30mDEBUG[0m [32mInvoked command in '/home/rokey/ros2_ws/src/DoosanBootcamp3rd/dsr_bringup2' returned '0': AMENT_PREFIX_PATH=/home/rokey/ros2_ws/install/dsr_msgs2:${AMENT_PREFIX_PATH} CMAKE_PREFIX_PATH=/home/rokey/ros2_ws/install/dsr_msgs2 LD_LIBRARY_PATH=/home/rokey/ros2_ws/install/dsr_msgs2/lib:${LD_LIBRARY_PATH} PYTHONPATH=/home/rokey/ros2_ws/build/dsr_bringup2/prefix_override:/usr/lib/python3/dist-packages/colcon_core/task/python/colcon_distutils_commands:/home/rokey/ros2_ws/install/dsr_bringup2/lib/python3.10/site-packages:/home/rokey/ros2_ws/install/dsr_msgs2/local/lib/python3.10/dist-packages:${PYTHONPATH} /usr/bin/python3 -W ignore:setup.py install is deprecated -W ignore:easy_install command is deprecated setup.py egg_info --egg-base ../../../build/dsr_bringup2 build --build-base /home/rokey/ros2_ws/build/dsr_bringup2/build install --record /home/rokey/ros2_ws/build/dsr_bringup2/install.log --single-version-externally-managed install_data[0m
[59.490s] [34mcolcon.colcon_core.environment[0m [1;30mLevel 1[0m checking '/home/rokey/ros2_ws/install/dsr_bringup2' for CMake config files
[59.490s] [34mcolcon.colcon_core.environment[0m [1;30mLevel 1[0m checking '/home/rokey/ros2_ws/install/dsr_bringup2/lib'
[59.490s] [34mcolcon.colcon_core.environment[0m [1;30mLevel 1[0m checking '/home/rokey/ros2_ws/install/dsr_bringup2/bin'
[59.490s] [34mcolcon.colcon_core.environment[0m [1;30mLevel 1[0m checking '/home/rokey/ros2_ws/install/dsr_bringup2/lib/pkgconfig/dsr_bringup2.pc'
[59.491s] [34mcolcon.colcon_core.environment[0m [1;30mLevel 1[0m checking '/home/rokey/ros2_ws/install/dsr_bringup2/lib/python3.10/site-packages'
[59.491s] [34mcolcon.colcon_core.shell[0m [1;30mLevel 1[0m create_environment_hook('dsr_bringup2', 'pythonpath')
[59.491s] [34mcolcon.colcon_core.shell[0m [1;30mINFO[0m Creating environment hook '/home/rokey/ros2_ws/install/dsr_bringup2/share/dsr_bringup2/hook/pythonpath.ps1'
[59.491s] [34mcolcon.colcon_core.shell[0m [1;30mINFO[0m Creating environment descriptor '/home/rokey/ros2_ws/install/dsr_bringup2/share/dsr_bringup2/hook/pythonpath.dsv'
[59.491s] [34mcolcon.colcon_core.shell[0m [1;30mINFO[0m Creating environment hook '/home/rokey/ros2_ws/install/dsr_bringup2/share/dsr_bringup2/hook/pythonpath.sh'
[59.492s] [34mcolcon.colcon_core.environment[0m [1;30mLevel 1[0m checking '/home/rokey/ros2_ws/install/dsr_bringup2/bin'
[59.492s] [34mcolcon.colcon_core.environment[0m [1;30mLevel 1[0m create_environment_scripts_only(dsr_bringup2)
[59.492s] [34mcolcon.colcon_core.shell[0m [1;30mINFO[0m Creating package script '/home/rokey/ros2_ws/install/dsr_bringup2/share/dsr_bringup2/package.ps1'
[59.492s] [34mcolcon.colcon_core.shell[0m [1;30mINFO[0m Creating package descriptor '/home/rokey/ros2_ws/install/dsr_bringup2/share/dsr_bringup2/package.dsv'
[59.492s] [34mcolcon.colcon_core.shell[0m [1;30mINFO[0m Creating package script '/home/rokey/ros2_ws/install/dsr_bringup2/share/dsr_bringup2/package.sh'
[59.493s] [34mcolcon.colcon_core.shell[0m [1;30mINFO[0m Creating package script '/home/rokey/ros2_ws/install/dsr_bringup2/share/dsr_bringup2/package.bash'
[59.493s] [34mcolcon.colcon_core.shell[0m [1;30mINFO[0m Creating package script '/home/rokey/ros2_ws/install/dsr_bringup2/share/dsr_bringup2/package.zsh'
[59.493s] [34mcolcon.colcon_core.environment[0m [1;30mLevel 1[0m create_file_with_runtime_dependencies(/home/rokey/ros2_ws/install/dsr_bringup2/share/colcon-core/packages/dsr_bringup2)
[59.494s] [34mcolcon.colcon_core.environment[0m [1;30mLevel 1[0m checking '/home/rokey/ros2_ws/install/dsr_tests' for CMake module files
[59.494s] [34mcolcon.colcon_core.event_handler.log_command[0m [1;30mDEBUG[0m [32mInvoked command in '/home/rokey/ros2_ws/src/DoosanBootcamp3rd/dsr_tests' returned '0': AMENT_PREFIX_PATH=/home/rokey/ros2_ws/install/dsr_msgs2:${AMENT_PREFIX_PATH} CMAKE_PREFIX_PATH=/home/rokey/ros2_ws/install/dsr_msgs2 LD_LIBRARY_PATH=/home/rokey/ros2_ws/install/dsr_msgs2/lib:${LD_LIBRARY_PATH} PYTHONPATH=/home/rokey/ros2_ws/build/dsr_tests/prefix_override:/usr/lib/python3/dist-packages/colcon_core/task/python/colcon_distutils_commands:/home/rokey/ros2_ws/install/dsr_tests/lib/python3.10/site-packages:/home/rokey/ros2_ws/install/dsr_msgs2/local/lib/python3.10/dist-packages:${PYTHONPATH} /usr/bin/python3 -W ignore:setup.py install is deprecated -W ignore:easy_install command is deprecated setup.py egg_info --egg-base ../../../build/dsr_tests build --build-base /home/rokey/ros2_ws/build/dsr_tests/build install --record /home/rokey/ros2_ws/build/dsr_tests/install.log --single-version-externally-managed install_data[0m
[59.495s] [34mcolcon.colcon_core.environment[0m [1;30mLevel 1[0m checking '/home/rokey/ros2_ws/install/dsr_tests' for CMake config files
[59.495s] [34mcolcon.colcon_core.environment[0m [1;30mLevel 1[0m checking '/home/rokey/ros2_ws/install/dsr_tests/lib'
[59.495s] [34mcolcon.colcon_core.environment[0m [1;30mLevel 1[0m checking '/home/rokey/ros2_ws/install/dsr_tests/bin'
[59.495s] [34mcolcon.colcon_core.environment[0m [1;30mLevel 1[0m checking '/home/rokey/ros2_ws/install/dsr_tests/lib/pkgconfig/dsr_tests.pc'
[59.496s] [34mcolcon.colcon_core.environment[0m [1;30mLevel 1[0m checking '/home/rokey/ros2_ws/install/dsr_tests/lib/python3.10/site-packages'
[59.496s] [34mcolcon.colcon_core.shell[0m [1;30mLevel 1[0m create_environment_hook('dsr_tests', 'pythonpath')
[59.496s] [34mcolcon.colcon_core.shell[0m [1;30mINFO[0m Creating environment hook '/home/rokey/ros2_ws/install/dsr_tests/share/dsr_tests/hook/pythonpath.ps1'
[59.496s] [34mcolcon.colcon_core.shell[0m [1;30mINFO[0m Creating environment descriptor '/home/rokey/ros2_ws/install/dsr_tests/share/dsr_tests/hook/pythonpath.dsv'
[59.497s] [34mcolcon.colcon_core.shell[0m [1;30mINFO[0m Creating environment hook '/home/rokey/ros2_ws/install/dsr_tests/share/dsr_tests/hook/pythonpath.sh'
[59.498s] [34mcolcon.colcon_core.environment[0m [1;30mLevel 1[0m checking '/home/rokey/ros2_ws/install/dsr_tests/bin'
[59.498s] [34mcolcon.colcon_core.environment[0m [1;30mLevel 1[0m create_environment_scripts_only(dsr_tests)
[59.498s] [34mcolcon.colcon_core.shell[0m [1;30mINFO[0m Creating package script '/home/rokey/ros2_ws/install/dsr_tests/share/dsr_tests/package.ps1'
[59.499s] [34mcolcon.colcon_core.shell[0m [1;30mINFO[0m Creating package descriptor '/home/rokey/ros2_ws/install/dsr_tests/share/dsr_tests/package.dsv'
[59.499s] [34mcolcon.colcon_core.shell[0m [1;30mINFO[0m Creating package script '/home/rokey/ros2_ws/install/dsr_tests/share/dsr_tests/package.sh'
[59.499s] [34mcolcon.colcon_core.shell[0m [1;30mINFO[0m Creating package script '/home/rokey/ros2_ws/install/dsr_tests/share/dsr_tests/package.bash'
[59.500s] [34mcolcon.colcon_core.shell[0m [1;30mINFO[0m Creating package script '/home/rokey/ros2_ws/install/dsr_tests/share/dsr_tests/package.zsh'
[59.500s] [34mcolcon.colcon_core.environment[0m [1;30mLevel 1[0m create_file_with_runtime_dependencies(/home/rokey/ros2_ws/install/dsr_tests/share/colcon-core/packages/dsr_tests)
[59.697s] [34mcolcon.colcon_core.event_handler.log_command[0m [1;30mDEBUG[0m [32mInvoked command in '/home/rokey/ros2_ws/build/dsr_hardware2' returned '0': AMENT_PREFIX_PATH=/home/rokey/ros2_ws/install/dsr_msgs2:${AMENT_PREFIX_PATH} CMAKE_PREFIX_PATH=/home/rokey/ros2_ws/install/dsr_msgs2:/opt/ros/humble LD_LIBRARY_PATH=/home/rokey/ros2_ws/install/dsr_msgs2/lib:${LD_LIBRARY_PATH} PYTHONPATH=/home/rokey/ros2_ws/install/dsr_msgs2/local/lib/python3.10/dist-packages:${PYTHONPATH} /usr/bin/cmake /home/rokey/ros2_ws/src/DoosanBootcamp3rd/dsr_hardware2 -DCMAKE_INSTALL_PREFIX=/home/rokey/ros2_ws/install/dsr_hardware2[0m
[59.698s] [34mcolcon.colcon_core.event_handler.log_command[0m [1;30mDEBUG[0m [32mInvoking command in '/home/rokey/ros2_ws/build/dsr_hardware2': AMENT_PREFIX_PATH=/home/rokey/ros2_ws/install/dsr_msgs2:${AMENT_PREFIX_PATH} CMAKE_PREFIX_PATH=/home/rokey/ros2_ws/install/dsr_msgs2:/opt/ros/humble LD_LIBRARY_PATH=/home/rokey/ros2_ws/install/dsr_msgs2/lib:${LD_LIBRARY_PATH} PYTHONPATH=/home/rokey/ros2_ws/install/dsr_msgs2/local/lib/python3.10/dist-packages:${PYTHONPATH} /usr/bin/cmake --build /home/rokey/ros2_ws/build/dsr_hardware2 -- -j16 -l16[0m
[59.793s] [34mcolcon.colcon_core.event_handler.log_command[0m [1;30mDEBUG[0m [32mInvoked command in '/home/rokey/ros2_ws/build/dsr_realtime_control' returned '0': AMENT_PREFIX_PATH=/home/rokey/ros2_ws/install/dsr_msgs2:${AMENT_PREFIX_PATH} CMAKE_PREFIX_PATH=/home/rokey/ros2_ws/install/dsr_msgs2:/opt/ros/humble LD_LIBRARY_PATH=/home/rokey/ros2_ws/install/dsr_msgs2/lib:${LD_LIBRARY_PATH} PYTHONPATH=/home/rokey/ros2_ws/install/dsr_msgs2/local/lib/python3.10/dist-packages:${PYTHONPATH} /usr/bin/cmake /home/rokey/ros2_ws/src/DoosanBootcamp3rd/dsr_example2/dsr_realtime_control -DCMAKE_INSTALL_PREFIX=/home/rokey/ros2_ws/install/dsr_realtime_control[0m
[59.793s] [34mcolcon.colcon_core.event_handler.log_command[0m [1;30mDEBUG[0m [32mInvoking command in '/home/rokey/ros2_ws/build/dsr_realtime_control': AMENT_PREFIX_PATH=/home/rokey/ros2_ws/install/dsr_msgs2:${AMENT_PREFIX_PATH} CMAKE_PREFIX_PATH=/home/rokey/ros2_ws/install/dsr_msgs2:/opt/ros/humble LD_LIBRARY_PATH=/home/rokey/ros2_ws/install/dsr_msgs2/lib:${LD_LIBRARY_PATH} PYTHONPATH=/home/rokey/ros2_ws/install/dsr_msgs2/local/lib/python3.10/dist-packages:${PYTHONPATH} /usr/bin/cmake --build /home/rokey/ros2_ws/build/dsr_realtime_control -- -j16 -l16[0m
[64.242s] [34mcolcon.colcon_core.event_handler.log_command[0m [1;30mDEBUG[0m [32mInvoked command in '/home/rokey/ros2_ws/build/dsr_realtime_control' returned '0': AMENT_PREFIX_PATH=/home/rokey/ros2_ws/install/dsr_msgs2:${AMENT_PREFIX_PATH} CMAKE_PREFIX_PATH=/home/rokey/ros2_ws/install/dsr_msgs2:/opt/ros/humble LD_LIBRARY_PATH=/home/rokey/ros2_ws/install/dsr_msgs2/lib:${LD_LIBRARY_PATH} PYTHONPATH=/home/rokey/ros2_ws/install/dsr_msgs2/local/lib/python3.10/dist-packages:${PYTHONPATH} /usr/bin/cmake --build /home/rokey/ros2_ws/build/dsr_realtime_control -- -j16 -l16[0m
[64.242s] [34mcolcon.colcon_core.event_handler.log_command[0m [1;30mDEBUG[0m [32mInvoking command in '/home/rokey/ros2_ws/build/dsr_realtime_control': AMENT_PREFIX_PATH=/home/rokey/ros2_ws/install/dsr_msgs2:${AMENT_PREFIX_PATH} CMAKE_PREFIX_PATH=/home/rokey/ros2_ws/install/dsr_msgs2:/opt/ros/humble LD_LIBRARY_PATH=/home/rokey/ros2_ws/install/dsr_msgs2/lib:${LD_LIBRARY_PATH} PYTHONPATH=/home/rokey/ros2_ws/install/dsr_msgs2/local/lib/python3.10/dist-packages:${PYTHONPATH} /usr/bin/cmake --install /home/rokey/ros2_ws/build/dsr_realtime_control[0m
[64.252s] [34mcolcon.colcon_core.environment[0m [1;30mLevel 1[0m create_environment_scripts_only(dsr_realtime_control)
[64.253s] [34mcolcon.colcon_core.environment[0m [1;30mLevel 1[0m checking '/home/rokey/ros2_ws/install/dsr_realtime_control' for CMake module files
[64.253s] [34mcolcon.colcon_core.event_handler.log_command[0m [1;30mDEBUG[0m [32mInvoked command in '/home/rokey/ros2_ws/build/dsr_realtime_control' returned '0': AMENT_PREFIX_PATH=/home/rokey/ros2_ws/install/dsr_msgs2:${AMENT_PREFIX_PATH} CMAKE_PREFIX_PATH=/home/rokey/ros2_ws/install/dsr_msgs2:/opt/ros/humble LD_LIBRARY_PATH=/home/rokey/ros2_ws/install/dsr_msgs2/lib:${LD_LIBRARY_PATH} PYTHONPATH=/home/rokey/ros2_ws/install/dsr_msgs2/local/lib/python3.10/dist-packages:${PYTHONPATH} /usr/bin/cmake --install /home/rokey/ros2_ws/build/dsr_realtime_control[0m
[64.253s] [34mcolcon.colcon_core.environment[0m [1;30mLevel 1[0m checking '/home/rokey/ros2_ws/install/dsr_realtime_control' for CMake config files
[64.253s] [34mcolcon.colcon_core.shell[0m [1;30mLevel 1[0m create_environment_hook('dsr_realtime_control', 'cmake_prefix_path')
[64.253s] [34mcolcon.colcon_core.shell[0m [1;30mINFO[0m Creating environment hook '/home/rokey/ros2_ws/install/dsr_realtime_control/share/dsr_realtime_control/hook/cmake_prefix_path.ps1'
[64.254s] [34mcolcon.colcon_core.shell[0m [1;30mINFO[0m Creating environment descriptor '/home/rokey/ros2_ws/install/dsr_realtime_control/share/dsr_realtime_control/hook/cmake_prefix_path.dsv'
[64.254s] [34mcolcon.colcon_core.shell[0m [1;30mINFO[0m Creating environment hook '/home/rokey/ros2_ws/install/dsr_realtime_control/share/dsr_realtime_control/hook/cmake_prefix_path.sh'
[64.254s] [34mcolcon.colcon_core.environment[0m [1;30mLevel 1[0m checking '/home/rokey/ros2_ws/install/dsr_realtime_control/lib'
[64.254s] [34mcolcon.colcon_core.environment[0m [1;30mLevel 1[0m checking '/home/rokey/ros2_ws/install/dsr_realtime_control/bin'
[64.254s] [34mcolcon.colcon_core.environment[0m [1;30mLevel 1[0m checking '/home/rokey/ros2_ws/install/dsr_realtime_control/lib/pkgconfig/dsr_realtime_control.pc'
[64.254s] [34mcolcon.colcon_core.environment[0m [1;30mLevel 1[0m checking '/home/rokey/ros2_ws/install/dsr_realtime_control/lib/python3.10/site-packages'
[64.255s] [34mcolcon.colcon_core.environment[0m [1;30mLevel 1[0m checking '/home/rokey/ros2_ws/install/dsr_realtime_control/bin'
[64.255s] [34mcolcon.colcon_core.shell[0m [1;30mINFO[0m Creating package script '/home/rokey/ros2_ws/install/dsr_realtime_control/share/dsr_realtime_control/package.ps1'
[64.255s] [34mcolcon.colcon_core.shell[0m [1;30mINFO[0m Creating package descriptor '/home/rokey/ros2_ws/install/dsr_realtime_control/share/dsr_realtime_control/package.dsv'
[64.255s] [34mcolcon.colcon_core.shell[0m [1;30mINFO[0m Creating package script '/home/rokey/ros2_ws/install/dsr_realtime_control/share/dsr_realtime_control/package.sh'
[64.256s] [34mcolcon.colcon_core.shell[0m [1;30mINFO[0m Creating package script '/home/rokey/ros2_ws/install/dsr_realtime_control/share/dsr_realtime_control/package.bash'
[64.256s] [34mcolcon.colcon_core.shell[0m [1;30mINFO[0m Creating package script '/home/rokey/ros2_ws/install/dsr_realtime_control/share/dsr_realtime_control/package.zsh'
[64.256s] [34mcolcon.colcon_core.environment[0m [1;30mLevel 1[0m create_file_with_runtime_dependencies(/home/rokey/ros2_ws/install/dsr_realtime_control/share/colcon-core/packages/dsr_realtime_control)
[64.256s] [34mcolcon.colcon_core.environment[0m [1;30mLevel 1[0m create_environment_scripts_only(dsr_realtime_control)
[64.256s] [34mcolcon.colcon_core.environment[0m [1;30mLevel 1[0m checking '/home/rokey/ros2_ws/install/dsr_realtime_control' for CMake module files
[64.257s] [34mcolcon.colcon_core.environment[0m [1;30mLevel 1[0m checking '/home/rokey/ros2_ws/install/dsr_realtime_control' for CMake config files
[64.257s] [34mcolcon.colcon_core.shell[0m [1;30mLevel 1[0m create_environment_hook('dsr_realtime_control', 'cmake_prefix_path')
[64.257s] [34mcolcon.colcon_core.shell[0m [1;30mINFO[0m Creating environment hook '/home/rokey/ros2_ws/install/dsr_realtime_control/share/dsr_realtime_control/hook/cmake_prefix_path.ps1'
[64.257s] [34mcolcon.colcon_core.shell[0m [1;30mINFO[0m Creating environment descriptor '/home/rokey/ros2_ws/install/dsr_realtime_control/share/dsr_realtime_control/hook/cmake_prefix_path.dsv'
[64.257s] [34mcolcon.colcon_core.shell[0m [1;30mINFO[0m Creating environment hook '/home/rokey/ros2_ws/install/dsr_realtime_control/share/dsr_realtime_control/hook/cmake_prefix_path.sh'
[64.258s] [34mcolcon.colcon_core.environment[0m [1;30mLevel 1[0m checking '/home/rokey/ros2_ws/install/dsr_realtime_control/lib'
[64.258s] [34mcolcon.colcon_core.environment[0m [1;30mLevel 1[0m checking '/home/rokey/ros2_ws/install/dsr_realtime_control/bin'
[64.258s] [34mcolcon.colcon_core.environment[0m [1;30mLevel 1[0m checking '/home/rokey/ros2_ws/install/dsr_realtime_control/lib/pkgconfig/dsr_realtime_control.pc'
[64.258s] [34mcolcon.colcon_core.environment[0m [1;30mLevel 1[0m checking '/home/rokey/ros2_ws/install/dsr_realtime_control/lib/python3.10/site-packages'
[64.258s] [34mcolcon.colcon_core.environment[0m [1;30mLevel 1[0m checking '/home/rokey/ros2_ws/install/dsr_realtime_control/bin'
[64.258s] [34mcolcon.colcon_core.shell[0m [1;30mINFO[0m Creating package script '/home/rokey/ros2_ws/install/dsr_realtime_control/share/dsr_realtime_control/package.ps1'
[64.259s] [34mcolcon.colcon_core.shell[0m [1;30mINFO[0m Creating package descriptor '/home/rokey/ros2_ws/install/dsr_realtime_control/share/dsr_realtime_control/package.dsv'
[64.259s] [34mcolcon.colcon_core.shell[0m [1;30mINFO[0m Creating package script '/home/rokey/ros2_ws/install/dsr_realtime_control/share/dsr_realtime_control/package.sh'
[64.259s] [34mcolcon.colcon_core.shell[0m [1;30mINFO[0m Creating package script '/home/rokey/ros2_ws/install/dsr_realtime_control/share/dsr_realtime_control/package.bash'
[64.259s] [34mcolcon.colcon_core.shell[0m [1;30mINFO[0m Creating package script '/home/rokey/ros2_ws/install/dsr_realtime_control/share/dsr_realtime_control/package.zsh'
[64.260s] [34mcolcon.colcon_core.environment[0m [1;30mLevel 1[0m create_file_with_runtime_dependencies(/home/rokey/ros2_ws/install/dsr_realtime_control/share/colcon-core/packages/dsr_realtime_control)
[68.077s] [34mcolcon.colcon_core.event_handler.log_command[0m [1;30mDEBUG[0m [32mInvoked command in '/home/rokey/ros2_ws/build/dsr_hardware2' returned '0': AMENT_PREFIX_PATH=/home/rokey/ros2_ws/install/dsr_msgs2:${AMENT_PREFIX_PATH} CMAKE_PREFIX_PATH=/home/rokey/ros2_ws/install/dsr_msgs2:/opt/ros/humble LD_LIBRARY_PATH=/home/rokey/ros2_ws/install/dsr_msgs2/lib:${LD_LIBRARY_PATH} PYTHONPATH=/home/rokey/ros2_ws/install/dsr_msgs2/local/lib/python3.10/dist-packages:${PYTHONPATH} /usr/bin/cmake --build /home/rokey/ros2_ws/build/dsr_hardware2 -- -j16 -l16[0m
[68.080s] [34mcolcon.colcon_core.event_handler.log_command[0m [1;30mDEBUG[0m [32mInvoking command in '/home/rokey/ros2_ws/build/dsr_hardware2': AMENT_PREFIX_PATH=/home/rokey/ros2_ws/install/dsr_msgs2:${AMENT_PREFIX_PATH} CMAKE_PREFIX_PATH=/home/rokey/ros2_ws/install/dsr_msgs2:/opt/ros/humble LD_LIBRARY_PATH=/home/rokey/ros2_ws/install/dsr_msgs2/lib:${LD_LIBRARY_PATH} PYTHONPATH=/home/rokey/ros2_ws/install/dsr_msgs2/local/lib/python3.10/dist-packages:${PYTHONPATH} /usr/bin/cmake --install /home/rokey/ros2_ws/build/dsr_hardware2[0m
[68.091s] [34mcolcon.colcon_core.environment[0m [1;30mLevel 1[0m create_environment_scripts_only(dsr_hardware2)
[68.092s] [34mcolcon.colcon_core.environment[0m [1;30mLevel 1[0m checking '/home/rokey/ros2_ws/install/dsr_hardware2' for CMake module files
[68.092s] [34mcolcon.colcon_core.event_handler.log_command[0m [1;30mDEBUG[0m [32mInvoked command in '/home/rokey/ros2_ws/build/dsr_hardware2' returned '0': AMENT_PREFIX_PATH=/home/rokey/ros2_ws/install/dsr_msgs2:${AMENT_PREFIX_PATH} CMAKE_PREFIX_PATH=/home/rokey/ros2_ws/install/dsr_msgs2:/opt/ros/humble LD_LIBRARY_PATH=/home/rokey/ros2_ws/install/dsr_msgs2/lib:${LD_LIBRARY_PATH} PYTHONPATH=/home/rokey/ros2_ws/install/dsr_msgs2/local/lib/python3.10/dist-packages:${PYTHONPATH} /usr/bin/cmake --install /home/rokey/ros2_ws/build/dsr_hardware2[0m
[68.092s] [34mcolcon.colcon_core.environment[0m [1;30mLevel 1[0m checking '/home/rokey/ros2_ws/install/dsr_hardware2' for CMake config files
[68.093s] [34mcolcon.colcon_core.shell[0m [1;30mLevel 1[0m create_environment_hook('dsr_hardware2', 'cmake_prefix_path')
[68.093s] [34mcolcon.colcon_core.shell[0m [1;30mINFO[0m Creating environment hook '/home/rokey/ros2_ws/install/dsr_hardware2/share/dsr_hardware2/hook/cmake_prefix_path.ps1'
[68.094s] [34mcolcon.colcon_core.shell[0m [1;30mINFO[0m Creating environment descriptor '/home/rokey/ros2_ws/install/dsr_hardware2/share/dsr_hardware2/hook/cmake_prefix_path.dsv'
[68.094s] [34mcolcon.colcon_core.shell[0m [1;30mINFO[0m Creating environment hook '/home/rokey/ros2_ws/install/dsr_hardware2/share/dsr_hardware2/hook/cmake_prefix_path.sh'
[68.094s] [34mcolcon.colcon_core.environment[0m [1;30mLevel 1[0m checking '/home/rokey/ros2_ws/install/dsr_hardware2/lib'
[68.095s] [34mcolcon.colcon_core.shell[0m [1;30mLevel 1[0m create_environment_hook('dsr_hardware2', 'ld_library_path_lib')
[68.095s] [34mcolcon.colcon_core.shell[0m [1;30mINFO[0m Creating environment hook '/home/rokey/ros2_ws/install/dsr_hardware2/share/dsr_hardware2/hook/ld_library_path_lib.ps1'
[68.095s] [34mcolcon.colcon_core.shell[0m [1;30mINFO[0m Creating environment descriptor '/home/rokey/ros2_ws/install/dsr_hardware2/share/dsr_hardware2/hook/ld_library_path_lib.dsv'
[68.096s] [34mcolcon.colcon_core.shell[0m [1;30mINFO[0m Creating environment hook '/home/rokey/ros2_ws/install/dsr_hardware2/share/dsr_hardware2/hook/ld_library_path_lib.sh'
[68.096s] [34mcolcon.colcon_core.environment[0m [1;30mLevel 1[0m checking '/home/rokey/ros2_ws/install/dsr_hardware2/bin'
[68.096s] [34mcolcon.colcon_core.environment[0m [1;30mLevel 1[0m checking '/home/rokey/ros2_ws/install/dsr_hardware2/lib/pkgconfig/dsr_hardware2.pc'
[68.096s] [34mcolcon.colcon_core.environment[0m [1;30mLevel 1[0m checking '/home/rokey/ros2_ws/install/dsr_hardware2/lib/python3.10/site-packages'
[68.097s] [34mcolcon.colcon_core.environment[0m [1;30mLevel 1[0m checking '/home/rokey/ros2_ws/install/dsr_hardware2/bin'
[68.097s] [34mcolcon.colcon_core.shell[0m [1;30mINFO[0m Creating package script '/home/rokey/ros2_ws/install/dsr_hardware2/share/dsr_hardware2/package.ps1'
[68.097s] [34mcolcon.colcon_core.shell[0m [1;30mINFO[0m Creating package descriptor '/home/rokey/ros2_ws/install/dsr_hardware2/share/dsr_hardware2/package.dsv'
[68.098s] [34mcolcon.colcon_core.shell[0m [1;30mINFO[0m Creating package script '/home/rokey/ros2_ws/install/dsr_hardware2/share/dsr_hardware2/package.sh'
[68.098s] [34mcolcon.colcon_core.shell[0m [1;30mINFO[0m Creating package script '/home/rokey/ros2_ws/install/dsr_hardware2/share/dsr_hardware2/package.bash'
[68.098s] [34mcolcon.colcon_core.shell[0m [1;30mINFO[0m Creating package script '/home/rokey/ros2_ws/install/dsr_hardware2/share/dsr_hardware2/package.zsh'
[68.098s] [34mcolcon.colcon_core.environment[0m [1;30mLevel 1[0m create_file_with_runtime_dependencies(/home/rokey/ros2_ws/install/dsr_hardware2/share/colcon-core/packages/dsr_hardware2)
[68.099s] [34mcolcon.colcon_core.environment[0m [1;30mLevel 1[0m create_environment_scripts_only(dsr_hardware2)
[68.099s] [34mcolcon.colcon_core.environment[0m [1;30mLevel 1[0m checking '/home/rokey/ros2_ws/install/dsr_hardware2' for CMake module files
[68.099s] [34mcolcon.colcon_core.environment[0m [1;30mLevel 1[0m checking '/home/rokey/ros2_ws/install/dsr_hardware2' for CMake config files
[68.099s] [34mcolcon.colcon_core.shell[0m [1;30mLevel 1[0m create_environment_hook('dsr_hardware2', 'cmake_prefix_path')
[68.099s] [34mcolcon.colcon_core.shell[0m [1;30mINFO[0m Creating environment hook '/home/rokey/ros2_ws/install/dsr_hardware2/share/dsr_hardware2/hook/cmake_prefix_path.ps1'
[68.100s] [34mcolcon.colcon_core.shell[0m [1;30mINFO[0m Creating environment descriptor '/home/rokey/ros2_ws/install/dsr_hardware2/share/dsr_hardware2/hook/cmake_prefix_path.dsv'
[68.100s] [34mcolcon.colcon_core.shell[0m [1;30mINFO[0m Creating environment hook '/home/rokey/ros2_ws/install/dsr_hardware2/share/dsr_hardware2/hook/cmake_prefix_path.sh'
[68.100s] [34mcolcon.colcon_core.environment[0m [1;30mLevel 1[0m checking '/home/rokey/ros2_ws/install/dsr_hardware2/lib'
[68.100s] [34mcolcon.colcon_core.shell[0m [1;30mLevel 1[0m create_environment_hook('dsr_hardware2', 'ld_library_path_lib')
[68.101s] [34mcolcon.colcon_core.shell[0m [1;30mINFO[0m Creating environment hook '/home/rokey/ros2_ws/install/dsr_hardware2/share/dsr_hardware2/hook/ld_library_path_lib.ps1'
[68.101s] [34mcolcon.colcon_core.shell[0m [1;30mINFO[0m Creating environment descriptor '/home/rokey/ros2_ws/install/dsr_hardware2/share/dsr_hardware2/hook/ld_library_path_lib.dsv'
[68.101s] [34mcolcon.colcon_core.shell[0m [1;30mINFO[0m Creating environment hook '/home/rokey/ros2_ws/install/dsr_hardware2/share/dsr_hardware2/hook/ld_library_path_lib.sh'
[68.101s] [34mcolcon.colcon_core.environment[0m [1;30mLevel 1[0m checking '/home/rokey/ros2_ws/install/dsr_hardware2/bin'
[68.101s] [34mcolcon.colcon_core.environment[0m [1;30mLevel 1[0m checking '/home/rokey/ros2_ws/install/dsr_hardware2/lib/pkgconfig/dsr_hardware2.pc'
[68.101s] [34mcolcon.colcon_core.environment[0m [1;30mLevel 1[0m checking '/home/rokey/ros2_ws/install/dsr_hardware2/lib/python3.10/site-packages'
[68.102s] [34mcolcon.colcon_core.environment[0m [1;30mLevel 1[0m checking '/home/rokey/ros2_ws/install/dsr_hardware2/bin'
[68.102s] [34mcolcon.colcon_core.shell[0m [1;30mINFO[0m Creating package script '/home/rokey/ros2_ws/install/dsr_hardware2/share/dsr_hardware2/package.ps1'
[68.102s] [34mcolcon.colcon_core.shell[0m [1;30mINFO[0m Creating package descriptor '/home/rokey/ros2_ws/install/dsr_hardware2/share/dsr_hardware2/package.dsv'
[68.102s] [34mcolcon.colcon_core.shell[0m [1;30mINFO[0m Creating package script '/home/rokey/ros2_ws/install/dsr_hardware2/share/dsr_hardware2/package.sh'
[68.103s] [34mcolcon.colcon_core.shell[0m [1;30mINFO[0m Creating package script '/home/rokey/ros2_ws/install/dsr_hardware2/share/dsr_hardware2/package.bash'
[68.103s] [34mcolcon.colcon_core.shell[0m [1;30mINFO[0m Creating package script '/home/rokey/ros2_ws/install/dsr_hardware2/share/dsr_hardware2/package.zsh'
[68.103s] [34mcolcon.colcon_core.environment[0m [1;30mLevel 1[0m create_file_with_runtime_dependencies(/home/rokey/ros2_ws/install/dsr_hardware2/share/colcon-core/packages/dsr_hardware2)
[68.103s] [34mcolcon.colcon_ros.task.ament_cmake.build[0m [1;30mINFO[0m Building ROS package in '/home/rokey/ros2_ws/src/DoosanBootcamp3rd/dsr_controller2' with build type 'ament_cmake'
[68.103s] [34mcolcon.colcon_cmake.task.cmake.build[0m [1;30mINFO[0m Building CMake package in '/home/rokey/ros2_ws/src/DoosanBootcamp3rd/dsr_controller2'
[68.103s] [34mcolcon.colcon_core.shell[0m [1;30mINFO[0m Skip shell extension 'powershell' for command environment: Not usable outside of PowerShell
[68.104s] [34mcolcon.colcon_core.shell[0m [1;30mDEBUG[0m [32mSkip shell extension 'dsv' for command environment[0m
[68.115s] [34mcolcon.colcon_core.event_handler.log_command[0m [1;30mDEBUG[0m [32mInvoking command in '/home/rokey/ros2_ws/build/dsr_controller2': AMENT_PREFIX_PATH=/home/rokey/ros2_ws/install/dsr_hardware2:/home/rokey/ros2_ws/install/dsr_msgs2:${AMENT_PREFIX_PATH} CMAKE_PREFIX_PATH=/home/rokey/ros2_ws/install/dsr_hardware2:/home/rokey/ros2_ws/install/dsr_msgs2:/opt/ros/humble LD_LIBRARY_PATH=/home/rokey/ros2_ws/install/dsr_hardware2/lib:/home/rokey/ros2_ws/install/dsr_msgs2/lib:${LD_LIBRARY_PATH} PYTHONPATH=/home/rokey/ros2_ws/install/dsr_msgs2/local/lib/python3.10/dist-packages:${PYTHONPATH} /usr/bin/cmake /home/rokey/ros2_ws/src/DoosanBootcamp3rd/dsr_controller2 -DCMAKE_INSTALL_PREFIX=/home/rokey/ros2_ws/install/dsr_controller2[0m
[69.281s] [34mcolcon.colcon_core.event_handler.log_command[0m [1;30mDEBUG[0m [32mInvoked command in '/home/rokey/ros2_ws/build/dsr_controller2' returned '0': AMENT_PREFIX_PATH=/home/rokey/ros2_ws/install/dsr_hardware2:/home/rokey/ros2_ws/install/dsr_msgs2:${AMENT_PREFIX_PATH} CMAKE_PREFIX_PATH=/home/rokey/ros2_ws/install/dsr_hardware2:/home/rokey/ros2_ws/install/dsr_msgs2:/opt/ros/humble LD_LIBRARY_PATH=/home/rokey/ros2_ws/install/dsr_hardware2/lib:/home/rokey/ros2_ws/install/dsr_msgs2/lib:${LD_LIBRARY_PATH} PYTHONPATH=/home/rokey/ros2_ws/install/dsr_msgs2/local/lib/python3.10/dist-packages:${PYTHONPATH} /usr/bin/cmake /home/rokey/ros2_ws/src/DoosanBootcamp3rd/dsr_controller2 -DCMAKE_INSTALL_PREFIX=/home/rokey/ros2_ws/install/dsr_controller2[0m
[69.282s] [34mcolcon.colcon_core.event_handler.log_command[0m [1;30mDEBUG[0m [32mInvoking command in '/home/rokey/ros2_ws/build/dsr_controller2': AMENT_PREFIX_PATH=/home/rokey/ros2_ws/install/dsr_hardware2:/home/rokey/ros2_ws/install/dsr_msgs2:${AMENT_PREFIX_PATH} CMAKE_PREFIX_PATH=/home/rokey/ros2_ws/install/dsr_hardware2:/home/rokey/ros2_ws/install/dsr_msgs2:/opt/ros/humble LD_LIBRARY_PATH=/home/rokey/ros2_ws/install/dsr_hardware2/lib:/home/rokey/ros2_ws/install/dsr_msgs2/lib:${LD_LIBRARY_PATH} PYTHONPATH=/home/rokey/ros2_ws/install/dsr_msgs2/local/lib/python3.10/dist-packages:${PYTHONPATH} /usr/bin/cmake --build /home/rokey/ros2_ws/build/dsr_controller2 -- -j16 -l16[0m
[137.826s] [34mcolcon.colcon_core.event_handler.log_command[0m [1;30mDEBUG[0m [32mInvoked command in '/home/rokey/ros2_ws/build/dsr_controller2' returned '0': AMENT_PREFIX_PATH=/home/rokey/ros2_ws/install/dsr_hardware2:/home/rokey/ros2_ws/install/dsr_msgs2:${AMENT_PREFIX_PATH} CMAKE_PREFIX_PATH=/home/rokey/ros2_ws/install/dsr_hardware2:/home/rokey/ros2_ws/install/dsr_msgs2:/opt/ros/humble LD_LIBRARY_PATH=/home/rokey/ros2_ws/install/dsr_hardware2/lib:/home/rokey/ros2_ws/install/dsr_msgs2/lib:${LD_LIBRARY_PATH} PYTHONPATH=/home/rokey/ros2_ws/install/dsr_msgs2/local/lib/python3.10/dist-packages:${PYTHONPATH} /usr/bin/cmake --build /home/rokey/ros2_ws/build/dsr_controller2 -- -j16 -l16[0m
[137.827s] [34mcolcon.colcon_core.event_handler.log_command[0m [1;30mDEBUG[0m [32mInvoking command in '/home/rokey/ros2_ws/build/dsr_controller2': AMENT_PREFIX_PATH=/home/rokey/ros2_ws/install/dsr_hardware2:/home/rokey/ros2_ws/install/dsr_msgs2:${AMENT_PREFIX_PATH} CMAKE_PREFIX_PATH=/home/rokey/ros2_ws/install/dsr_hardware2:/home/rokey/ros2_ws/install/dsr_msgs2:/opt/ros/humble LD_LIBRARY_PATH=/home/rokey/ros2_ws/install/dsr_hardware2/lib:/home/rokey/ros2_ws/install/dsr_msgs2/lib:${LD_LIBRARY_PATH} PYTHONPATH=/home/rokey/ros2_ws/install/dsr_msgs2/local/lib/python3.10/dist-packages:${PYTHONPATH} /usr/bin/cmake --install /home/rokey/ros2_ws/build/dsr_controller2[0m
[137.887s] [34mcolcon.colcon_core.environment[0m [1;30mLevel 1[0m create_environment_scripts_only(dsr_controller2)
[137.887s] [34mcolcon.colcon_core.environment[0m [1;30mLevel 1[0m checking '/home/rokey/ros2_ws/install/dsr_controller2' for CMake module files
[137.888s] [34mcolcon.colcon_core.event_handler.log_command[0m [1;30mDEBUG[0m [32mInvoked command in '/home/rokey/ros2_ws/build/dsr_controller2' returned '0': AMENT_PREFIX_PATH=/home/rokey/ros2_ws/install/dsr_hardware2:/home/rokey/ros2_ws/install/dsr_msgs2:${AMENT_PREFIX_PATH} CMAKE_PREFIX_PATH=/home/rokey/ros2_ws/install/dsr_hardware2:/home/rokey/ros2_ws/install/dsr_msgs2:/opt/ros/humble LD_LIBRARY_PATH=/home/rokey/ros2_ws/install/dsr_hardware2/lib:/home/rokey/ros2_ws/install/dsr_msgs2/lib:${LD_LIBRARY_PATH} PYTHONPATH=/home/rokey/ros2_ws/install/dsr_msgs2/local/lib/python3.10/dist-packages:${PYTHONPATH} /usr/bin/cmake --install /home/rokey/ros2_ws/build/dsr_controller2[0m
[137.888s] [34mcolcon.colcon_core.environment[0m [1;30mLevel 1[0m checking '/home/rokey/ros2_ws/install/dsr_controller2' for CMake config files
[137.888s] [34mcolcon.colcon_core.shell[0m [1;30mLevel 1[0m create_environment_hook('dsr_controller2', 'cmake_prefix_path')
[137.888s] [34mcolcon.colcon_core.shell[0m [1;30mINFO[0m Creating environment hook '/home/rokey/ros2_ws/install/dsr_controller2/share/dsr_controller2/hook/cmake_prefix_path.ps1'
[137.888s] [34mcolcon.colcon_core.shell[0m [1;30mINFO[0m Creating environment descriptor '/home/rokey/ros2_ws/install/dsr_controller2/share/dsr_controller2/hook/cmake_prefix_path.dsv'
[137.889s] [34mcolcon.colcon_core.shell[0m [1;30mINFO[0m Creating environment hook '/home/rokey/ros2_ws/install/dsr_controller2/share/dsr_controller2/hook/cmake_prefix_path.sh'
[137.889s] [34mcolcon.colcon_core.environment[0m [1;30mLevel 1[0m checking '/home/rokey/ros2_ws/install/dsr_controller2/lib'
[137.889s] [34mcolcon.colcon_core.shell[0m [1;30mLevel 1[0m create_environment_hook('dsr_controller2', 'ld_library_path_lib')
[137.889s] [34mcolcon.colcon_core.shell[0m [1;30mINFO[0m Creating environment hook '/home/rokey/ros2_ws/install/dsr_controller2/share/dsr_controller2/hook/ld_library_path_lib.ps1'
[137.889s] [34mcolcon.colcon_core.shell[0m [1;30mINFO[0m Creating environment descriptor '/home/rokey/ros2_ws/install/dsr_controller2/share/dsr_controller2/hook/ld_library_path_lib.dsv'
[137.889s] [34mcolcon.colcon_core.shell[0m [1;30mINFO[0m Creating environment hook '/home/rokey/ros2_ws/install/dsr_controller2/share/dsr_controller2/hook/ld_library_path_lib.sh'
[137.890s] [34mcolcon.colcon_core.environment[0m [1;30mLevel 1[0m checking '/home/rokey/ros2_ws/install/dsr_controller2/bin'
[137.890s] [34mcolcon.colcon_core.environment[0m [1;30mLevel 1[0m checking '/home/rokey/ros2_ws/install/dsr_controller2/lib/pkgconfig/dsr_controller2.pc'
[137.890s] [34mcolcon.colcon_core.environment[0m [1;30mLevel 1[0m checking '/home/rokey/ros2_ws/install/dsr_controller2/lib/python3.10/site-packages'
[137.890s] [34mcolcon.colcon_core.environment[0m [1;30mLevel 1[0m checking '/home/rokey/ros2_ws/install/dsr_controller2/bin'
[137.890s] [34mcolcon.colcon_core.shell[0m [1;30mINFO[0m Creating package script '/home/rokey/ros2_ws/install/dsr_controller2/share/dsr_controller2/package.ps1'
[137.890s] [34mcolcon.colcon_core.shell[0m [1;30mINFO[0m Creating package descriptor '/home/rokey/ros2_ws/install/dsr_controller2/share/dsr_controller2/package.dsv'
[137.891s] [34mcolcon.colcon_core.shell[0m [1;30mINFO[0m Creating package script '/home/rokey/ros2_ws/install/dsr_controller2/share/dsr_controller2/package.sh'
[137.891s] [34mcolcon.colcon_core.shell[0m [1;30mINFO[0m Creating package script '/home/rokey/ros2_ws/install/dsr_controller2/share/dsr_controller2/package.bash'
[137.891s] [34mcolcon.colcon_core.shell[0m [1;30mINFO[0m Creating package script '/home/rokey/ros2_ws/install/dsr_controller2/share/dsr_controller2/package.zsh'
[137.891s] [34mcolcon.colcon_core.environment[0m [1;30mLevel 1[0m create_file_with_runtime_dependencies(/home/rokey/ros2_ws/install/dsr_controller2/share/colcon-core/packages/dsr_controller2)
[137.892s] [34mcolcon.colcon_core.environment[0m [1;30mLevel 1[0m create_environment_scripts_only(dsr_controller2)
[137.892s] [34mcolcon.colcon_core.environment[0m [1;30mLevel 1[0m checking '/home/rokey/ros2_ws/install/dsr_controller2' for CMake module files
[137.892s] [34mcolcon.colcon_core.environment[0m [1;30mLevel 1[0m checking '/home/rokey/ros2_ws/install/dsr_controller2' for CMake config files
[137.892s] [34mcolcon.colcon_core.shell[0m [1;30mLevel 1[0m create_environment_hook('dsr_controller2', 'cmake_prefix_path')
[137.892s] [34mcolcon.colcon_core.shell[0m [1;30mINFO[0m Creating environment hook '/home/rokey/ros2_ws/install/dsr_controller2/share/dsr_controller2/hook/cmake_prefix_path.ps1'
[137.893s] [34mcolcon.colcon_core.shell[0m [1;30mINFO[0m Creating environment descriptor '/home/rokey/ros2_ws/install/dsr_controller2/share/dsr_controller2/hook/cmake_prefix_path.dsv'
[137.893s] [34mcolcon.colcon_core.shell[0m [1;30mINFO[0m Creating environment hook '/home/rokey/ros2_ws/install/dsr_controller2/share/dsr_controller2/hook/cmake_prefix_path.sh'
[137.893s] [34mcolcon.colcon_core.environment[0m [1;30mLevel 1[0m checking '/home/rokey/ros2_ws/install/dsr_controller2/lib'
[137.893s] [34mcolcon.colcon_core.shell[0m [1;30mLevel 1[0m create_environment_hook('dsr_controller2', 'ld_library_path_lib')
[137.893s] [34mcolcon.colcon_core.shell[0m [1;30mINFO[0m Creating environment hook '/home/rokey/ros2_ws/install/dsr_controller2/share/dsr_controller2/hook/ld_library_path_lib.ps1'
[137.894s] [34mcolcon.colcon_core.shell[0m [1;30mINFO[0m Creating environment descriptor '/home/rokey/ros2_ws/install/dsr_controller2/share/dsr_controller2/hook/ld_library_path_lib.dsv'
[137.894s] [34mcolcon.colcon_core.shell[0m [1;30mINFO[0m Creating environment hook '/home/rokey/ros2_ws/install/dsr_controller2/share/dsr_controller2/hook/ld_library_path_lib.sh'
[137.894s] [34mcolcon.colcon_core.environment[0m [1;30mLevel 1[0m checking '/home/rokey/ros2_ws/install/dsr_controller2/bin'
[137.894s] [34mcolcon.colcon_core.environment[0m [1;30mLevel 1[0m checking '/home/rokey/ros2_ws/install/dsr_controller2/lib/pkgconfig/dsr_controller2.pc'
[137.894s] [34mcolcon.colcon_core.environment[0m [1;30mLevel 1[0m checking '/home/rokey/ros2_ws/install/dsr_controller2/lib/python3.10/site-packages'
[137.894s] [34mcolcon.colcon_core.environment[0m [1;30mLevel 1[0m checking '/home/rokey/ros2_ws/install/dsr_controller2/bin'
[137.894s] [34mcolcon.colcon_core.shell[0m [1;30mINFO[0m Creating package script '/home/rokey/ros2_ws/install/dsr_controller2/share/dsr_controller2/package.ps1'
[137.895s] [34mcolcon.colcon_core.shell[0m [1;30mINFO[0m Creating package descriptor '/home/rokey/ros2_ws/install/dsr_controller2/share/dsr_controller2/package.dsv'
[137.895s] [34mcolcon.colcon_core.shell[0m [1;30mINFO[0m Creating package script '/home/rokey/ros2_ws/install/dsr_controller2/share/dsr_controller2/package.sh'
[137.895s] [34mcolcon.colcon_core.shell[0m [1;30mINFO[0m Creating package script '/home/rokey/ros2_ws/install/dsr_controller2/share/dsr_controller2/package.bash'
[137.895s] [34mcolcon.colcon_core.shell[0m [1;30mINFO[0m Creating package script '/home/rokey/ros2_ws/install/dsr_controller2/share/dsr_controller2/package.zsh'
[137.896s] [34mcolcon.colcon_core.environment[0m [1;30mLevel 1[0m create_file_with_runtime_dependencies(/home/rokey/ros2_ws/install/dsr_controller2/share/colcon-core/packages/dsr_controller2)
[137.896s] [34mcolcon.colcon_parallel_executor.executor.parallel[0m [1;30mDEBUG[0m [32mclosing loop[0m
[137.896s] [34mcolcon.colcon_parallel_executor.executor.parallel[0m [1;30mDEBUG[0m [32mloop closed[0m
[137.896s] [34mcolcon.colcon_parallel_executor.executor.parallel[0m [1;30mDEBUG[0m [32mrun_until_complete finished with '0'[0m
[137.896s] [34mcolcon.colcon_core.event_reactor[0m [1;30mDEBUG[0m [32mjoining thread[0m
[137.900s] [34mcolcon.colcon_core.plugin_system[0m [1;30mINFO[0m Skipping extension 'colcon_notification.desktop_notification.terminal_notifier': Not used on non-Darwin systems
[137.900s] [34mcolcon.colcon_core.plugin_system[0m [1;30mINFO[0m Skipping extension 'colcon_notification.desktop_notification.win32': Not used on non-Windows systems
[137.901s] [34mcolcon.colcon_notification.desktop_notification[0m [1;30mINFO[0m Sending desktop notification using 'notify2'
[137.909s] [34mcolcon.colcon_core.event_reactor[0m [1;30mDEBUG[0m [32mjoined thread[0m
[137.910s] [34mcolcon.colcon_core.shell[0m [1;30mINFO[0m Creating prefix script '/home/rokey/ros2_ws/install/local_setup.ps1'
[137.910s] [34mcolcon.colcon_core.shell[0m [1;30mINFO[0m Creating prefix util module '/home/rokey/ros2_ws/install/_local_setup_util_ps1.py'
[137.911s] [34mcolcon.colcon_core.shell[0m [1;30mINFO[0m Creating prefix chain script '/home/rokey/ros2_ws/install/setup.ps1'
[137.912s] [34mcolcon.colcon_core.shell[0m [1;30mINFO[0m Creating prefix script '/home/rokey/ros2_ws/install/local_setup.sh'
[137.913s] [34mcolcon.colcon_core.shell[0m [1;30mINFO[0m Creating prefix util module '/home/rokey/ros2_ws/install/_local_setup_util_sh.py'
[137.913s] [34mcolcon.colcon_core.shell[0m [1;30mINFO[0m Creating prefix chain script '/home/rokey/ros2_ws/install/setup.sh'
[137.914s] [34mcolcon.colcon_core.shell[0m [1;30mINFO[0m Creating prefix script '/home/rokey/ros2_ws/install/local_setup.bash'
[137.914s] [34mcolcon.colcon_core.shell[0m [1;30mINFO[0m Creating prefix chain script '/home/rokey/ros2_ws/install/setup.bash'
[137.915s] [34mcolcon.colcon_core.shell[0m [1;30mINFO[0m Creating prefix script '/home/rokey/ros2_ws/install/local_setup.zsh'
[137.915s] [34mcolcon.colcon_core.shell[0m [1;30mINFO[0m Creating prefix chain script '/home/rokey/ros2_ws/install/setup.zsh'
