[0.049s] Invoking command in '/home/rokey/ros2_ws/build/dsr_msgs2': CMAKE_PREFIX_PATH=/opt/ros/humble /usr/bin/cmake /home/rokey/ros2_ws/src/DoosanBootcamp3rd/dsr_msgs2 -DCMAKE_INSTALL_PREFIX=/home/rokey/ros2_ws/install/dsr_msgs2
[0.652s] -- The C compiler identification is GNU 11.4.0
[0.652s] -- The CXX compiler identification is GNU 11.4.0
[0.652s] -- Detecting C compiler ABI info
[0.652s] -- Detecting C compiler ABI info - done
[0.652s] -- Check for working C compiler: /usr/bin/cc - skipped
[0.652s] -- Detecting C compile features
[0.652s] -- Detecting C compile features - done
[0.652s] -- Detecting CXX compiler ABI info
[0.652s] -- Detecting CXX compiler ABI info - done
[0.652s] -- Check for working CXX compiler: /usr/bin/c++ - skipped
[0.652s] -- Detecting CXX compile features
[0.652s] -- Detecting CXX compile features - done
[0.653s] -- Found ament_cmake: 1.3.12 (/opt/ros/humble/share/ament_cmake/cmake)
[0.653s] -- Found Python3: /usr/bin/python3 (found version "3.10.12") found components: Interpreter 
[0.664s] -- Found rclcpp: 16.0.15 (/opt/ros/humble/share/rclcpp/cmake)
[0.714s] -- Found rosidl_generator_c: 3.1.7 (/opt/ros/humble/share/rosidl_generator_c/cmake)
[0.721s] -- Found rosidl_adapter: 3.1.7 (/opt/ros/humble/share/rosidl_adapter/cmake)
[0.734s] -- Found rosidl_generator_cpp: 3.1.7 (/opt/ros/humble/share/rosidl_generator_cpp/cmake)
[0.768s] -- Using all available rosidl_typesupport_c: rosidl_typesupport_fastrtps_c;rosidl_typesupport_introspection_c
[0.790s] -- Using all available rosidl_typesupport_cpp: rosidl_typesupport_fastrtps_cpp;rosidl_typesupport_introspection_cpp
[0.839s] -- Found rmw_implementation_cmake: 6.1.2 (/opt/ros/humble/share/rmw_implementation_cmake/cmake)
[0.843s] -- Found rmw_fastrtps_cpp: 6.2.9 (/opt/ros/humble/share/rmw_fastrtps_cpp/cmake)
[0.920s] -- Found OpenSSL: /usr/lib/x86_64-linux-gnu/libcrypto.so (found version "3.0.2")  
[0.942s] -- Found FastRTPS: /opt/ros/humble/include  
[0.976s] -- Using RMW implementation 'rmw_fastrtps_cpp' as default
[0.984s] -- Looking for pthread.h
[1.042s] -- Looking for pthread.h - found
[1.043s] -- Performing Test CMAKE_HAVE_LIBC_PTHREAD
[1.107s] -- Performing Test CMAKE_HAVE_LIBC_PTHREAD - Success
[1.108s] -- Found Threads: TRUE  
[1.153s] -- Found rosidl_default_generators: 1.2.0 (/opt/ros/humble/share/rosidl_default_generators/cmake)
[2.097s] -- Found ament_cmake_ros: 0.10.0 (/opt/ros/humble/share/ament_cmake_ros/cmake)
[2.402s] -- Using all available rosidl_typesupport_c: rosidl_typesupport_fastrtps_c;rosidl_typesupport_introspection_c
[2.516s] -- Using all available rosidl_typesupport_cpp: rosidl_typesupport_fastrtps_cpp;rosidl_typesupport_introspection_cpp
[2.533s] -- Found PythonInterp: /usr/bin/python3 (found suitable version "3.10.12", minimum required is "3.6") 
[2.534s] -- Found python_cmake_module: 0.10.0 (/opt/ros/humble/share/python_cmake_module/cmake)
[2.553s] -- Found PythonLibs: /usr/lib/x86_64-linux-gnu/libpython3.10.so (found suitable version "3.10.12", minimum required is "3.5") 
[2.553s] -- Using PYTHON_EXECUTABLE: /usr/bin/python3
[2.553s] -- Using PYTHON_INCLUDE_DIRS: /usr/include/python3.10
[2.553s] -- Using PYTHON_LIBRARIES: /usr/lib/x86_64-linux-gnu/libpython3.10.so
[2.568s] -- Found PythonExtra: .so  
[2.617s] -- Configuring done
[2.779s] -- Generating done
[2.801s] -- Build files have been written to: /home/rokey/ros2_ws/build/dsr_msgs2
[2.813s] Invoked command in '/home/rokey/ros2_ws/build/dsr_msgs2' returned '0': CMAKE_PREFIX_PATH=/opt/ros/humble /usr/bin/cmake /home/rokey/ros2_ws/src/DoosanBootcamp3rd/dsr_msgs2 -DCMAKE_INSTALL_PREFIX=/home/rokey/ros2_ws/install/dsr_msgs2
[2.814s] Invoking command in '/home/rokey/ros2_ws/build/dsr_msgs2': CMAKE_PREFIX_PATH=/opt/ros/humble /usr/bin/cmake --build /home/rokey/ros2_ws/build/dsr_msgs2 -- -j16 -l16
[2.983s] [  0%] [34m[1mGenerating C code for ROS interfaces[0m
[2.993s] [  0%] Built target ament_cmake_python_copy_dsr_msgs2
[3.003s] [  0%] [34m[1mGenerating C++ code for ROS interfaces[0m
[3.149s] running egg_info
[3.150s] creating dsr_msgs2.egg-info
[3.150s] writing dsr_msgs2.egg-info/PKG-INFO
[3.150s] writing dependency_links to dsr_msgs2.egg-info/dependency_links.txt
[3.150s] writing top-level names to dsr_msgs2.egg-info/top_level.txt
[3.150s] writing manifest file 'dsr_msgs2.egg-info/SOURCES.txt'
[3.151s] reading manifest file 'dsr_msgs2.egg-info/SOURCES.txt'
[3.152s] writing manifest file 'dsr_msgs2.egg-info/SOURCES.txt'
[3.170s] [  0%] Built target ament_cmake_python_build_dsr_msgs2_egg
[13.084s] [  0%] Built target dsr_msgs2__cpp
[13.095s] [  0%] [34m[1mGenerating C++ type support dispatch for ROS interfaces[0m
[13.097s] [  0%] [34m[1mGenerating C++ type support for eProsima Fast-RTPS[0m
[13.100s] [  0%] [34m[1mGenerating C++ introspection for ROS interfaces[0m
[13.129s] [  0%] [32mBuilding C object CMakeFiles/dsr_msgs2__rosidl_generator_c.dir/rosidl_generator_c/dsr_msgs2/msg/detail/modbus_state__functions.c.o[0m
[13.129s] [  0%] [32mBuilding C object CMakeFiles/dsr_msgs2__rosidl_generator_c.dir/rosidl_generator_c/dsr_msgs2/msg/detail/robot_error__functions.c.o[0m
[13.129s] [  0%] [32mBuilding C object CMakeFiles/dsr_msgs2__rosidl_generator_c.dir/rosidl_generator_c/dsr_msgs2/msg/detail/speedl_stream__functions.c.o[0m
[13.129s] [  0%] [32mBuilding C object CMakeFiles/dsr_msgs2__rosidl_generator_c.dir/rosidl_generator_c/dsr_msgs2/msg/detail/jog_multi_axis__functions.c.o[0m
[13.129s] [  0%] [32mBuilding C object CMakeFiles/dsr_msgs2__rosidl_generator_c.dir/rosidl_generator_c/dsr_msgs2/msg/detail/alter_motion_stream__functions.c.o[0m
[13.129s] [  0%] [32mBuilding C object CMakeFiles/dsr_msgs2__rosidl_generator_c.dir/rosidl_generator_c/dsr_msgs2/msg/detail/servoj_stream__functions.c.o[0m
[13.129s] [  1%] [32mBuilding C object CMakeFiles/dsr_msgs2__rosidl_generator_c.dir/rosidl_generator_c/dsr_msgs2/msg/detail/servol_stream__functions.c.o[0m
[13.129s] [  1%] [32mBuilding C object CMakeFiles/dsr_msgs2__rosidl_generator_c.dir/rosidl_generator_c/dsr_msgs2/msg/detail/robot_state_rt__functions.c.o[0m
[13.132s] [  1%] [32mBuilding C object CMakeFiles/dsr_msgs2__rosidl_generator_c.dir/rosidl_generator_c/dsr_msgs2/msg/detail/robot_state__functions.c.o[0m
[13.132s] [  1%] [32mBuilding C object CMakeFiles/dsr_msgs2__rosidl_generator_c.dir/rosidl_generator_c/dsr_msgs2/msg/detail/robot_stop__functions.c.o[0m
[13.132s] [  1%] [32mBuilding C object CMakeFiles/dsr_msgs2__rosidl_generator_c.dir/rosidl_generator_c/dsr_msgs2/msg/detail/speedj_stream__functions.c.o[0m
[13.132s] [  1%] [32mBuilding C object CMakeFiles/dsr_msgs2__rosidl_generator_c.dir/rosidl_generator_c/dsr_msgs2/msg/detail/log_alarm__functions.c.o[0m
[13.134s] [  1%] [32mBuilding C object CMakeFiles/dsr_msgs2__rosidl_generator_c.dir/rosidl_generator_c/dsr_msgs2/msg/detail/servoj_rt_stream__functions.c.o[0m
[13.199s] [  1%] [32mBuilding C object CMakeFiles/dsr_msgs2__rosidl_generator_c.dir/rosidl_generator_c/dsr_msgs2/msg/detail/servol_rt_stream__functions.c.o[0m
[13.200s] [  1%] [32mBuilding C object CMakeFiles/dsr_msgs2__rosidl_generator_c.dir/rosidl_generator_c/dsr_msgs2/msg/detail/speedl_rt_stream__functions.c.o[0m
[13.201s] [  1%] [32mBuilding C object CMakeFiles/dsr_msgs2__rosidl_generator_c.dir/rosidl_generator_c/dsr_msgs2/msg/detail/torque_rt_stream__functions.c.o[0m
[13.201s] [  1%] [32mBuilding C object CMakeFiles/dsr_msgs2__rosidl_generator_c.dir/rosidl_generator_c/dsr_msgs2/msg/detail/speedj_rt_stream__functions.c.o[0m
[13.201s] [  1%] [32mBuilding C object CMakeFiles/dsr_msgs2__rosidl_generator_c.dir/rosidl_generator_c/dsr_msgs2/srv/detail/set_robot_mode__functions.c.o[0m
[13.206s] [  1%] [32mBuilding C object CMakeFiles/dsr_msgs2__rosidl_generator_c.dir/rosidl_generator_c/dsr_msgs2/srv/detail/get_robot_mode__functions.c.o[0m
[13.206s] [  2%] [32mBuilding C object CMakeFiles/dsr_msgs2__rosidl_generator_c.dir/rosidl_generator_c/dsr_msgs2/srv/detail/get_robot_system__functions.c.o[0m
[13.206s] [  2%] [32mBuilding C object CMakeFiles/dsr_msgs2__rosidl_generator_c.dir/rosidl_generator_c/dsr_msgs2/srv/detail/set_robot_speed_mode__functions.c.o[0m
[13.207s] [  2%] [32mBuilding C object CMakeFiles/dsr_msgs2__rosidl_generator_c.dir/rosidl_generator_c/dsr_msgs2/srv/detail/set_robot_system__functions.c.o[0m
[13.207s] [  2%] [32mBuilding C object CMakeFiles/dsr_msgs2__rosidl_generator_c.dir/rosidl_generator_c/dsr_msgs2/srv/detail/get_robot_speed_mode__functions.c.o[0m
[13.208s] [  2%] [32mBuilding C object CMakeFiles/dsr_msgs2__rosidl_generator_c.dir/rosidl_generator_c/dsr_msgs2/srv/detail/get_current_pose__functions.c.o[0m
[13.218s] [  2%] [32mBuilding C object CMakeFiles/dsr_msgs2__rosidl_generator_c.dir/rosidl_generator_c/dsr_msgs2/srv/detail/set_safe_stop_reset_type__functions.c.o[0m
[13.221s] [  2%] [32mBuilding C object CMakeFiles/dsr_msgs2__rosidl_generator_c.dir/rosidl_generator_c/dsr_msgs2/srv/detail/get_last_alarm__functions.c.o[0m
[13.246s] [  2%] [32mBuilding C object CMakeFiles/dsr_msgs2__rosidl_generator_c.dir/rosidl_generator_c/dsr_msgs2/srv/detail/get_robot_state__functions.c.o[0m
[13.258s] [  2%] [32mBuilding C object CMakeFiles/dsr_msgs2__rosidl_generator_c.dir/rosidl_generator_c/dsr_msgs2/srv/detail/servo_off__functions.c.o[0m
[13.258s] [  2%] [32mBuilding C object CMakeFiles/dsr_msgs2__rosidl_generator_c.dir/rosidl_generator_c/dsr_msgs2/srv/detail/set_robot_control__functions.c.o[0m
[13.261s] [  2%] [32mBuilding C object CMakeFiles/dsr_msgs2__rosidl_generator_c.dir/rosidl_generator_c/dsr_msgs2/srv/detail/change_collision_sensitivity__functions.c.o[0m
[13.261s] [  2%] [32mBuilding C object CMakeFiles/dsr_msgs2__rosidl_generator_c.dir/rosidl_generator_c/dsr_msgs2/srv/detail/set_safety_mode__functions.c.o[0m
[13.261s] [  2%] [32mBuilding C object CMakeFiles/dsr_msgs2__rosidl_generator_c.dir/rosidl_generator_c/dsr_msgs2/srv/detail/move_joint__functions.c.o[0m
[13.262s] [  3%] [32mBuilding C object CMakeFiles/dsr_msgs2__rosidl_generator_c.dir/rosidl_generator_c/dsr_msgs2/srv/detail/move_line__functions.c.o[0m
[13.267s] [  3%] [32mBuilding C object CMakeFiles/dsr_msgs2__rosidl_generator_c.dir/rosidl_generator_c/dsr_msgs2/srv/detail/move_jointx__functions.c.o[0m
[13.271s] [  3%] [32mBuilding C object CMakeFiles/dsr_msgs2__rosidl_generator_c.dir/rosidl_generator_c/dsr_msgs2/srv/detail/move_circle__functions.c.o[0m
[13.273s] [  3%] [32mBuilding C object CMakeFiles/dsr_msgs2__rosidl_generator_c.dir/rosidl_generator_c/dsr_msgs2/srv/detail/move_spline_joint__functions.c.o[0m
[13.276s] [  3%] [32mBuilding C object CMakeFiles/dsr_msgs2__rosidl_generator_c.dir/rosidl_generator_c/dsr_msgs2/srv/detail/move_spline_task__functions.c.o[0m
[13.279s] [  3%] [32mBuilding C object CMakeFiles/dsr_msgs2__rosidl_generator_c.dir/rosidl_generator_c/dsr_msgs2/srv/detail/move_spiral__functions.c.o[0m
[13.280s] [  3%] [32mBuilding C object CMakeFiles/dsr_msgs2__rosidl_generator_c.dir/rosidl_generator_c/dsr_msgs2/srv/detail/move_blending__functions.c.o[0m
[13.305s] [  3%] [32mBuilding C object CMakeFiles/dsr_msgs2__rosidl_generator_c.dir/rosidl_generator_c/dsr_msgs2/srv/detail/move_periodic__functions.c.o[0m
[13.311s] [  3%] [32mBuilding C object CMakeFiles/dsr_msgs2__rosidl_generator_c.dir/rosidl_generator_c/dsr_msgs2/srv/detail/move_wait__functions.c.o[0m
[13.319s] [  3%] [32mBuilding C object CMakeFiles/dsr_msgs2__rosidl_generator_c.dir/rosidl_generator_c/dsr_msgs2/srv/detail/jog__functions.c.o[0m
[13.320s] [  3%] [32mBuilding C object CMakeFiles/dsr_msgs2__rosidl_generator_c.dir/rosidl_generator_c/dsr_msgs2/srv/detail/jog_multi__functions.c.o[0m
[13.328s] [  3%] [32mBuilding C object CMakeFiles/dsr_msgs2__rosidl_generator_c.dir/rosidl_generator_c/dsr_msgs2/srv/detail/move_resume__functions.c.o[0m
[13.329s] [  3%] [32mBuilding C object CMakeFiles/dsr_msgs2__rosidl_generator_c.dir/rosidl_generator_c/dsr_msgs2/srv/detail/move_stop__functions.c.o[0m
[13.330s] [  4%] [32mBuilding C object CMakeFiles/dsr_msgs2__rosidl_generator_c.dir/rosidl_generator_c/dsr_msgs2/srv/detail/move_pause__functions.c.o[0m
[13.330s] [  4%] [32mBuilding C object CMakeFiles/dsr_msgs2__rosidl_generator_c.dir/rosidl_generator_c/dsr_msgs2/srv/detail/trans__functions.c.o[0m
[13.334s] [  4%] [32mBuilding C object CMakeFiles/dsr_msgs2__rosidl_generator_c.dir/rosidl_generator_c/dsr_msgs2/srv/detail/ikin__functions.c.o[0m
[13.334s] [  4%] [32mBuilding C object CMakeFiles/dsr_msgs2__rosidl_generator_c.dir/rosidl_generator_c/dsr_msgs2/srv/detail/fkin__functions.c.o[0m
[13.339s] [  4%] [32mBuilding C object CMakeFiles/dsr_msgs2__rosidl_generator_c.dir/rosidl_generator_c/dsr_msgs2/srv/detail/set_ref_coord__functions.c.o[0m
[13.346s] [  4%] [32mBuilding C object CMakeFiles/dsr_msgs2__rosidl_generator_c.dir/rosidl_generator_c/dsr_msgs2/srv/detail/check_motion__functions.c.o[0m
[13.346s] [  4%] [32mBuilding C object CMakeFiles/dsr_msgs2__rosidl_generator_c.dir/rosidl_generator_c/dsr_msgs2/srv/detail/move_home__functions.c.o[0m
[13.364s] [  4%] [32mBuilding C object CMakeFiles/dsr_msgs2__rosidl_generator_c.dir/rosidl_generator_c/dsr_msgs2/srv/detail/change_operation_speed__functions.c.o[0m
[13.369s] [  4%] [32mBuilding C object CMakeFiles/dsr_msgs2__rosidl_generator_c.dir/rosidl_generator_c/dsr_msgs2/srv/detail/enable_alter_motion__functions.c.o[0m
[13.370s] [  4%] [32mBuilding C object CMakeFiles/dsr_msgs2__rosidl_generator_c.dir/rosidl_generator_c/dsr_msgs2/srv/detail/alter_motion__functions.c.o[0m
[13.376s] [  4%] [32mBuilding C object CMakeFiles/dsr_msgs2__rosidl_generator_c.dir/rosidl_generator_c/dsr_msgs2/srv/detail/disable_alter_motion__functions.c.o[0m
[13.394s] [  5%] [32mBuilding C object CMakeFiles/dsr_msgs2__rosidl_generator_c.dir/rosidl_generator_c/dsr_msgs2/srv/detail/set_singularity_handling__functions.c.o[0m
[13.394s] [  5%] [32mBuilding C object CMakeFiles/dsr_msgs2__rosidl_generator_c.dir/rosidl_generator_c/dsr_msgs2/srv/detail/get_control_mode__functions.c.o[0m
[13.394s] [  5%] [32mBuilding C object CMakeFiles/dsr_msgs2__rosidl_generator_c.dir/rosidl_generator_c/dsr_msgs2/srv/detail/get_control_space__functions.c.o[0m
[13.394s] [  5%] [32mBuilding C object CMakeFiles/dsr_msgs2__rosidl_generator_c.dir/rosidl_generator_c/dsr_msgs2/srv/detail/get_current_posj__functions.c.o[0m
[13.396s] [  5%] [32mBuilding C object CMakeFiles/dsr_msgs2__rosidl_generator_c.dir/rosidl_generator_c/dsr_msgs2/srv/detail/get_desired_posj__functions.c.o[0m
[13.397s] [  5%] [32mBuilding C object CMakeFiles/dsr_msgs2__rosidl_generator_c.dir/rosidl_generator_c/dsr_msgs2/srv/detail/get_current_velj__functions.c.o[0m
[13.405s] [  5%] [32mBuilding C object CMakeFiles/dsr_msgs2__rosidl_generator_c.dir/rosidl_generator_c/dsr_msgs2/srv/detail/get_desired_velj__functions.c.o[0m
[13.409s] [  5%] [32mBuilding C object CMakeFiles/dsr_msgs2__rosidl_generator_c.dir/rosidl_generator_c/dsr_msgs2/srv/detail/get_current_posx__functions.c.o[0m
[13.409s] [  5%] [32mBuilding C object CMakeFiles/dsr_msgs2__rosidl_generator_c.dir/rosidl_generator_c/dsr_msgs2/srv/detail/get_current_tool_flange_posx__functions.c.o[0m
[13.420s] [  5%] [32mBuilding C object CMakeFiles/dsr_msgs2__rosidl_generator_c.dir/rosidl_generator_c/dsr_msgs2/srv/detail/get_current_velx__functions.c.o[0m
[13.432s] [  5%] [32mBuilding C object CMakeFiles/dsr_msgs2__rosidl_generator_c.dir/rosidl_generator_c/dsr_msgs2/srv/detail/get_desired_posx__functions.c.o[0m
[13.433s] [  5%] [32mBuilding C object CMakeFiles/dsr_msgs2__rosidl_generator_c.dir/rosidl_generator_c/dsr_msgs2/srv/detail/get_desired_velx__functions.c.o[0m
[13.434s] [  6%] [32mBuilding C object CMakeFiles/dsr_msgs2__rosidl_generator_c.dir/rosidl_generator_c/dsr_msgs2/srv/detail/get_current_solution_space__functions.c.o[0m
[13.445s] [  6%] [32mBuilding C object CMakeFiles/dsr_msgs2__rosidl_generator_c.dir/rosidl_generator_c/dsr_msgs2/srv/detail/get_current_rotm__functions.c.o[0m
[13.445s] [  6%] [32mBuilding C object CMakeFiles/dsr_msgs2__rosidl_generator_c.dir/rosidl_generator_c/dsr_msgs2/srv/detail/get_joint_torque__functions.c.o[0m
[13.455s] [  6%] [32mBuilding C object CMakeFiles/dsr_msgs2__rosidl_generator_c.dir/rosidl_generator_c/dsr_msgs2/srv/detail/get_external_torque__functions.c.o[0m
[13.456s] [  6%] [32mBuilding C object CMakeFiles/dsr_msgs2__rosidl_generator_c.dir/rosidl_generator_c/dsr_msgs2/srv/detail/get_solution_space__functions.c.o[0m
[13.457s] [  6%] [32mBuilding C object CMakeFiles/dsr_msgs2__rosidl_generator_c.dir/rosidl_generator_c/dsr_msgs2/srv/detail/get_tool_force__functions.c.o[0m
[13.469s] [  6%] [32mBuilding C object CMakeFiles/dsr_msgs2__rosidl_generator_c.dir/rosidl_generator_c/dsr_msgs2/srv/detail/get_orientation_error__functions.c.o[0m
[13.471s] [  6%] [32mBuilding C object CMakeFiles/dsr_msgs2__rosidl_generator_c.dir/rosidl_generator_c/dsr_msgs2/srv/detail/parallel_axis1__functions.c.o[0m
[13.474s] [  6%] [32mBuilding C object CMakeFiles/dsr_msgs2__rosidl_generator_c.dir/rosidl_generator_c/dsr_msgs2/srv/detail/parallel_axis2__functions.c.o[0m
[13.479s] [  6%] [32mBuilding C object CMakeFiles/dsr_msgs2__rosidl_generator_c.dir/rosidl_generator_c/dsr_msgs2/srv/detail/align_axis2__functions.c.o[0m
[13.480s] [  6%] [32mBuilding C object CMakeFiles/dsr_msgs2__rosidl_generator_c.dir/rosidl_generator_c/dsr_msgs2/srv/detail/align_axis1__functions.c.o[0m
[13.492s] [  7%] [32mBuilding C object CMakeFiles/dsr_msgs2__rosidl_generator_c.dir/rosidl_generator_c/dsr_msgs2/srv/detail/release_compliance_ctrl__functions.c.o[0m
[13.492s] [  7%] [32mBuilding C object CMakeFiles/dsr_msgs2__rosidl_generator_c.dir/rosidl_generator_c/dsr_msgs2/srv/detail/task_compliance_ctrl__functions.c.o[0m
[13.493s] [  7%] [32mBuilding C object CMakeFiles/dsr_msgs2__rosidl_generator_c.dir/rosidl_generator_c/dsr_msgs2/srv/detail/is_done_bolt_tightening__functions.c.o[0m
[13.501s] [  7%] [32mBuilding C object CMakeFiles/dsr_msgs2__rosidl_generator_c.dir/rosidl_generator_c/dsr_msgs2/srv/detail/calc_coord__functions.c.o[0m
[13.501s] [  7%] [32mBuilding C object CMakeFiles/dsr_msgs2__rosidl_generator_c.dir/rosidl_generator_c/dsr_msgs2/srv/detail/set_stiffnessx__functions.c.o[0m
[13.511s] [  7%] [32mBuilding C object CMakeFiles/dsr_msgs2__rosidl_generator_c.dir/rosidl_generator_c/dsr_msgs2/srv/detail/set_user_cart_coord1__functions.c.o[0m
[13.511s] [  7%] [32mBuilding C object CMakeFiles/dsr_msgs2__rosidl_generator_c.dir/rosidl_generator_c/dsr_msgs2/srv/detail/set_user_cart_coord2__functions.c.o[0m
[13.514s] [  7%] [32mBuilding C object CMakeFiles/dsr_msgs2__rosidl_generator_c.dir/rosidl_generator_c/dsr_msgs2/srv/detail/set_user_cart_coord3__functions.c.o[0m
[13.537s] [  7%] [32mBuilding C object CMakeFiles/dsr_msgs2__rosidl_generator_c.dir/rosidl_generator_c/dsr_msgs2/srv/detail/overwrite_user_cart_coord__functions.c.o[0m
[13.540s] [  7%] [32mBuilding C object CMakeFiles/dsr_msgs2__rosidl_generator_c.dir/rosidl_generator_c/dsr_msgs2/srv/detail/get_user_cart_coord__functions.c.o[0m
[13.543s] [  7%] [32mBuilding C object CMakeFiles/dsr_msgs2__rosidl_generator_c.dir/rosidl_generator_c/dsr_msgs2/srv/detail/set_desired_force__functions.c.o[0m
[13.547s] [  7%] [32mBuilding C object CMakeFiles/dsr_msgs2__rosidl_generator_c.dir/rosidl_generator_c/dsr_msgs2/srv/detail/release_force__functions.c.o[0m
[13.547s] [  7%] [32mBuilding C object CMakeFiles/dsr_msgs2__rosidl_generator_c.dir/rosidl_generator_c/dsr_msgs2/srv/detail/check_position_condition__functions.c.o[0m
[13.548s] [  8%] [32mBuilding C object CMakeFiles/dsr_msgs2__rosidl_generator_c.dir/rosidl_generator_c/dsr_msgs2/srv/detail/check_force_condition__functions.c.o[0m
[13.550s] [  8%] [32mBuilding C object CMakeFiles/dsr_msgs2__rosidl_generator_c.dir/rosidl_generator_c/dsr_msgs2/srv/detail/check_orientation_condition1__functions.c.o[0m
[13.560s] [  8%] [32mBuilding C object CMakeFiles/dsr_msgs2__rosidl_generator_c.dir/rosidl_generator_c/dsr_msgs2/srv/detail/check_orientation_condition2__functions.c.o[0m
[13.568s] [  8%] [32mBuilding C object CMakeFiles/dsr_msgs2__rosidl_generator_c.dir/rosidl_generator_c/dsr_msgs2/srv/detail/coord_transform__functions.c.o[0m
[13.570s] [  8%] [32mBuilding C object CMakeFiles/dsr_msgs2__rosidl_generator_c.dir/rosidl_generator_c/dsr_msgs2/srv/detail/reset_workpiece_weight__functions.c.o[0m
[13.570s] [  8%] [32mBuilding C object CMakeFiles/dsr_msgs2__rosidl_generator_c.dir/rosidl_generator_c/dsr_msgs2/srv/detail/config_create_tool__functions.c.o[0m
[13.573s] [  8%] [32mBuilding C object CMakeFiles/dsr_msgs2__rosidl_generator_c.dir/rosidl_generator_c/dsr_msgs2/srv/detail/get_workpiece_weight__functions.c.o[0m
[13.585s] [  8%] [32mBuilding C object CMakeFiles/dsr_msgs2__rosidl_generator_c.dir/rosidl_generator_c/dsr_msgs2/srv/detail/config_delete_tool__functions.c.o[0m
[13.601s] [  8%] [32mBuilding C object CMakeFiles/dsr_msgs2__rosidl_generator_c.dir/rosidl_generator_c/dsr_msgs2/srv/detail/set_current_tool__functions.c.o[0m
[13.604s] [  8%] [32mBuilding C object CMakeFiles/dsr_msgs2__rosidl_generator_c.dir/rosidl_generator_c/dsr_msgs2/srv/detail/get_current_tool__functions.c.o[0m
[13.613s] [  8%] [32mBuilding C object CMakeFiles/dsr_msgs2__rosidl_generator_c.dir/rosidl_generator_c/dsr_msgs2/srv/detail/set_tool_shape__functions.c.o[0m
[13.613s] [  8%] [32mBuilding C object CMakeFiles/dsr_msgs2__rosidl_generator_c.dir/rosidl_generator_c/dsr_msgs2/srv/detail/config_create_tcp__functions.c.o[0m
[13.613s] [  8%] [32mBuilding C object CMakeFiles/dsr_msgs2__rosidl_generator_c.dir/rosidl_generator_c/dsr_msgs2/srv/detail/set_current_tcp__functions.c.o[0m
[13.615s] [  8%] [32mBuilding C object CMakeFiles/dsr_msgs2__rosidl_generator_c.dir/rosidl_generator_c/dsr_msgs2/srv/detail/get_current_tcp__functions.c.o[0m
[13.615s] [  9%] [32mBuilding C object CMakeFiles/dsr_msgs2__rosidl_generator_c.dir/rosidl_generator_c/dsr_msgs2/srv/detail/config_delete_tcp__functions.c.o[0m
[13.623s] [  9%] [32mBuilding C object CMakeFiles/dsr_msgs2__rosidl_generator_c.dir/rosidl_generator_c/dsr_msgs2/srv/detail/set_tool_digital_output__functions.c.o[0m
[13.629s] [  9%] [32mBuilding C object CMakeFiles/dsr_msgs2__rosidl_generator_c.dir/rosidl_generator_c/dsr_msgs2/srv/detail/get_tool_digital_output__functions.c.o[0m
[13.629s] [  9%] [32mBuilding C object CMakeFiles/dsr_msgs2__rosidl_generator_c.dir/rosidl_generator_c/dsr_msgs2/srv/detail/get_tool_digital_input__functions.c.o[0m
[13.631s] [  9%] [32mBuilding C object CMakeFiles/dsr_msgs2__rosidl_generator_c.dir/rosidl_generator_c/dsr_msgs2/srv/detail/set_ctrl_box_digital_output__functions.c.o[0m
[13.645s] [  9%] [32mBuilding C object CMakeFiles/dsr_msgs2__rosidl_generator_c.dir/rosidl_generator_c/dsr_msgs2/srv/detail/get_ctrl_box_digital_output__functions.c.o[0m
[13.649s] [  9%] [32mBuilding C object CMakeFiles/dsr_msgs2__rosidl_generator_c.dir/rosidl_generator_c/dsr_msgs2/srv/detail/get_ctrl_box_digital_input__functions.c.o[0m
[13.659s] [  9%] [32mBuilding C object CMakeFiles/dsr_msgs2__rosidl_generator_c.dir/rosidl_generator_c/dsr_msgs2/srv/detail/set_ctrl_box_analog_input_type__functions.c.o[0m
[13.662s] [  9%] [32mBuilding C object CMakeFiles/dsr_msgs2__rosidl_generator_c.dir/rosidl_generator_c/dsr_msgs2/srv/detail/set_ctrl_box_analog_output_type__functions.c.o[0m
[13.671s] [  9%] [32mBuilding C object CMakeFiles/dsr_msgs2__rosidl_generator_c.dir/rosidl_generator_c/dsr_msgs2/srv/detail/set_ctrl_box_analog_output__functions.c.o[0m
[13.671s] [ 10%] [32mBuilding C object CMakeFiles/dsr_msgs2__rosidl_generator_c.dir/rosidl_generator_c/dsr_msgs2/srv/detail/get_ctrl_box_analog_input__functions.c.o[0m
[13.672s] [ 10%] [32mBuilding C object CMakeFiles/dsr_msgs2__rosidl_generator_c.dir/rosidl_generator_c/dsr_msgs2/srv/detail/config_create_modbus__functions.c.o[0m
[13.682s] [ 10%] [32mBuilding C object CMakeFiles/dsr_msgs2__rosidl_generator_c.dir/rosidl_generator_c/dsr_msgs2/srv/detail/config_delete_modbus__functions.c.o[0m
[13.686s] [ 10%] [32mBuilding C object CMakeFiles/dsr_msgs2__rosidl_generator_c.dir/rosidl_generator_c/dsr_msgs2/srv/detail/set_modbus_output__functions.c.o[0m
[13.688s] [ 10%] [32mBuilding C object CMakeFiles/dsr_msgs2__rosidl_generator_c.dir/rosidl_generator_c/dsr_msgs2/srv/detail/get_modbus_input__functions.c.o[0m
[13.690s] [ 10%] [32mBuilding C object CMakeFiles/dsr_msgs2__rosidl_generator_c.dir/rosidl_generator_c/dsr_msgs2/srv/detail/drl_start__functions.c.o[0m
[13.696s] [ 10%] [32mBuilding C object CMakeFiles/dsr_msgs2__rosidl_generator_c.dir/rosidl_generator_c/dsr_msgs2/srv/detail/drl_stop__functions.c.o[0m
[13.705s] [ 10%] [32mBuilding C object CMakeFiles/dsr_msgs2__rosidl_generator_c.dir/rosidl_generator_c/dsr_msgs2/srv/detail/drl_resume__functions.c.o[0m
[13.707s] [ 10%] [32mBuilding C object CMakeFiles/dsr_msgs2__rosidl_generator_c.dir/rosidl_generator_c/dsr_msgs2/srv/detail/drl_pause__functions.c.o[0m
[13.715s] [ 10%] [32mBuilding C object CMakeFiles/dsr_msgs2__rosidl_generator_c.dir/rosidl_generator_c/dsr_msgs2/srv/detail/get_drl_state__functions.c.o[0m
[13.718s] [ 10%] [32mBuilding C object CMakeFiles/dsr_msgs2__rosidl_generator_c.dir/rosidl_generator_c/dsr_msgs2/srv/detail/robotiq2_f_close__functions.c.o[0m
[13.732s] [ 11%] [32mBuilding C object CMakeFiles/dsr_msgs2__rosidl_generator_c.dir/rosidl_generator_c/dsr_msgs2/srv/detail/robotiq2_f_move__functions.c.o[0m
[13.735s] [ 11%] [32mBuilding C object CMakeFiles/dsr_msgs2__rosidl_generator_c.dir/rosidl_generator_c/dsr_msgs2/srv/detail/serial_send_data__functions.c.o[0m
[13.735s] [ 11%] [32mBuilding C object CMakeFiles/dsr_msgs2__rosidl_generator_c.dir/rosidl_generator_c/dsr_msgs2/srv/detail/robotiq2_f_open__functions.c.o[0m
[13.743s] [ 11%] [32mBuilding C object CMakeFiles/dsr_msgs2__rosidl_generator_c.dir/rosidl_generator_c/dsr_msgs2/srv/detail/connect_rt_control__functions.c.o[0m
[13.745s] [ 11%] [32mBuilding C object CMakeFiles/dsr_msgs2__rosidl_generator_c.dir/rosidl_generator_c/dsr_msgs2/srv/detail/disconnect_rt_control__functions.c.o[0m
[13.746s] [ 11%] [32mBuilding C object CMakeFiles/dsr_msgs2__rosidl_generator_c.dir/rosidl_generator_c/dsr_msgs2/srv/detail/get_rt_control_input_version_list__functions.c.o[0m
[13.746s] [ 11%] [32mBuilding C object CMakeFiles/dsr_msgs2__rosidl_generator_c.dir/rosidl_generator_c/dsr_msgs2/srv/detail/get_rt_control_input_data_list__functions.c.o[0m
[13.764s] [ 11%] [32mBuilding C object CMakeFiles/dsr_msgs2__rosidl_generator_c.dir/rosidl_generator_c/dsr_msgs2/srv/detail/get_rt_control_output_data_list__functions.c.o[0m
[13.766s] [ 11%] [32mBuilding C object CMakeFiles/dsr_msgs2__rosidl_generator_c.dir/rosidl_generator_c/dsr_msgs2/srv/detail/get_rt_control_output_version_list__functions.c.o[0m
[13.766s] [ 11%] [32mBuilding C object CMakeFiles/dsr_msgs2__rosidl_generator_c.dir/rosidl_generator_c/dsr_msgs2/srv/detail/set_accj_rt__functions.c.o[0m
[13.769s] [ 11%] [32mBuilding C object CMakeFiles/dsr_msgs2__rosidl_generator_c.dir/rosidl_generator_c/dsr_msgs2/srv/detail/read_data_rt__functions.c.o[0m
[13.777s] [ 11%] [32mBuilding C object CMakeFiles/dsr_msgs2__rosidl_generator_c.dir/rosidl_generator_c/dsr_msgs2/srv/detail/set_accx_rt__functions.c.o[0m
[13.785s] [ 12%] [32mBuilding C object CMakeFiles/dsr_msgs2__rosidl_generator_c.dir/rosidl_generator_c/dsr_msgs2/srv/detail/set_rt_control_input__functions.c.o[0m
[13.792s] [ 12%] [32mBuilding C object CMakeFiles/dsr_msgs2__rosidl_generator_c.dir/rosidl_generator_c/dsr_msgs2/srv/detail/set_rt_control_output__functions.c.o[0m
[13.792s] [ 12%] [32mBuilding C object CMakeFiles/dsr_msgs2__rosidl_generator_c.dir/rosidl_generator_c/dsr_msgs2/srv/detail/set_velj_rt__functions.c.o[0m
[13.807s] [ 12%] [32mBuilding C object CMakeFiles/dsr_msgs2__rosidl_generator_c.dir/rosidl_generator_c/dsr_msgs2/srv/detail/set_velx_rt__functions.c.o[0m
[13.807s] [ 12%] [32mBuilding C object CMakeFiles/dsr_msgs2__rosidl_generator_c.dir/rosidl_generator_c/dsr_msgs2/srv/detail/start_rt_control__functions.c.o[0m
[13.808s] [ 12%] [32mBuilding C object CMakeFiles/dsr_msgs2__rosidl_generator_c.dir/rosidl_generator_c/dsr_msgs2/srv/detail/stop_rt_control__functions.c.o[0m
[13.810s] [ 12%] [32mBuilding C object CMakeFiles/dsr_msgs2__rosidl_generator_c.dir/rosidl_generator_c/dsr_msgs2/srv/detail/write_data_rt__functions.c.o[0m
[13.862s] [ 12%] [32m[1mLinking C shared library libdsr_msgs2__rosidl_generator_c.so[0m
[13.924s] [ 12%] Built target dsr_msgs2__rosidl_generator_c
[13.934s] [ 13%] [34m[1mGenerating C type support dispatch for ROS interfaces[0m
[13.940s] [ 14%] [34m[1mGenerating C type support for eProsima Fast-RTPS[0m
[13.941s] [ 15%] [34m[1mGenerating C introspection for ROS interfaces[0m
[20.337s] [ 15%] [32mBuilding CXX object CMakeFiles/dsr_msgs2__rosidl_typesupport_cpp.dir/rosidl_typesupport_cpp/dsr_msgs2/msg/modbus_state__type_support.cpp.o[0m
[20.338s] [ 15%] [32mBuilding CXX object CMakeFiles/dsr_msgs2__rosidl_typesupport_cpp.dir/rosidl_typesupport_cpp/dsr_msgs2/msg/robot_error__type_support.cpp.o[0m
[20.338s] [ 16%] [32mBuilding CXX object CMakeFiles/dsr_msgs2__rosidl_typesupport_cpp.dir/rosidl_typesupport_cpp/dsr_msgs2/msg/servoj_stream__type_support.cpp.o[0m
[20.338s] [ 16%] [32mBuilding CXX object CMakeFiles/dsr_msgs2__rosidl_typesupport_cpp.dir/rosidl_typesupport_cpp/dsr_msgs2/msg/jog_multi_axis__type_support.cpp.o[0m
[20.338s] [ 16%] [32mBuilding CXX object CMakeFiles/dsr_msgs2__rosidl_typesupport_cpp.dir/rosidl_typesupport_cpp/dsr_msgs2/msg/robot_stop__type_support.cpp.o[0m
[20.338s] [ 16%] [32mBuilding CXX object CMakeFiles/dsr_msgs2__rosidl_typesupport_cpp.dir/rosidl_typesupport_cpp/dsr_msgs2/msg/servol_stream__type_support.cpp.o[0m
[20.339s] [ 16%] [32mBuilding CXX object CMakeFiles/dsr_msgs2__rosidl_typesupport_cpp.dir/rosidl_typesupport_cpp/dsr_msgs2/msg/robot_state__type_support.cpp.o[0m
[20.340s] [ 16%] [32mBuilding CXX object CMakeFiles/dsr_msgs2__rosidl_typesupport_cpp.dir/rosidl_typesupport_cpp/dsr_msgs2/msg/log_alarm__type_support.cpp.o[0m
[20.340s] [ 16%] [32mBuilding CXX object CMakeFiles/dsr_msgs2__rosidl_typesupport_cpp.dir/rosidl_typesupport_cpp/dsr_msgs2/msg/alter_motion_stream__type_support.cpp.o[0m
[20.340s] [ 16%] [32mBuilding CXX object CMakeFiles/dsr_msgs2__rosidl_typesupport_cpp.dir/rosidl_typesupport_cpp/dsr_msgs2/msg/speedj_stream__type_support.cpp.o[0m
[20.341s] [ 16%] [32mBuilding CXX object CMakeFiles/dsr_msgs2__rosidl_typesupport_cpp.dir/rosidl_typesupport_cpp/dsr_msgs2/msg/speedl_stream__type_support.cpp.o[0m
[20.604s] [ 16%] [32mBuilding CXX object CMakeFiles/dsr_msgs2__rosidl_typesupport_cpp.dir/rosidl_typesupport_cpp/dsr_msgs2/msg/robot_state_rt__type_support.cpp.o[0m
[20.604s] [ 16%] [32mBuilding CXX object CMakeFiles/dsr_msgs2__rosidl_typesupport_cpp.dir/rosidl_typesupport_cpp/dsr_msgs2/msg/servoj_rt_stream__type_support.cpp.o[0m
[20.605s] [ 16%] [32mBuilding CXX object CMakeFiles/dsr_msgs2__rosidl_typesupport_cpp.dir/rosidl_typesupport_cpp/dsr_msgs2/msg/servol_rt_stream__type_support.cpp.o[0m
[20.605s] [ 16%] [32mBuilding CXX object CMakeFiles/dsr_msgs2__rosidl_typesupport_cpp.dir/rosidl_typesupport_cpp/dsr_msgs2/msg/speedj_rt_stream__type_support.cpp.o[0m
[20.607s] [ 16%] [32mBuilding CXX object CMakeFiles/dsr_msgs2__rosidl_typesupport_cpp.dir/rosidl_typesupport_cpp/dsr_msgs2/msg/speedl_rt_stream__type_support.cpp.o[0m
[20.612s] [ 17%] [32mBuilding CXX object CMakeFiles/dsr_msgs2__rosidl_typesupport_cpp.dir/rosidl_typesupport_cpp/dsr_msgs2/msg/torque_rt_stream__type_support.cpp.o[0m
[20.640s] [ 17%] [32mBuilding CXX object CMakeFiles/dsr_msgs2__rosidl_typesupport_cpp.dir/rosidl_typesupport_cpp/dsr_msgs2/srv/set_robot_mode__type_support.cpp.o[0m
[20.658s] [ 17%] [32mBuilding CXX object CMakeFiles/dsr_msgs2__rosidl_typesupport_cpp.dir/rosidl_typesupport_cpp/dsr_msgs2/srv/get_robot_mode__type_support.cpp.o[0m
[20.699s] [ 17%] [32mBuilding CXX object CMakeFiles/dsr_msgs2__rosidl_typesupport_cpp.dir/rosidl_typesupport_cpp/dsr_msgs2/srv/set_robot_system__type_support.cpp.o[0m
[20.700s] [ 17%] [32mBuilding CXX object CMakeFiles/dsr_msgs2__rosidl_typesupport_cpp.dir/rosidl_typesupport_cpp/dsr_msgs2/srv/get_robot_system__type_support.cpp.o[0m
[20.755s] [ 17%] [32mBuilding CXX object CMakeFiles/dsr_msgs2__rosidl_typesupport_cpp.dir/rosidl_typesupport_cpp/dsr_msgs2/srv/set_robot_speed_mode__type_support.cpp.o[0m
[20.869s] [ 17%] [32mBuilding CXX object CMakeFiles/dsr_msgs2__rosidl_typesupport_cpp.dir/rosidl_typesupport_cpp/dsr_msgs2/srv/get_robot_speed_mode__type_support.cpp.o[0m
[20.878s] [ 17%] [32mBuilding CXX object CMakeFiles/dsr_msgs2__rosidl_typesupport_cpp.dir/rosidl_typesupport_cpp/dsr_msgs2/srv/get_current_pose__type_support.cpp.o[0m
[20.886s] [ 17%] [32mBuilding CXX object CMakeFiles/dsr_msgs2__rosidl_typesupport_cpp.dir/rosidl_typesupport_cpp/dsr_msgs2/srv/set_safe_stop_reset_type__type_support.cpp.o[0m
[20.890s] [ 17%] [32mBuilding CXX object CMakeFiles/dsr_msgs2__rosidl_typesupport_cpp.dir/rosidl_typesupport_cpp/dsr_msgs2/srv/get_last_alarm__type_support.cpp.o[0m
[20.902s] [ 17%] [32mBuilding CXX object CMakeFiles/dsr_msgs2__rosidl_typesupport_cpp.dir/rosidl_typesupport_cpp/dsr_msgs2/srv/get_robot_state__type_support.cpp.o[0m
[20.935s] [ 17%] [32mBuilding CXX object CMakeFiles/dsr_msgs2__rosidl_typesupport_cpp.dir/rosidl_typesupport_cpp/dsr_msgs2/srv/servo_off__type_support.cpp.o[0m
[20.940s] [ 18%] [32mBuilding CXX object CMakeFiles/dsr_msgs2__rosidl_typesupport_cpp.dir/rosidl_typesupport_cpp/dsr_msgs2/srv/set_robot_control__type_support.cpp.o[0m
[20.951s] [ 18%] [32mBuilding CXX object CMakeFiles/dsr_msgs2__rosidl_typesupport_cpp.dir/rosidl_typesupport_cpp/dsr_msgs2/srv/change_collision_sensitivity__type_support.cpp.o[0m
[20.990s] [ 18%] [32mBuilding CXX object CMakeFiles/dsr_msgs2__rosidl_typesupport_cpp.dir/rosidl_typesupport_cpp/dsr_msgs2/srv/set_safety_mode__type_support.cpp.o[0m
[21.017s] [ 18%] [32mBuilding CXX object CMakeFiles/dsr_msgs2__rosidl_typesupport_cpp.dir/rosidl_typesupport_cpp/dsr_msgs2/srv/move_joint__type_support.cpp.o[0m
[21.129s] [ 18%] [32mBuilding CXX object CMakeFiles/dsr_msgs2__rosidl_typesupport_cpp.dir/rosidl_typesupport_cpp/dsr_msgs2/srv/move_line__type_support.cpp.o[0m
[21.137s] [ 18%] [32mBuilding CXX object CMakeFiles/dsr_msgs2__rosidl_typesupport_cpp.dir/rosidl_typesupport_cpp/dsr_msgs2/srv/move_jointx__type_support.cpp.o[0m
[21.162s] [ 18%] [32mBuilding CXX object CMakeFiles/dsr_msgs2__rosidl_typesupport_cpp.dir/rosidl_typesupport_cpp/dsr_msgs2/srv/move_circle__type_support.cpp.o[0m
[21.170s] [ 18%] [32mBuilding CXX object CMakeFiles/dsr_msgs2__rosidl_typesupport_cpp.dir/rosidl_typesupport_cpp/dsr_msgs2/srv/move_spline_joint__type_support.cpp.o[0m
[21.173s] [ 18%] [32mBuilding CXX object CMakeFiles/dsr_msgs2__rosidl_typesupport_cpp.dir/rosidl_typesupport_cpp/dsr_msgs2/srv/move_spline_task__type_support.cpp.o[0m
[21.227s] [ 18%] [32mBuilding CXX object CMakeFiles/dsr_msgs2__rosidl_typesupport_cpp.dir/rosidl_typesupport_cpp/dsr_msgs2/srv/move_blending__type_support.cpp.o[0m
[21.242s] [ 18%] [32mBuilding CXX object CMakeFiles/dsr_msgs2__rosidl_typesupport_cpp.dir/rosidl_typesupport_cpp/dsr_msgs2/srv/move_spiral__type_support.cpp.o[0m
[21.260s] [ 18%] [32mBuilding CXX object CMakeFiles/dsr_msgs2__rosidl_typesupport_cpp.dir/rosidl_typesupport_cpp/dsr_msgs2/srv/move_periodic__type_support.cpp.o[0m
[21.294s] [ 19%] [32mBuilding CXX object CMakeFiles/dsr_msgs2__rosidl_typesupport_cpp.dir/rosidl_typesupport_cpp/dsr_msgs2/srv/move_wait__type_support.cpp.o[0m
[21.306s] [ 19%] [32mBuilding CXX object CMakeFiles/dsr_msgs2__rosidl_typesupport_cpp.dir/rosidl_typesupport_cpp/dsr_msgs2/srv/jog__type_support.cpp.o[0m
[21.308s] [ 19%] [32mBuilding CXX object CMakeFiles/dsr_msgs2__rosidl_typesupport_cpp.dir/rosidl_typesupport_cpp/dsr_msgs2/srv/jog_multi__type_support.cpp.o[0m
[21.419s] [ 19%] [32mBuilding CXX object CMakeFiles/dsr_msgs2__rosidl_typesupport_cpp.dir/rosidl_typesupport_cpp/dsr_msgs2/srv/move_stop__type_support.cpp.o[0m
[21.451s] [ 19%] [32mBuilding CXX object CMakeFiles/dsr_msgs2__rosidl_typesupport_cpp.dir/rosidl_typesupport_cpp/dsr_msgs2/srv/move_pause__type_support.cpp.o[0m
[21.451s] [ 19%] [32mBuilding CXX object CMakeFiles/dsr_msgs2__rosidl_typesupport_cpp.dir/rosidl_typesupport_cpp/dsr_msgs2/srv/move_resume__type_support.cpp.o[0m
[21.490s] [ 19%] [32mBuilding CXX object CMakeFiles/dsr_msgs2__rosidl_typesupport_cpp.dir/rosidl_typesupport_cpp/dsr_msgs2/srv/trans__type_support.cpp.o[0m
[21.501s] [ 19%] [32mBuilding CXX object CMakeFiles/dsr_msgs2__rosidl_typesupport_cpp.dir/rosidl_typesupport_cpp/dsr_msgs2/srv/fkin__type_support.cpp.o[0m
[21.544s] [ 19%] [32mBuilding CXX object CMakeFiles/dsr_msgs2__rosidl_typesupport_cpp.dir/rosidl_typesupport_cpp/dsr_msgs2/srv/ikin__type_support.cpp.o[0m
[21.586s] [ 19%] [32mBuilding CXX object CMakeFiles/dsr_msgs2__rosidl_typesupport_cpp.dir/rosidl_typesupport_cpp/dsr_msgs2/srv/set_ref_coord__type_support.cpp.o[0m
[21.602s] [ 19%] [32mBuilding CXX object CMakeFiles/dsr_msgs2__rosidl_typesupport_cpp.dir/rosidl_typesupport_cpp/dsr_msgs2/srv/move_home__type_support.cpp.o[0m
[21.603s] [ 19%] [32mBuilding CXX object CMakeFiles/dsr_msgs2__rosidl_typesupport_cpp.dir/rosidl_typesupport_cpp/dsr_msgs2/srv/check_motion__type_support.cpp.o[0m
[21.616s] [ 20%] [32mBuilding CXX object CMakeFiles/dsr_msgs2__rosidl_typesupport_cpp.dir/rosidl_typesupport_cpp/dsr_msgs2/srv/change_operation_speed__type_support.cpp.o[0m
[21.622s] [ 20%] [32mBuilding CXX object CMakeFiles/dsr_msgs2__rosidl_typesupport_cpp.dir/rosidl_typesupport_cpp/dsr_msgs2/srv/enable_alter_motion__type_support.cpp.o[0m
[21.689s] [ 20%] [32mBuilding CXX object CMakeFiles/dsr_msgs2__rosidl_typesupport_cpp.dir/rosidl_typesupport_cpp/dsr_msgs2/srv/alter_motion__type_support.cpp.o[0m
[21.724s] [ 20%] [32mBuilding CXX object CMakeFiles/dsr_msgs2__rosidl_typesupport_cpp.dir/rosidl_typesupport_cpp/dsr_msgs2/srv/disable_alter_motion__type_support.cpp.o[0m
[21.733s] [ 20%] [32mBuilding CXX object CMakeFiles/dsr_msgs2__rosidl_typesupport_cpp.dir/rosidl_typesupport_cpp/dsr_msgs2/srv/set_singularity_handling__type_support.cpp.o[0m
[21.827s] [ 20%] [32mBuilding CXX object CMakeFiles/dsr_msgs2__rosidl_typesupport_cpp.dir/rosidl_typesupport_cpp/dsr_msgs2/srv/get_control_mode__type_support.cpp.o[0m
[21.852s] [ 20%] [32mBuilding CXX object CMakeFiles/dsr_msgs2__rosidl_typesupport_cpp.dir/rosidl_typesupport_cpp/dsr_msgs2/srv/get_control_space__type_support.cpp.o[0m
[21.863s] [ 20%] [32mBuilding CXX object CMakeFiles/dsr_msgs2__rosidl_typesupport_cpp.dir/rosidl_typesupport_cpp/dsr_msgs2/srv/get_current_posj__type_support.cpp.o[0m
[21.874s] [ 20%] [32mBuilding CXX object CMakeFiles/dsr_msgs2__rosidl_typesupport_cpp.dir/rosidl_typesupport_cpp/dsr_msgs2/srv/get_desired_posj__type_support.cpp.o[0m
[21.897s] [ 20%] [32mBuilding CXX object CMakeFiles/dsr_msgs2__rosidl_typesupport_cpp.dir/rosidl_typesupport_cpp/dsr_msgs2/srv/get_current_velj__type_support.cpp.o[0m
[21.901s] [ 20%] [32mBuilding CXX object CMakeFiles/dsr_msgs2__rosidl_typesupport_cpp.dir/rosidl_typesupport_cpp/dsr_msgs2/srv/get_desired_velj__type_support.cpp.o[0m
[21.908s] [ 20%] [32mBuilding CXX object CMakeFiles/dsr_msgs2__rosidl_typesupport_cpp.dir/rosidl_typesupport_cpp/dsr_msgs2/srv/get_current_posx__type_support.cpp.o[0m
[21.956s] [ 21%] [32mBuilding CXX object CMakeFiles/dsr_msgs2__rosidl_typesupport_cpp.dir/rosidl_typesupport_cpp/dsr_msgs2/srv/get_current_tool_flange_posx__type_support.cpp.o[0m
[21.956s] [ 21%] [32mBuilding CXX object CMakeFiles/dsr_msgs2__rosidl_typesupport_cpp.dir/rosidl_typesupport_cpp/dsr_msgs2/srv/get_current_velx__type_support.cpp.o[0m
[21.961s] [ 21%] [32mBuilding CXX object CMakeFiles/dsr_msgs2__rosidl_typesupport_c.dir/rosidl_typesupport_c/dsr_msgs2/msg/log_alarm__type_support.cpp.o[0m
[21.991s] [ 21%] [32mBuilding CXX object CMakeFiles/dsr_msgs2__rosidl_typesupport_c.dir/rosidl_typesupport_c/dsr_msgs2/msg/modbus_state__type_support.cpp.o[0m
[21.993s] [ 21%] [32mBuilding CXX object CMakeFiles/dsr_msgs2__rosidl_typesupport_cpp.dir/rosidl_typesupport_cpp/dsr_msgs2/srv/get_desired_posx__type_support.cpp.o[0m
[22.022s] [ 21%] [32mBuilding CXX object CMakeFiles/dsr_msgs2__rosidl_typesupport_c.dir/rosidl_typesupport_c/dsr_msgs2/msg/robot_error__type_support.cpp.o[0m
[22.051s] [ 21%] [32mBuilding CXX object CMakeFiles/dsr_msgs2__rosidl_typesupport_cpp.dir/rosidl_typesupport_cpp/dsr_msgs2/srv/get_desired_velx__type_support.cpp.o[0m
[22.052s] [ 21%] [32mBuilding CXX object CMakeFiles/dsr_msgs2__rosidl_typesupport_c.dir/rosidl_typesupport_c/dsr_msgs2/msg/robot_state__type_support.cpp.o[0m
[22.087s] [ 21%] [32mBuilding CXX object CMakeFiles/dsr_msgs2__rosidl_typesupport_c.dir/rosidl_typesupport_c/dsr_msgs2/msg/robot_stop__type_support.cpp.o[0m
[22.098s] [ 21%] [32mBuilding CXX object CMakeFiles/dsr_msgs2__rosidl_typesupport_c.dir/rosidl_typesupport_c/dsr_msgs2/msg/jog_multi_axis__type_support.cpp.o[0m
[22.115s] [ 21%] [32mBuilding CXX object CMakeFiles/dsr_msgs2__rosidl_typesupport_cpp.dir/rosidl_typesupport_cpp/dsr_msgs2/srv/get_current_solution_space__type_support.cpp.o[0m
[22.124s] [ 21%] [32mBuilding CXX object CMakeFiles/dsr_msgs2__rosidl_typesupport_c.dir/rosidl_typesupport_c/dsr_msgs2/msg/alter_motion_stream__type_support.cpp.o[0m
[22.131s] [ 21%] [32mBuilding CXX object CMakeFiles/dsr_msgs2__rosidl_typesupport_cpp.dir/rosidl_typesupport_cpp/dsr_msgs2/srv/get_current_rotm__type_support.cpp.o[0m
[22.153s] [ 21%] [32mBuilding CXX object CMakeFiles/dsr_msgs2__rosidl_typesupport_c.dir/rosidl_typesupport_c/dsr_msgs2/msg/servoj_stream__type_support.cpp.o[0m
[22.166s] [ 21%] [32mBuilding CXX object CMakeFiles/dsr_msgs2__rosidl_typesupport_c.dir/rosidl_typesupport_c/dsr_msgs2/msg/servol_stream__type_support.cpp.o[0m
[22.171s] [ 21%] [32mBuilding CXX object CMakeFiles/dsr_msgs2__rosidl_typesupport_c.dir/rosidl_typesupport_c/dsr_msgs2/msg/speedj_stream__type_support.cpp.o[0m
[22.182s] [ 21%] [32mBuilding CXX object CMakeFiles/dsr_msgs2__rosidl_typesupport_cpp.dir/rosidl_typesupport_cpp/dsr_msgs2/srv/get_joint_torque__type_support.cpp.o[0m
[22.196s] [ 21%] [32mBuilding CXX object CMakeFiles/dsr_msgs2__rosidl_typesupport_cpp.dir/rosidl_typesupport_cpp/dsr_msgs2/srv/get_external_torque__type_support.cpp.o[0m
[22.201s] [ 21%] [32mBuilding CXX object CMakeFiles/dsr_msgs2__rosidl_typesupport_c.dir/rosidl_typesupport_c/dsr_msgs2/msg/speedl_stream__type_support.cpp.o[0m
[22.202s] [ 21%] [32mBuilding CXX object CMakeFiles/dsr_msgs2__rosidl_typesupport_cpp.dir/rosidl_typesupport_cpp/dsr_msgs2/srv/get_tool_force__type_support.cpp.o[0m
[22.220s] [ 21%] [32mBuilding CXX object CMakeFiles/dsr_msgs2__rosidl_typesupport_cpp.dir/rosidl_typesupport_cpp/dsr_msgs2/srv/get_solution_space__type_support.cpp.o[0m
[22.227s] [ 22%] [32mBuilding CXX object CMakeFiles/dsr_msgs2__rosidl_typesupport_c.dir/rosidl_typesupport_c/dsr_msgs2/msg/robot_state_rt__type_support.cpp.o[0m
[22.235s] [ 22%] [32mBuilding CXX object CMakeFiles/dsr_msgs2__rosidl_typesupport_c.dir/rosidl_typesupport_c/dsr_msgs2/msg/servoj_rt_stream__type_support.cpp.o[0m
[22.241s] [ 22%] [32mBuilding CXX object CMakeFiles/dsr_msgs2__rosidl_typesupport_c.dir/rosidl_typesupport_c/dsr_msgs2/msg/servol_rt_stream__type_support.cpp.o[0m
[22.242s] [ 22%] [32mBuilding CXX object CMakeFiles/dsr_msgs2__rosidl_typesupport_c.dir/rosidl_typesupport_c/dsr_msgs2/msg/speedj_rt_stream__type_support.cpp.o[0m
[22.258s] [ 22%] [32mBuilding CXX object CMakeFiles/dsr_msgs2__rosidl_typesupport_cpp.dir/rosidl_typesupport_cpp/dsr_msgs2/srv/get_orientation_error__type_support.cpp.o[0m
[22.258s] [ 22%] [32mBuilding CXX object CMakeFiles/dsr_msgs2__rosidl_typesupport_c.dir/rosidl_typesupport_c/dsr_msgs2/msg/speedl_rt_stream__type_support.cpp.o[0m
[22.260s] [ 22%] [32mBuilding CXX object CMakeFiles/dsr_msgs2__rosidl_typesupport_c.dir/rosidl_typesupport_c/dsr_msgs2/msg/torque_rt_stream__type_support.cpp.o[0m
[22.277s] [ 22%] [32mBuilding CXX object CMakeFiles/dsr_msgs2__rosidl_typesupport_cpp.dir/rosidl_typesupport_cpp/dsr_msgs2/srv/parallel_axis1__type_support.cpp.o[0m
[22.279s] [ 23%] [32mBuilding CXX object CMakeFiles/dsr_msgs2__rosidl_typesupport_cpp.dir/rosidl_typesupport_cpp/dsr_msgs2/srv/parallel_axis2__type_support.cpp.o[0m
[22.288s] [ 23%] [32mBuilding CXX object CMakeFiles/dsr_msgs2__rosidl_typesupport_cpp.dir/rosidl_typesupport_cpp/dsr_msgs2/srv/align_axis1__type_support.cpp.o[0m
[22.289s] [ 23%] [32mBuilding CXX object CMakeFiles/dsr_msgs2__rosidl_typesupport_c.dir/rosidl_typesupport_c/dsr_msgs2/srv/set_robot_mode__type_support.cpp.o[0m
[22.319s] [ 23%] [32mBuilding CXX object CMakeFiles/dsr_msgs2__rosidl_typesupport_c.dir/rosidl_typesupport_c/dsr_msgs2/srv/get_robot_mode__type_support.cpp.o[0m
[22.350s] [ 23%] [32mBuilding CXX object CMakeFiles/dsr_msgs2__rosidl_typesupport_c.dir/rosidl_typesupport_c/dsr_msgs2/srv/set_robot_system__type_support.cpp.o[0m
[22.373s] [ 23%] [32mBuilding CXX object CMakeFiles/dsr_msgs2__rosidl_typesupport_c.dir/rosidl_typesupport_c/dsr_msgs2/srv/get_robot_system__type_support.cpp.o[0m
[22.377s] [ 23%] [32mBuilding CXX object CMakeFiles/dsr_msgs2__rosidl_typesupport_c.dir/rosidl_typesupport_c/dsr_msgs2/srv/set_robot_speed_mode__type_support.cpp.o[0m
[22.381s] [ 23%] [32mBuilding CXX object CMakeFiles/dsr_msgs2__rosidl_typesupport_c.dir/rosidl_typesupport_c/dsr_msgs2/srv/get_robot_speed_mode__type_support.cpp.o[0m
[22.395s] [ 23%] [32mBuilding CXX object CMakeFiles/dsr_msgs2__rosidl_typesupport_cpp.dir/rosidl_typesupport_cpp/dsr_msgs2/srv/align_axis2__type_support.cpp.o[0m
[22.405s] [ 23%] [32mBuilding CXX object CMakeFiles/dsr_msgs2__rosidl_typesupport_cpp.dir/rosidl_typesupport_cpp/dsr_msgs2/srv/is_done_bolt_tightening__type_support.cpp.o[0m
[22.412s] [ 24%] [32mBuilding CXX object CMakeFiles/dsr_msgs2__rosidl_typesupport_c.dir/rosidl_typesupport_c/dsr_msgs2/srv/get_current_pose__type_support.cpp.o[0m
[22.414s] [ 24%] [32mBuilding CXX object CMakeFiles/dsr_msgs2__rosidl_typesupport_c.dir/rosidl_typesupport_c/dsr_msgs2/srv/set_safe_stop_reset_type__type_support.cpp.o[0m
[22.440s] [ 24%] [32mBuilding CXX object CMakeFiles/dsr_msgs2__rosidl_typesupport_cpp.dir/rosidl_typesupport_cpp/dsr_msgs2/srv/release_compliance_ctrl__type_support.cpp.o[0m
[22.448s] [ 24%] [32mBuilding CXX object CMakeFiles/dsr_msgs2__rosidl_typesupport_c.dir/rosidl_typesupport_c/dsr_msgs2/srv/get_last_alarm__type_support.cpp.o[0m
[22.464s] [ 24%] [32mBuilding CXX object CMakeFiles/dsr_msgs2__rosidl_typesupport_c.dir/rosidl_typesupport_c/dsr_msgs2/srv/get_robot_state__type_support.cpp.o[0m
[22.469s] [ 24%] [32mBuilding CXX object CMakeFiles/dsr_msgs2__rosidl_typesupport_c.dir/rosidl_typesupport_c/dsr_msgs2/srv/servo_off__type_support.cpp.o[0m
[22.480s] [ 24%] [32mBuilding CXX object CMakeFiles/dsr_msgs2__rosidl_typesupport_cpp.dir/rosidl_typesupport_cpp/dsr_msgs2/srv/task_compliance_ctrl__type_support.cpp.o[0m
[22.497s] [ 24%] [32mBuilding CXX object CMakeFiles/dsr_msgs2__rosidl_typesupport_c.dir/rosidl_typesupport_c/dsr_msgs2/srv/set_robot_control__type_support.cpp.o[0m
[22.501s] [ 24%] [32mBuilding CXX object CMakeFiles/dsr_msgs2__rosidl_typesupport_cpp.dir/rosidl_typesupport_cpp/dsr_msgs2/srv/set_stiffnessx__type_support.cpp.o[0m
[22.517s] [ 24%] [32mBuilding CXX object CMakeFiles/dsr_msgs2__rosidl_typesupport_c.dir/rosidl_typesupport_c/dsr_msgs2/srv/change_collision_sensitivity__type_support.cpp.o[0m
[22.524s] [ 24%] [32mBuilding CXX object CMakeFiles/dsr_msgs2__rosidl_typesupport_c.dir/rosidl_typesupport_c/dsr_msgs2/srv/set_safety_mode__type_support.cpp.o[0m
[22.533s] [ 24%] [32mBuilding CXX object CMakeFiles/dsr_msgs2__rosidl_typesupport_cpp.dir/rosidl_typesupport_cpp/dsr_msgs2/srv/calc_coord__type_support.cpp.o[0m
[22.547s] [ 24%] [32mBuilding CXX object CMakeFiles/dsr_msgs2__rosidl_typesupport_c.dir/rosidl_typesupport_c/dsr_msgs2/srv/move_joint__type_support.cpp.o[0m
[22.547s] [ 24%] [32mBuilding CXX object CMakeFiles/dsr_msgs2__rosidl_typesupport_cpp.dir/rosidl_typesupport_cpp/dsr_msgs2/srv/set_user_cart_coord1__type_support.cpp.o[0m
[22.559s] [ 24%] [32mBuilding CXX object CMakeFiles/dsr_msgs2__rosidl_typesupport_c.dir/rosidl_typesupport_c/dsr_msgs2/srv/move_line__type_support.cpp.o[0m
[22.567s] [ 24%] [32mBuilding CXX object CMakeFiles/dsr_msgs2__rosidl_typesupport_cpp.dir/rosidl_typesupport_cpp/dsr_msgs2/srv/set_user_cart_coord2__type_support.cpp.o[0m
[22.579s] [ 24%] [32mBuilding CXX object CMakeFiles/dsr_msgs2__rosidl_typesupport_c.dir/rosidl_typesupport_c/dsr_msgs2/srv/move_jointx__type_support.cpp.o[0m
[22.589s] [ 24%] [32mBuilding CXX object CMakeFiles/dsr_msgs2__rosidl_typesupport_cpp.dir/rosidl_typesupport_cpp/dsr_msgs2/srv/set_user_cart_coord3__type_support.cpp.o[0m
[22.609s] [ 24%] [32mBuilding CXX object CMakeFiles/dsr_msgs2__rosidl_typesupport_c.dir/rosidl_typesupport_c/dsr_msgs2/srv/move_circle__type_support.cpp.o[0m
[22.617s] [ 25%] [32mBuilding CXX object CMakeFiles/dsr_msgs2__rosidl_typesupport_c.dir/rosidl_typesupport_c/dsr_msgs2/srv/move_spline_joint__type_support.cpp.o[0m
[22.632s] [ 25%] [32mBuilding CXX object CMakeFiles/dsr_msgs2__rosidl_typesupport_c.dir/rosidl_typesupport_c/dsr_msgs2/srv/move_spline_task__type_support.cpp.o[0m
[22.649s] [ 25%] [32mBuilding CXX object CMakeFiles/dsr_msgs2__rosidl_typesupport_c.dir/rosidl_typesupport_c/dsr_msgs2/srv/move_blending__type_support.cpp.o[0m
[22.653s] [ 26%] [32mBuilding CXX object CMakeFiles/dsr_msgs2__rosidl_typesupport_cpp.dir/rosidl_typesupport_cpp/dsr_msgs2/srv/overwrite_user_cart_coord__type_support.cpp.o[0m
[22.666s] [ 26%] [32mBuilding CXX object CMakeFiles/dsr_msgs2__rosidl_typesupport_cpp.dir/rosidl_typesupport_cpp/dsr_msgs2/srv/get_user_cart_coord__type_support.cpp.o[0m
[22.666s] [ 26%] [32mBuilding CXX object CMakeFiles/dsr_msgs2__rosidl_typesupport_cpp.dir/rosidl_typesupport_cpp/dsr_msgs2/srv/set_desired_force__type_support.cpp.o[0m
[22.667s] [ 26%] [32mBuilding CXX object CMakeFiles/dsr_msgs2__rosidl_typesupport_c.dir/rosidl_typesupport_c/dsr_msgs2/srv/move_spiral__type_support.cpp.o[0m
[22.680s] [ 26%] [32mBuilding CXX object CMakeFiles/dsr_msgs2__rosidl_typesupport_cpp.dir/rosidl_typesupport_cpp/dsr_msgs2/srv/release_force__type_support.cpp.o[0m
[22.697s] [ 26%] [32mBuilding CXX object CMakeFiles/dsr_msgs2__rosidl_typesupport_c.dir/rosidl_typesupport_c/dsr_msgs2/srv/move_periodic__type_support.cpp.o[0m
[22.719s] [ 26%] [32mBuilding CXX object CMakeFiles/dsr_msgs2__rosidl_typesupport_cpp.dir/rosidl_typesupport_cpp/dsr_msgs2/srv/check_position_condition__type_support.cpp.o[0m
[22.724s] [ 26%] [32mBuilding CXX object CMakeFiles/dsr_msgs2__rosidl_typesupport_c.dir/rosidl_typesupport_c/dsr_msgs2/srv/move_wait__type_support.cpp.o[0m
[22.749s] [ 26%] [32mBuilding CXX object CMakeFiles/dsr_msgs2__rosidl_typesupport_c.dir/rosidl_typesupport_c/dsr_msgs2/srv/jog__type_support.cpp.o[0m
[22.776s] [ 26%] [32mBuilding CXX object CMakeFiles/dsr_msgs2__rosidl_typesupport_cpp.dir/rosidl_typesupport_cpp/dsr_msgs2/srv/check_force_condition__type_support.cpp.o[0m
[22.777s] [ 26%] [32mBuilding CXX object CMakeFiles/dsr_msgs2__rosidl_typesupport_c.dir/rosidl_typesupport_c/dsr_msgs2/srv/jog_multi__type_support.cpp.o[0m
[22.795s] [ 26%] [32mBuilding CXX object CMakeFiles/dsr_msgs2__rosidl_typesupport_cpp.dir/rosidl_typesupport_cpp/dsr_msgs2/srv/check_orientation_condition1__type_support.cpp.o[0m
[22.803s] [ 26%] [32mBuilding CXX object CMakeFiles/dsr_msgs2__rosidl_typesupport_c.dir/rosidl_typesupport_c/dsr_msgs2/srv/move_stop__type_support.cpp.o[0m
[22.810s] [ 26%] [32mBuilding CXX object CMakeFiles/dsr_msgs2__rosidl_typesupport_c.dir/rosidl_typesupport_c/dsr_msgs2/srv/move_pause__type_support.cpp.o[0m
[22.838s] [ 26%] [32mBuilding CXX object CMakeFiles/dsr_msgs2__rosidl_typesupport_cpp.dir/rosidl_typesupport_cpp/dsr_msgs2/srv/check_orientation_condition2__type_support.cpp.o[0m
[22.839s] [ 26%] [32mBuilding CXX object CMakeFiles/dsr_msgs2__rosidl_typesupport_cpp.dir/rosidl_typesupport_cpp/dsr_msgs2/srv/coord_transform__type_support.cpp.o[0m
[22.839s] [ 26%] [32mBuilding CXX object CMakeFiles/dsr_msgs2__rosidl_typesupport_c.dir/rosidl_typesupport_c/dsr_msgs2/srv/move_resume__type_support.cpp.o[0m
[22.869s] [ 26%] [32mBuilding CXX object CMakeFiles/dsr_msgs2__rosidl_typesupport_c.dir/rosidl_typesupport_c/dsr_msgs2/srv/trans__type_support.cpp.o[0m
[22.899s] [ 27%] [32mBuilding CXX object CMakeFiles/dsr_msgs2__rosidl_typesupport_c.dir/rosidl_typesupport_c/dsr_msgs2/srv/fkin__type_support.cpp.o[0m
[22.932s] [ 27%] [32mBuilding CXX object CMakeFiles/dsr_msgs2__rosidl_typesupport_c.dir/rosidl_typesupport_c/dsr_msgs2/srv/ikin__type_support.cpp.o[0m
[22.942s] [ 27%] [32mBuilding CXX object CMakeFiles/dsr_msgs2__rosidl_typesupport_c.dir/rosidl_typesupport_c/dsr_msgs2/srv/set_ref_coord__type_support.cpp.o[0m
[22.950s] [ 27%] [32mBuilding CXX object CMakeFiles/dsr_msgs2__rosidl_typesupport_c.dir/rosidl_typesupport_c/dsr_msgs2/srv/move_home__type_support.cpp.o[0m
[22.952s] [ 27%] [32mBuilding CXX object CMakeFiles/dsr_msgs2__rosidl_typesupport_c.dir/rosidl_typesupport_c/dsr_msgs2/srv/check_motion__type_support.cpp.o[0m
[22.963s] [ 27%] [32mBuilding CXX object CMakeFiles/dsr_msgs2__rosidl_typesupport_cpp.dir/rosidl_typesupport_cpp/dsr_msgs2/srv/get_workpiece_weight__type_support.cpp.o[0m
[22.963s] [ 27%] [32mBuilding CXX object CMakeFiles/dsr_msgs2__rosidl_typesupport_cpp.dir/rosidl_typesupport_cpp/dsr_msgs2/srv/reset_workpiece_weight__type_support.cpp.o[0m
[22.981s] [ 27%] [32mBuilding CXX object CMakeFiles/dsr_msgs2__rosidl_typesupport_cpp.dir/rosidl_typesupport_cpp/dsr_msgs2/srv/config_create_tool__type_support.cpp.o[0m
[22.982s] [ 28%] [32mBuilding CXX object CMakeFiles/dsr_msgs2__rosidl_typesupport_cpp.dir/rosidl_typesupport_cpp/dsr_msgs2/srv/config_delete_tool__type_support.cpp.o[0m
[22.982s] [ 28%] [32mBuilding CXX object CMakeFiles/dsr_msgs2__rosidl_typesupport_c.dir/rosidl_typesupport_c/dsr_msgs2/srv/change_operation_speed__type_support.cpp.o[0m
[22.989s] [ 28%] [32mBuilding CXX object CMakeFiles/dsr_msgs2__rosidl_typesupport_c.dir/rosidl_typesupport_c/dsr_msgs2/srv/enable_alter_motion__type_support.cpp.o[0m
[22.989s] [ 28%] [32mBuilding CXX object CMakeFiles/dsr_msgs2__rosidl_typesupport_cpp.dir/rosidl_typesupport_cpp/dsr_msgs2/srv/set_current_tool__type_support.cpp.o[0m
[23.012s] [ 28%] [32mBuilding CXX object CMakeFiles/dsr_msgs2__rosidl_typesupport_c.dir/rosidl_typesupport_c/dsr_msgs2/srv/alter_motion__type_support.cpp.o[0m
[23.025s] [ 28%] [32mBuilding CXX object CMakeFiles/dsr_msgs2__rosidl_typesupport_c.dir/rosidl_typesupport_c/dsr_msgs2/srv/disable_alter_motion__type_support.cpp.o[0m
[23.027s] [ 28%] [32mBuilding CXX object CMakeFiles/dsr_msgs2__rosidl_typesupport_c.dir/rosidl_typesupport_c/dsr_msgs2/srv/set_singularity_handling__type_support.cpp.o[0m
[23.032s] [ 28%] [32mBuilding CXX object CMakeFiles/dsr_msgs2__rosidl_typesupport_cpp.dir/rosidl_typesupport_cpp/dsr_msgs2/srv/get_current_tool__type_support.cpp.o[0m
[23.046s] [ 28%] [32mBuilding CXX object CMakeFiles/dsr_msgs2__rosidl_typesupport_c.dir/rosidl_typesupport_c/dsr_msgs2/srv/get_control_mode__type_support.cpp.o[0m
[23.056s] [ 28%] [32mBuilding CXX object CMakeFiles/dsr_msgs2__rosidl_typesupport_cpp.dir/rosidl_typesupport_cpp/dsr_msgs2/srv/config_create_tcp__type_support.cpp.o[0m
[23.057s] [ 28%] [32mBuilding CXX object CMakeFiles/dsr_msgs2__rosidl_typesupport_cpp.dir/rosidl_typesupport_cpp/dsr_msgs2/srv/set_tool_shape__type_support.cpp.o[0m
[23.059s] [ 28%] [32mBuilding CXX object CMakeFiles/dsr_msgs2__rosidl_typesupport_c.dir/rosidl_typesupport_c/dsr_msgs2/srv/get_control_space__type_support.cpp.o[0m
[23.075s] [ 28%] [32mBuilding CXX object CMakeFiles/dsr_msgs2__rosidl_typesupport_cpp.dir/rosidl_typesupport_cpp/dsr_msgs2/srv/config_delete_tcp__type_support.cpp.o[0m
[23.087s] [ 29%] [32mBuilding CXX object CMakeFiles/dsr_msgs2__rosidl_typesupport_c.dir/rosidl_typesupport_c/dsr_msgs2/srv/get_current_posj__type_support.cpp.o[0m
[23.095s] [ 29%] [32mBuilding CXX object CMakeFiles/dsr_msgs2__rosidl_typesupport_c.dir/rosidl_typesupport_c/dsr_msgs2/srv/get_desired_posj__type_support.cpp.o[0m
[23.109s] [ 29%] [32mBuilding CXX object CMakeFiles/dsr_msgs2__rosidl_typesupport_c.dir/rosidl_typesupport_c/dsr_msgs2/srv/get_current_velj__type_support.cpp.o[0m
[23.128s] [ 29%] [32mBuilding CXX object CMakeFiles/dsr_msgs2__rosidl_typesupport_cpp.dir/rosidl_typesupport_cpp/dsr_msgs2/srv/set_current_tcp__type_support.cpp.o[0m
[23.128s] [ 29%] [32mBuilding CXX object CMakeFiles/dsr_msgs2__rosidl_typesupport_cpp.dir/rosidl_typesupport_cpp/dsr_msgs2/srv/get_current_tcp__type_support.cpp.o[0m
[23.136s] [ 29%] [32mBuilding CXX object CMakeFiles/dsr_msgs2__rosidl_typesupport_c.dir/rosidl_typesupport_c/dsr_msgs2/srv/get_desired_velj__type_support.cpp.o[0m
[23.166s] [ 29%] [32mBuilding CXX object CMakeFiles/dsr_msgs2__rosidl_typesupport_c.dir/rosidl_typesupport_c/dsr_msgs2/srv/get_current_posx__type_support.cpp.o[0m
[23.196s] [ 29%] [32mBuilding CXX object CMakeFiles/dsr_msgs2__rosidl_typesupport_c.dir/rosidl_typesupport_c/dsr_msgs2/srv/get_current_tool_flange_posx__type_support.cpp.o[0m
[23.226s] [ 29%] [32mBuilding CXX object CMakeFiles/dsr_msgs2__rosidl_typesupport_c.dir/rosidl_typesupport_c/dsr_msgs2/srv/get_current_velx__type_support.cpp.o[0m
[23.239s] [ 29%] [32mBuilding CXX object CMakeFiles/dsr_msgs2__rosidl_typesupport_c.dir/rosidl_typesupport_c/dsr_msgs2/srv/get_desired_posx__type_support.cpp.o[0m
[23.256s] [ 29%] [32mBuilding CXX object CMakeFiles/dsr_msgs2__rosidl_typesupport_cpp.dir/rosidl_typesupport_cpp/dsr_msgs2/srv/set_tool_digital_output__type_support.cpp.o[0m
[23.261s] [ 29%] [32mBuilding CXX object CMakeFiles/dsr_msgs2__rosidl_typesupport_cpp.dir/rosidl_typesupport_cpp/dsr_msgs2/srv/get_tool_digital_output__type_support.cpp.o[0m
[23.278s] [ 29%] [32mBuilding CXX object CMakeFiles/dsr_msgs2__rosidl_typesupport_c.dir/rosidl_typesupport_c/dsr_msgs2/srv/get_desired_velx__type_support.cpp.o[0m
[23.309s] [ 29%] [32mBuilding CXX object CMakeFiles/dsr_msgs2__rosidl_typesupport_c.dir/rosidl_typesupport_c/dsr_msgs2/srv/get_current_solution_space__type_support.cpp.o[0m
[23.324s] [ 29%] [32mBuilding CXX object CMakeFiles/dsr_msgs2__rosidl_typesupport_c.dir/rosidl_typesupport_c/dsr_msgs2/srv/get_current_rotm__type_support.cpp.o[0m
[23.326s] [ 29%] [32mBuilding CXX object CMakeFiles/dsr_msgs2__rosidl_typesupport_c.dir/rosidl_typesupport_c/dsr_msgs2/srv/get_joint_torque__type_support.cpp.o[0m
[23.331s] [ 29%] [32mBuilding CXX object CMakeFiles/dsr_msgs2__rosidl_typesupport_cpp.dir/rosidl_typesupport_cpp/dsr_msgs2/srv/get_tool_digital_input__type_support.cpp.o[0m
[23.340s] [ 30%] [32mBuilding CXX object CMakeFiles/dsr_msgs2__rosidl_typesupport_c.dir/rosidl_typesupport_c/dsr_msgs2/srv/get_external_torque__type_support.cpp.o[0m
[23.340s] [ 30%] [32mBuilding CXX object CMakeFiles/dsr_msgs2__rosidl_typesupport_cpp.dir/rosidl_typesupport_cpp/dsr_msgs2/srv/set_ctrl_box_digital_output__type_support.cpp.o[0m
[23.353s] [ 31%] [32mBuilding CXX object CMakeFiles/dsr_msgs2__rosidl_typesupport_cpp.dir/rosidl_typesupport_cpp/dsr_msgs2/srv/get_ctrl_box_digital_output__type_support.cpp.o[0m
[23.354s] [ 31%] [32mBuilding CXX object CMakeFiles/dsr_msgs2__rosidl_typesupport_c.dir/rosidl_typesupport_c/dsr_msgs2/srv/get_tool_force__type_support.cpp.o[0m
[23.354s] [ 31%] [32mBuilding CXX object CMakeFiles/dsr_msgs2__rosidl_typesupport_c.dir/rosidl_typesupport_c/dsr_msgs2/srv/get_solution_space__type_support.cpp.o[0m
[23.357s] [ 31%] [32mBuilding CXX object CMakeFiles/dsr_msgs2__rosidl_typesupport_cpp.dir/rosidl_typesupport_cpp/dsr_msgs2/srv/get_ctrl_box_digital_input__type_support.cpp.o[0m
[23.372s] [ 31%] [32mBuilding CXX object CMakeFiles/dsr_msgs2__rosidl_typesupport_cpp.dir/rosidl_typesupport_cpp/dsr_msgs2/srv/set_ctrl_box_analog_input_type__type_support.cpp.o[0m
[23.376s] [ 31%] [32mBuilding CXX object CMakeFiles/dsr_msgs2__rosidl_typesupport_cpp.dir/rosidl_typesupport_cpp/dsr_msgs2/srv/set_ctrl_box_analog_output_type__type_support.cpp.o[0m
[23.388s] [ 31%] [32mBuilding CXX object CMakeFiles/dsr_msgs2__rosidl_typesupport_c.dir/rosidl_typesupport_c/dsr_msgs2/srv/get_orientation_error__type_support.cpp.o[0m
[23.391s] [ 31%] [32mBuilding CXX object CMakeFiles/dsr_msgs2__rosidl_typesupport_c.dir/rosidl_typesupport_c/dsr_msgs2/srv/parallel_axis2__type_support.cpp.o[0m
[23.391s] [ 31%] [32mBuilding CXX object CMakeFiles/dsr_msgs2__rosidl_typesupport_c.dir/rosidl_typesupport_c/dsr_msgs2/srv/parallel_axis1__type_support.cpp.o[0m
[23.398s] [ 31%] [32mBuilding CXX object CMakeFiles/dsr_msgs2__rosidl_typesupport_c.dir/rosidl_typesupport_c/dsr_msgs2/srv/align_axis1__type_support.cpp.o[0m
[23.421s] [ 31%] [32mBuilding CXX object CMakeFiles/dsr_msgs2__rosidl_typesupport_cpp.dir/rosidl_typesupport_cpp/dsr_msgs2/srv/set_ctrl_box_analog_output__type_support.cpp.o[0m
[23.424s] [ 31%] [32mBuilding CXX object CMakeFiles/dsr_msgs2__rosidl_typesupport_cpp.dir/rosidl_typesupport_cpp/dsr_msgs2/srv/get_ctrl_box_analog_input__type_support.cpp.o[0m
[23.425s] [ 31%] [32mBuilding CXX object CMakeFiles/dsr_msgs2__rosidl_typesupport_c.dir/rosidl_typesupport_c/dsr_msgs2/srv/align_axis2__type_support.cpp.o[0m
[23.429s] [ 31%] [32mBuilding CXX object CMakeFiles/dsr_msgs2__rosidl_typesupport_cpp.dir/rosidl_typesupport_cpp/dsr_msgs2/srv/config_create_modbus__type_support.cpp.o[0m
[23.457s] [ 31%] [32mBuilding CXX object CMakeFiles/dsr_msgs2__rosidl_typesupport_c.dir/rosidl_typesupport_c/dsr_msgs2/srv/is_done_bolt_tightening__type_support.cpp.o[0m
[23.497s] [ 31%] [32mBuilding CXX object CMakeFiles/dsr_msgs2__rosidl_typesupport_c.dir/rosidl_typesupport_c/dsr_msgs2/srv/release_compliance_ctrl__type_support.cpp.o[0m
[23.531s] [ 31%] [32mBuilding CXX object CMakeFiles/dsr_msgs2__rosidl_typesupport_c.dir/rosidl_typesupport_c/dsr_msgs2/srv/task_compliance_ctrl__type_support.cpp.o[0m
[23.537s] [ 31%] [32mBuilding CXX object CMakeFiles/dsr_msgs2__rosidl_typesupport_cpp.dir/rosidl_typesupport_cpp/dsr_msgs2/srv/config_delete_modbus__type_support.cpp.o[0m
[23.562s] [ 31%] [32mBuilding CXX object CMakeFiles/dsr_msgs2__rosidl_typesupport_c.dir/rosidl_typesupport_c/dsr_msgs2/srv/set_stiffnessx__type_support.cpp.o[0m
[23.597s] [ 32%] [32mBuilding CXX object CMakeFiles/dsr_msgs2__rosidl_typesupport_c.dir/rosidl_typesupport_c/dsr_msgs2/srv/calc_coord__type_support.cpp.o[0m
[23.610s] [ 32%] [32mBuilding CXX object CMakeFiles/dsr_msgs2__rosidl_typesupport_c.dir/rosidl_typesupport_c/dsr_msgs2/srv/set_user_cart_coord1__type_support.cpp.o[0m
[23.613s] [ 32%] [32mBuilding CXX object CMakeFiles/dsr_msgs2__rosidl_typesupport_cpp.dir/rosidl_typesupport_cpp/dsr_msgs2/srv/set_modbus_output__type_support.cpp.o[0m
[23.627s] [ 32%] [32mBuilding CXX object CMakeFiles/dsr_msgs2__rosidl_typesupport_cpp.dir/rosidl_typesupport_cpp/dsr_msgs2/srv/get_modbus_input__type_support.cpp.o[0m
[23.631s] [ 32%] [32mBuilding CXX object CMakeFiles/dsr_msgs2__rosidl_typesupport_cpp.dir/rosidl_typesupport_cpp/dsr_msgs2/srv/drl_start__type_support.cpp.o[0m
[23.632s] [ 32%] [32mBuilding CXX object CMakeFiles/dsr_msgs2__rosidl_typesupport_c.dir/rosidl_typesupport_c/dsr_msgs2/srv/set_user_cart_coord2__type_support.cpp.o[0m
[23.643s] [ 32%] [32mBuilding CXX object CMakeFiles/dsr_msgs2__rosidl_typesupport_c.dir/rosidl_typesupport_c/dsr_msgs2/srv/set_user_cart_coord3__type_support.cpp.o[0m
[23.647s] [ 32%] [32mBuilding CXX object CMakeFiles/dsr_msgs2__rosidl_typesupport_c.dir/rosidl_typesupport_c/dsr_msgs2/srv/overwrite_user_cart_coord__type_support.cpp.o[0m
[23.655s] [ 32%] [32mBuilding CXX object CMakeFiles/dsr_msgs2__rosidl_typesupport_cpp.dir/rosidl_typesupport_cpp/dsr_msgs2/srv/drl_stop__type_support.cpp.o[0m
[23.666s] [ 32%] [32mBuilding CXX object CMakeFiles/dsr_msgs2__rosidl_typesupport_c.dir/rosidl_typesupport_c/dsr_msgs2/srv/get_user_cart_coord__type_support.cpp.o[0m
[23.682s] [ 33%] [32mBuilding CXX object CMakeFiles/dsr_msgs2__rosidl_typesupport_cpp.dir/rosidl_typesupport_cpp/dsr_msgs2/srv/drl_pause__type_support.cpp.o[0m
[23.685s] [ 33%] [32mBuilding CXX object CMakeFiles/dsr_msgs2__rosidl_typesupport_cpp.dir/rosidl_typesupport_cpp/dsr_msgs2/srv/drl_resume__type_support.cpp.o[0m
[23.695s] [ 33%] [32mBuilding CXX object CMakeFiles/dsr_msgs2__rosidl_typesupport_c.dir/rosidl_typesupport_c/dsr_msgs2/srv/set_desired_force__type_support.cpp.o[0m
[23.699s] [ 33%] [32mBuilding CXX object CMakeFiles/dsr_msgs2__rosidl_typesupport_c.dir/rosidl_typesupport_c/dsr_msgs2/srv/check_position_condition__type_support.cpp.o[0m
[23.700s] [ 33%] [32mBuilding CXX object CMakeFiles/dsr_msgs2__rosidl_typesupport_c.dir/rosidl_typesupport_c/dsr_msgs2/srv/release_force__type_support.cpp.o[0m
[23.704s] [ 33%] [32mBuilding CXX object CMakeFiles/dsr_msgs2__rosidl_typesupport_c.dir/rosidl_typesupport_c/dsr_msgs2/srv/check_force_condition__type_support.cpp.o[0m
[23.733s] [ 33%] [32mBuilding CXX object CMakeFiles/dsr_msgs2__rosidl_typesupport_cpp.dir/rosidl_typesupport_cpp/dsr_msgs2/srv/get_drl_state__type_support.cpp.o[0m
[23.734s] [ 33%] [32mBuilding CXX object CMakeFiles/dsr_msgs2__rosidl_typesupport_c.dir/rosidl_typesupport_c/dsr_msgs2/srv/check_orientation_condition1__type_support.cpp.o[0m
[23.736s] [ 33%] [32mBuilding CXX object CMakeFiles/dsr_msgs2__rosidl_typesupport_c.dir/rosidl_typesupport_c/dsr_msgs2/srv/check_orientation_condition2__type_support.cpp.o[0m
[23.736s] [ 34%] [32mBuilding CXX object CMakeFiles/dsr_msgs2__rosidl_typesupport_c.dir/rosidl_typesupport_c/dsr_msgs2/srv/coord_transform__type_support.cpp.o[0m
[23.765s] [ 34%] [32mBuilding CXX object CMakeFiles/dsr_msgs2__rosidl_typesupport_cpp.dir/rosidl_typesupport_cpp/dsr_msgs2/srv/robotiq2_f_close__type_support.cpp.o[0m
[23.766s] [ 34%] [32mBuilding CXX object CMakeFiles/dsr_msgs2__rosidl_typesupport_cpp.dir/rosidl_typesupport_cpp/dsr_msgs2/srv/robotiq2_f_open__type_support.cpp.o[0m
[23.768s] [ 34%] [32mBuilding CXX object CMakeFiles/dsr_msgs2__rosidl_typesupport_c.dir/rosidl_typesupport_c/dsr_msgs2/srv/get_workpiece_weight__type_support.cpp.o[0m
[23.800s] [ 34%] [32mBuilding CXX object CMakeFiles/dsr_msgs2__rosidl_typesupport_c.dir/rosidl_typesupport_c/dsr_msgs2/srv/reset_workpiece_weight__type_support.cpp.o[0m
[23.802s] [ 34%] [32mBuilding CXX object CMakeFiles/dsr_msgs2__rosidl_typesupport_c.dir/rosidl_typesupport_c/dsr_msgs2/srv/config_create_tool__type_support.cpp.o[0m
[23.812s] [ 34%] [32mBuilding CXX object CMakeFiles/dsr_msgs2__rosidl_typesupport_cpp.dir/rosidl_typesupport_cpp/dsr_msgs2/srv/robotiq2_f_move__type_support.cpp.o[0m
[23.832s] [ 34%] [32mBuilding CXX object CMakeFiles/dsr_msgs2__rosidl_typesupport_cpp.dir/rosidl_typesupport_cpp/dsr_msgs2/srv/serial_send_data__type_support.cpp.o[0m
[23.834s] [ 34%] [32mBuilding CXX object CMakeFiles/dsr_msgs2__rosidl_typesupport_c.dir/rosidl_typesupport_c/dsr_msgs2/srv/config_delete_tool__type_support.cpp.o[0m
[23.872s] [ 34%] [32mBuilding CXX object CMakeFiles/dsr_msgs2__rosidl_typesupport_c.dir/rosidl_typesupport_c/dsr_msgs2/srv/set_current_tool__type_support.cpp.o[0m
[23.885s] [ 34%] [32mBuilding CXX object CMakeFiles/dsr_msgs2__rosidl_typesupport_c.dir/rosidl_typesupport_c/dsr_msgs2/srv/get_current_tool__type_support.cpp.o[0m
[23.890s] [ 34%] [32mBuilding CXX object CMakeFiles/dsr_msgs2__rosidl_typesupport_c.dir/rosidl_typesupport_c/dsr_msgs2/srv/set_tool_shape__type_support.cpp.o[0m
[23.901s] [ 34%] [32mBuilding CXX object CMakeFiles/dsr_msgs2__rosidl_typesupport_c.dir/rosidl_typesupport_c/dsr_msgs2/srv/config_create_tcp__type_support.cpp.o[0m
[23.920s] [ 34%] [32mBuilding CXX object CMakeFiles/dsr_msgs2__rosidl_typesupport_c.dir/rosidl_typesupport_c/dsr_msgs2/srv/config_delete_tcp__type_support.cpp.o[0m
[23.928s] [ 34%] [32mBuilding CXX object CMakeFiles/dsr_msgs2__rosidl_typesupport_c.dir/rosidl_typesupport_c/dsr_msgs2/srv/set_current_tcp__type_support.cpp.o[0m
[23.933s] [ 35%] [32mBuilding CXX object CMakeFiles/dsr_msgs2__rosidl_typesupport_c.dir/rosidl_typesupport_c/dsr_msgs2/srv/get_current_tcp__type_support.cpp.o[0m
[23.936s] [ 35%] [32mBuilding CXX object CMakeFiles/dsr_msgs2__rosidl_typesupport_cpp.dir/rosidl_typesupport_cpp/dsr_msgs2/srv/connect_rt_control__type_support.cpp.o[0m
[23.960s] [ 35%] [32mBuilding CXX object CMakeFiles/dsr_msgs2__rosidl_typesupport_c.dir/rosidl_typesupport_c/dsr_msgs2/srv/set_tool_digital_output__type_support.cpp.o[0m
[23.961s] [ 35%] [32mBuilding CXX object CMakeFiles/dsr_msgs2__rosidl_typesupport_cpp.dir/rosidl_typesupport_cpp/dsr_msgs2/srv/disconnect_rt_control__type_support.cpp.o[0m
[23.962s] [ 35%] [32mBuilding CXX object CMakeFiles/dsr_msgs2__rosidl_typesupport_cpp.dir/rosidl_typesupport_cpp/dsr_msgs2/srv/get_rt_control_input_data_list__type_support.cpp.o[0m
[23.963s] [ 35%] [32mBuilding CXX object CMakeFiles/dsr_msgs2__rosidl_typesupport_c.dir/rosidl_typesupport_c/dsr_msgs2/srv/get_tool_digital_output__type_support.cpp.o[0m
[23.965s] [ 35%] [32mBuilding CXX object CMakeFiles/dsr_msgs2__rosidl_typesupport_cpp.dir/rosidl_typesupport_cpp/dsr_msgs2/srv/get_rt_control_input_version_list__type_support.cpp.o[0m
[23.983s] [ 35%] [32mBuilding CXX object CMakeFiles/dsr_msgs2__rosidl_typesupport_cpp.dir/rosidl_typesupport_cpp/dsr_msgs2/srv/get_rt_control_output_data_list__type_support.cpp.o[0m
[24.016s] [ 35%] [32mBuilding CXX object CMakeFiles/dsr_msgs2__rosidl_typesupport_c.dir/rosidl_typesupport_c/dsr_msgs2/srv/get_tool_digital_input__type_support.cpp.o[0m
[24.033s] [ 35%] [32mBuilding CXX object CMakeFiles/dsr_msgs2__rosidl_typesupport_c.dir/rosidl_typesupport_c/dsr_msgs2/srv/set_ctrl_box_digital_output__type_support.cpp.o[0m
[24.039s] [ 36%] [32mBuilding CXX object CMakeFiles/dsr_msgs2__rosidl_typesupport_cpp.dir/rosidl_typesupport_cpp/dsr_msgs2/srv/get_rt_control_output_version_list__type_support.cpp.o[0m
[24.072s] [ 36%] [32mBuilding CXX object CMakeFiles/dsr_msgs2__rosidl_typesupport_c.dir/rosidl_typesupport_c/dsr_msgs2/srv/get_ctrl_box_digital_output__type_support.cpp.o[0m
[24.075s] [ 36%] [32mBuilding CXX object CMakeFiles/dsr_msgs2__rosidl_typesupport_cpp.dir/rosidl_typesupport_cpp/dsr_msgs2/srv/read_data_rt__type_support.cpp.o[0m
[24.080s] [ 36%] [32mBuilding CXX object CMakeFiles/dsr_msgs2__rosidl_typesupport_c.dir/rosidl_typesupport_c/dsr_msgs2/srv/get_ctrl_box_digital_input__type_support.cpp.o[0m
[24.083s] [ 36%] [32mBuilding CXX object CMakeFiles/dsr_msgs2__rosidl_typesupport_c.dir/rosidl_typesupport_c/dsr_msgs2/srv/set_ctrl_box_analog_input_type__type_support.cpp.o[0m
[24.113s] [ 36%] [32mBuilding CXX object CMakeFiles/dsr_msgs2__rosidl_typesupport_cpp.dir/rosidl_typesupport_cpp/dsr_msgs2/srv/set_accj_rt__type_support.cpp.o[0m
[24.117s] [ 36%] [32mBuilding CXX object CMakeFiles/dsr_msgs2__rosidl_typesupport_c.dir/rosidl_typesupport_c/dsr_msgs2/srv/set_ctrl_box_analog_output_type__type_support.cpp.o[0m
[24.117s] [ 36%] [32mBuilding CXX object CMakeFiles/dsr_msgs2__rosidl_typesupport_cpp.dir/rosidl_typesupport_cpp/dsr_msgs2/srv/set_accx_rt__type_support.cpp.o[0m
[24.121s] [ 36%] [32mBuilding CXX object CMakeFiles/dsr_msgs2__rosidl_typesupport_cpp.dir/rosidl_typesupport_cpp/dsr_msgs2/srv/set_rt_control_input__type_support.cpp.o[0m
[24.122s] [ 36%] [32mBuilding CXX object CMakeFiles/dsr_msgs2__rosidl_typesupport_cpp.dir/rosidl_typesupport_cpp/dsr_msgs2/srv/set_rt_control_output__type_support.cpp.o[0m
[24.154s] [ 36%] [32mBuilding CXX object CMakeFiles/dsr_msgs2__rosidl_typesupport_c.dir/rosidl_typesupport_c/dsr_msgs2/srv/set_ctrl_box_analog_output__type_support.cpp.o[0m
[24.187s] [ 36%] [32mBuilding CXX object CMakeFiles/dsr_msgs2__rosidl_typesupport_c.dir/rosidl_typesupport_c/dsr_msgs2/srv/get_ctrl_box_analog_input__type_support.cpp.o[0m
[24.191s] [ 36%] [32mBuilding CXX object CMakeFiles/dsr_msgs2__rosidl_typesupport_cpp.dir/rosidl_typesupport_cpp/dsr_msgs2/srv/set_velj_rt__type_support.cpp.o[0m
[24.227s] [ 36%] [32mBuilding CXX object CMakeFiles/dsr_msgs2__rosidl_typesupport_c.dir/rosidl_typesupport_c/dsr_msgs2/srv/config_create_modbus__type_support.cpp.o[0m
[24.230s] [ 37%] [32mBuilding CXX object CMakeFiles/dsr_msgs2__rosidl_typesupport_c.dir/rosidl_typesupport_c/dsr_msgs2/srv/config_delete_modbus__type_support.cpp.o[0m
[24.232s] [ 37%] [32mBuilding CXX object CMakeFiles/dsr_msgs2__rosidl_typesupport_c.dir/rosidl_typesupport_c/dsr_msgs2/srv/set_modbus_output__type_support.cpp.o[0m
[24.238s] [ 37%] [32mBuilding CXX object CMakeFiles/dsr_msgs2__rosidl_typesupport_cpp.dir/rosidl_typesupport_cpp/dsr_msgs2/srv/set_velx_rt__type_support.cpp.o[0m
[24.264s] [ 37%] [32mBuilding CXX object CMakeFiles/dsr_msgs2__rosidl_typesupport_cpp.dir/rosidl_typesupport_cpp/dsr_msgs2/srv/start_rt_control__type_support.cpp.o[0m
[24.264s] [ 37%] [32mBuilding CXX object CMakeFiles/dsr_msgs2__rosidl_typesupport_c.dir/rosidl_typesupport_c/dsr_msgs2/srv/get_modbus_input__type_support.cpp.o[0m
[24.270s] [ 37%] [32mBuilding CXX object CMakeFiles/dsr_msgs2__rosidl_typesupport_cpp.dir/rosidl_typesupport_cpp/dsr_msgs2/srv/stop_rt_control__type_support.cpp.o[0m
[24.298s] [ 37%] [32mBuilding CXX object CMakeFiles/dsr_msgs2__rosidl_typesupport_c.dir/rosidl_typesupport_c/dsr_msgs2/srv/drl_start__type_support.cpp.o[0m
[24.306s] [ 37%] [32mBuilding CXX object CMakeFiles/dsr_msgs2__rosidl_typesupport_cpp.dir/rosidl_typesupport_cpp/dsr_msgs2/srv/write_data_rt__type_support.cpp.o[0m
[24.329s] [ 37%] [32mBuilding CXX object CMakeFiles/dsr_msgs2__rosidl_typesupport_c.dir/rosidl_typesupport_c/dsr_msgs2/srv/drl_stop__type_support.cpp.o[0m
[24.329s] [ 37%] [32mBuilding CXX object CMakeFiles/dsr_msgs2__rosidl_typesupport_c.dir/rosidl_typesupport_c/dsr_msgs2/srv/drl_pause__type_support.cpp.o[0m
[24.364s] [ 37%] [32mBuilding CXX object CMakeFiles/dsr_msgs2__rosidl_typesupport_c.dir/rosidl_typesupport_c/dsr_msgs2/srv/drl_resume__type_support.cpp.o[0m
[24.366s] [ 37%] [32mBuilding CXX object CMakeFiles/dsr_msgs2__rosidl_typesupport_c.dir/rosidl_typesupport_c/dsr_msgs2/srv/get_drl_state__type_support.cpp.o[0m
[24.373s] [ 37%] [32mBuilding CXX object CMakeFiles/dsr_msgs2__rosidl_typesupport_c.dir/rosidl_typesupport_c/dsr_msgs2/srv/robotiq2_f_close__type_support.cpp.o[0m
[24.388s] [ 37%] [32mBuilding CXX object CMakeFiles/dsr_msgs2__rosidl_typesupport_c.dir/rosidl_typesupport_c/dsr_msgs2/srv/robotiq2_f_open__type_support.cpp.o[0m
[24.398s] [ 37%] [32mBuilding CXX object CMakeFiles/dsr_msgs2__rosidl_typesupport_c.dir/rosidl_typesupport_c/dsr_msgs2/srv/robotiq2_f_move__type_support.cpp.o[0m
[24.401s] [ 37%] [32mBuilding CXX object CMakeFiles/dsr_msgs2__rosidl_typesupport_c.dir/rosidl_typesupport_c/dsr_msgs2/srv/serial_send_data__type_support.cpp.o[0m
[24.406s] [ 38%] [32mBuilding CXX object CMakeFiles/dsr_msgs2__rosidl_typesupport_c.dir/rosidl_typesupport_c/dsr_msgs2/srv/connect_rt_control__type_support.cpp.o[0m
[24.425s] [ 38%] [32mBuilding CXX object CMakeFiles/dsr_msgs2__rosidl_typesupport_c.dir/rosidl_typesupport_c/dsr_msgs2/srv/disconnect_rt_control__type_support.cpp.o[0m
[24.431s] [ 38%] [32mBuilding CXX object CMakeFiles/dsr_msgs2__rosidl_typesupport_c.dir/rosidl_typesupport_c/dsr_msgs2/srv/get_rt_control_input_data_list__type_support.cpp.o[0m
[24.433s] [ 38%] [32mBuilding CXX object CMakeFiles/dsr_msgs2__rosidl_typesupport_c.dir/rosidl_typesupport_c/dsr_msgs2/srv/get_rt_control_input_version_list__type_support.cpp.o[0m
[24.440s] [ 38%] [32mBuilding CXX object CMakeFiles/dsr_msgs2__rosidl_typesupport_c.dir/rosidl_typesupport_c/dsr_msgs2/srv/get_rt_control_output_data_list__type_support.cpp.o[0m
[24.441s] [ 38%] [32mBuilding CXX object CMakeFiles/dsr_msgs2__rosidl_typesupport_c.dir/rosidl_typesupport_c/dsr_msgs2/srv/get_rt_control_output_version_list__type_support.cpp.o[0m
[24.460s] [ 38%] [32mBuilding CXX object CMakeFiles/dsr_msgs2__rosidl_typesupport_c.dir/rosidl_typesupport_c/dsr_msgs2/srv/read_data_rt__type_support.cpp.o[0m
[24.470s] [ 38%] [32mBuilding CXX object CMakeFiles/dsr_msgs2__rosidl_typesupport_c.dir/rosidl_typesupport_c/dsr_msgs2/srv/set_accj_rt__type_support.cpp.o[0m
[24.471s] [ 38%] [32mBuilding CXX object CMakeFiles/dsr_msgs2__rosidl_typesupport_c.dir/rosidl_typesupport_c/dsr_msgs2/srv/set_accx_rt__type_support.cpp.o[0m
[24.473s] [ 38%] [32mBuilding CXX object CMakeFiles/dsr_msgs2__rosidl_typesupport_c.dir/rosidl_typesupport_c/dsr_msgs2/srv/set_rt_control_input__type_support.cpp.o[0m
[24.475s] [ 38%] [32mBuilding CXX object CMakeFiles/dsr_msgs2__rosidl_typesupport_c.dir/rosidl_typesupport_c/dsr_msgs2/srv/set_rt_control_output__type_support.cpp.o[0m
[24.477s] [ 38%] [32mBuilding CXX object CMakeFiles/dsr_msgs2__rosidl_typesupport_c.dir/rosidl_typesupport_c/dsr_msgs2/srv/set_velj_rt__type_support.cpp.o[0m
[24.494s] [ 38%] [32mBuilding CXX object CMakeFiles/dsr_msgs2__rosidl_typesupport_c.dir/rosidl_typesupport_c/dsr_msgs2/srv/start_rt_control__type_support.cpp.o[0m
[24.494s] [ 39%] [32mBuilding CXX object CMakeFiles/dsr_msgs2__rosidl_typesupport_c.dir/rosidl_typesupport_c/dsr_msgs2/srv/set_velx_rt__type_support.cpp.o[0m
[24.500s] [ 39%] [32mBuilding CXX object CMakeFiles/dsr_msgs2__rosidl_typesupport_c.dir/rosidl_typesupport_c/dsr_msgs2/srv/stop_rt_control__type_support.cpp.o[0m
[24.502s] [ 39%] [32mBuilding CXX object CMakeFiles/dsr_msgs2__rosidl_typesupport_c.dir/rosidl_typesupport_c/dsr_msgs2/srv/write_data_rt__type_support.cpp.o[0m
[24.535s] [ 39%] [32m[1mLinking CXX shared library libdsr_msgs2__rosidl_typesupport_c.so[0m
[24.548s] [ 39%] [32mBuilding CXX object CMakeFiles/dsr_msgs2__rosidl_typesupport_introspection_cpp.dir/rosidl_typesupport_introspection_cpp/dsr_msgs2/msg/detail/log_alarm__type_support.cpp.o[0m
[24.549s] [ 39%] [32mBuilding CXX object CMakeFiles/dsr_msgs2__rosidl_typesupport_introspection_cpp.dir/rosidl_typesupport_introspection_cpp/dsr_msgs2/msg/detail/modbus_state__type_support.cpp.o[0m
[24.549s] [ 39%] [32mBuilding CXX object CMakeFiles/dsr_msgs2__rosidl_typesupport_introspection_cpp.dir/rosidl_typesupport_introspection_cpp/dsr_msgs2/msg/detail/robot_error__type_support.cpp.o[0m
[24.550s] [ 39%] [32mBuilding CXX object CMakeFiles/dsr_msgs2__rosidl_typesupport_introspection_cpp.dir/rosidl_typesupport_introspection_cpp/dsr_msgs2/msg/detail/robot_state__type_support.cpp.o[0m
[24.551s] [ 40%] [32mBuilding CXX object CMakeFiles/dsr_msgs2__rosidl_typesupport_introspection_cpp.dir/rosidl_typesupport_introspection_cpp/dsr_msgs2/msg/detail/robot_stop__type_support.cpp.o[0m
[24.556s] [ 40%] [32m[1mLinking CXX shared library libdsr_msgs2__rosidl_typesupport_cpp.so[0m
[24.556s] [ 40%] [32mBuilding CXX object CMakeFiles/dsr_msgs2__rosidl_typesupport_introspection_cpp.dir/rosidl_typesupport_introspection_cpp/dsr_msgs2/msg/detail/jog_multi_axis__type_support.cpp.o[0m
[24.568s] [ 40%] [32mBuilding CXX object CMakeFiles/dsr_msgs2__rosidl_typesupport_introspection_cpp.dir/rosidl_typesupport_introspection_cpp/dsr_msgs2/msg/detail/alter_motion_stream__type_support.cpp.o[0m
[24.571s] [ 40%] [32mBuilding CXX object CMakeFiles/dsr_msgs2__rosidl_typesupport_introspection_cpp.dir/rosidl_typesupport_introspection_cpp/dsr_msgs2/msg/detail/servoj_stream__type_support.cpp.o[0m
[24.571s] [ 40%] [32mBuilding CXX object CMakeFiles/dsr_msgs2__rosidl_typesupport_introspection_cpp.dir/rosidl_typesupport_introspection_cpp/dsr_msgs2/msg/detail/servol_stream__type_support.cpp.o[0m
[24.575s] [ 40%] [32mBuilding CXX object CMakeFiles/dsr_msgs2__rosidl_typesupport_introspection_cpp.dir/rosidl_typesupport_introspection_cpp/dsr_msgs2/msg/detail/speedj_stream__type_support.cpp.o[0m
[24.607s] [ 40%] [32mBuilding CXX object CMakeFiles/dsr_msgs2__rosidl_typesupport_introspection_cpp.dir/rosidl_typesupport_introspection_cpp/dsr_msgs2/msg/detail/speedl_stream__type_support.cpp.o[0m
[24.627s] [ 40%] Built target dsr_msgs2__rosidl_typesupport_c
[24.634s] [ 40%] Built target dsr_msgs2__rosidl_typesupport_cpp
[24.640s] [ 40%] [32mBuilding CXX object CMakeFiles/dsr_msgs2__rosidl_typesupport_introspection_cpp.dir/rosidl_typesupport_introspection_cpp/dsr_msgs2/msg/detail/robot_state_rt__type_support.cpp.o[0m
[24.641s] [ 40%] [32mBuilding CXX object CMakeFiles/dsr_msgs2__rosidl_typesupport_introspection_cpp.dir/rosidl_typesupport_introspection_cpp/dsr_msgs2/msg/detail/servoj_rt_stream__type_support.cpp.o[0m
[24.917s] [ 40%] [32mBuilding CXX object CMakeFiles/dsr_msgs2__rosidl_typesupport_introspection_cpp.dir/rosidl_typesupport_introspection_cpp/dsr_msgs2/msg/detail/servol_rt_stream__type_support.cpp.o[0m
[24.931s] [ 40%] [32mBuilding CXX object CMakeFiles/dsr_msgs2__rosidl_typesupport_introspection_cpp.dir/rosidl_typesupport_introspection_cpp/dsr_msgs2/msg/detail/speedj_rt_stream__type_support.cpp.o[0m
[24.941s] [ 41%] [32mBuilding CXX object CMakeFiles/dsr_msgs2__rosidl_typesupport_introspection_cpp.dir/rosidl_typesupport_introspection_cpp/dsr_msgs2/msg/detail/speedl_rt_stream__type_support.cpp.o[0m
[24.946s] [ 41%] [32mBuilding CXX object CMakeFiles/dsr_msgs2__rosidl_typesupport_introspection_cpp.dir/rosidl_typesupport_introspection_cpp/dsr_msgs2/msg/detail/torque_rt_stream__type_support.cpp.o[0m
[24.952s] [ 41%] [32mBuilding CXX object CMakeFiles/dsr_msgs2__rosidl_typesupport_introspection_cpp.dir/rosidl_typesupport_introspection_cpp/dsr_msgs2/srv/detail/set_robot_mode__type_support.cpp.o[0m
[24.990s] [ 41%] [32mBuilding CXX object CMakeFiles/dsr_msgs2__rosidl_typesupport_introspection_cpp.dir/rosidl_typesupport_introspection_cpp/dsr_msgs2/srv/detail/get_robot_mode__type_support.cpp.o[0m
[25.005s] [ 41%] [32mBuilding CXX object CMakeFiles/dsr_msgs2__rosidl_typesupport_introspection_cpp.dir/rosidl_typesupport_introspection_cpp/dsr_msgs2/srv/detail/set_robot_system__type_support.cpp.o[0m
[25.022s] [ 41%] [32mBuilding CXX object CMakeFiles/dsr_msgs2__rosidl_typesupport_introspection_cpp.dir/rosidl_typesupport_introspection_cpp/dsr_msgs2/srv/detail/get_robot_system__type_support.cpp.o[0m
[25.036s] [ 41%] [32mBuilding CXX object CMakeFiles/dsr_msgs2__rosidl_typesupport_introspection_cpp.dir/rosidl_typesupport_introspection_cpp/dsr_msgs2/srv/detail/set_robot_speed_mode__type_support.cpp.o[0m
[25.036s] [ 41%] [32mBuilding CXX object CMakeFiles/dsr_msgs2__rosidl_typesupport_introspection_cpp.dir/rosidl_typesupport_introspection_cpp/dsr_msgs2/srv/detail/get_robot_speed_mode__type_support.cpp.o[0m
[25.061s] [ 41%] [32mBuilding CXX object CMakeFiles/dsr_msgs2__rosidl_typesupport_introspection_cpp.dir/rosidl_typesupport_introspection_cpp/dsr_msgs2/srv/detail/get_current_pose__type_support.cpp.o[0m
[25.261s] [ 41%] [32mBuilding CXX object CMakeFiles/dsr_msgs2__rosidl_typesupport_introspection_cpp.dir/rosidl_typesupport_introspection_cpp/dsr_msgs2/srv/detail/set_safe_stop_reset_type__type_support.cpp.o[0m
[25.315s] [ 41%] [32mBuilding CXX object CMakeFiles/dsr_msgs2__rosidl_typesupport_introspection_cpp.dir/rosidl_typesupport_introspection_cpp/dsr_msgs2/srv/detail/get_last_alarm__type_support.cpp.o[0m
[25.324s] [ 41%] [32mBuilding CXX object CMakeFiles/dsr_msgs2__rosidl_typesupport_introspection_cpp.dir/rosidl_typesupport_introspection_cpp/dsr_msgs2/srv/detail/get_robot_state__type_support.cpp.o[0m
[25.330s] [ 42%] [32mBuilding CXX object CMakeFiles/dsr_msgs2__rosidl_typesupport_introspection_cpp.dir/rosidl_typesupport_introspection_cpp/dsr_msgs2/srv/detail/servo_off__type_support.cpp.o[0m
[25.343s] [ 42%] [32mBuilding CXX object CMakeFiles/dsr_msgs2__rosidl_typesupport_introspection_cpp.dir/rosidl_typesupport_introspection_cpp/dsr_msgs2/srv/detail/set_robot_control__type_support.cpp.o[0m
[25.355s] [ 42%] [32mBuilding CXX object CMakeFiles/dsr_msgs2__rosidl_typesupport_introspection_cpp.dir/rosidl_typesupport_introspection_cpp/dsr_msgs2/srv/detail/change_collision_sensitivity__type_support.cpp.o[0m
[25.380s] [ 42%] [32mBuilding CXX object CMakeFiles/dsr_msgs2__rosidl_typesupport_introspection_cpp.dir/rosidl_typesupport_introspection_cpp/dsr_msgs2/srv/detail/set_safety_mode__type_support.cpp.o[0m
[25.407s] [ 42%] [32mBuilding CXX object CMakeFiles/dsr_msgs2__rosidl_typesupport_introspection_cpp.dir/rosidl_typesupport_introspection_cpp/dsr_msgs2/srv/detail/move_joint__type_support.cpp.o[0m
[25.435s] [ 42%] [32mBuilding CXX object CMakeFiles/dsr_msgs2__rosidl_typesupport_introspection_cpp.dir/rosidl_typesupport_introspection_cpp/dsr_msgs2/srv/detail/move_line__type_support.cpp.o[0m
[25.438s] [ 42%] [32mBuilding CXX object CMakeFiles/dsr_msgs2__rosidl_typesupport_introspection_cpp.dir/rosidl_typesupport_introspection_cpp/dsr_msgs2/srv/detail/move_jointx__type_support.cpp.o[0m
[25.444s] [ 42%] [32mBuilding CXX object CMakeFiles/dsr_msgs2__rosidl_typesupport_introspection_cpp.dir/rosidl_typesupport_introspection_cpp/dsr_msgs2/srv/detail/move_circle__type_support.cpp.o[0m
[25.513s] [ 42%] [32mBuilding CXX object CMakeFiles/dsr_msgs2__rosidl_typesupport_introspection_cpp.dir/rosidl_typesupport_introspection_cpp/dsr_msgs2/srv/detail/move_spline_joint__type_support.cpp.o[0m
[25.550s] [ 42%] [32mBuilding CXX object CMakeFiles/dsr_msgs2__rosidl_typesupport_introspection_cpp.dir/rosidl_typesupport_introspection_cpp/dsr_msgs2/srv/detail/move_spline_task__type_support.cpp.o[0m
[25.635s] [ 42%] [32mBuilding CXX object CMakeFiles/dsr_msgs2__rosidl_typesupport_introspection_cpp.dir/rosidl_typesupport_introspection_cpp/dsr_msgs2/srv/detail/move_blending__type_support.cpp.o[0m
[25.712s] [ 42%] [32mBuilding CXX object CMakeFiles/dsr_msgs2__rosidl_typesupport_introspection_cpp.dir/rosidl_typesupport_introspection_cpp/dsr_msgs2/srv/detail/move_spiral__type_support.cpp.o[0m
[25.714s] [ 43%] [32mBuilding CXX object CMakeFiles/dsr_msgs2__rosidl_typesupport_introspection_cpp.dir/rosidl_typesupport_introspection_cpp/dsr_msgs2/srv/detail/move_periodic__type_support.cpp.o[0m
[25.716s] [ 43%] [32mBuilding CXX object CMakeFiles/dsr_msgs2__rosidl_typesupport_introspection_cpp.dir/rosidl_typesupport_introspection_cpp/dsr_msgs2/srv/detail/move_wait__type_support.cpp.o[0m
[25.726s] [ 43%] [32mBuilding CXX object CMakeFiles/dsr_msgs2__rosidl_typesupport_introspection_cpp.dir/rosidl_typesupport_introspection_cpp/dsr_msgs2/srv/detail/jog__type_support.cpp.o[0m
[25.782s] [ 43%] [32mBuilding CXX object CMakeFiles/dsr_msgs2__rosidl_typesupport_introspection_cpp.dir/rosidl_typesupport_introspection_cpp/dsr_msgs2/srv/detail/jog_multi__type_support.cpp.o[0m
[25.793s] [ 43%] [32mBuilding CXX object CMakeFiles/dsr_msgs2__rosidl_typesupport_introspection_cpp.dir/rosidl_typesupport_introspection_cpp/dsr_msgs2/srv/detail/move_stop__type_support.cpp.o[0m
[25.807s] [ 43%] [32mBuilding CXX object CMakeFiles/dsr_msgs2__rosidl_typesupport_introspection_cpp.dir/rosidl_typesupport_introspection_cpp/dsr_msgs2/srv/detail/move_pause__type_support.cpp.o[0m
[25.881s] [ 43%] [32mBuilding CXX object CMakeFiles/dsr_msgs2__rosidl_typesupport_introspection_cpp.dir/rosidl_typesupport_introspection_cpp/dsr_msgs2/srv/detail/move_resume__type_support.cpp.o[0m
[25.947s] [ 43%] [32mBuilding CXX object CMakeFiles/dsr_msgs2__rosidl_typesupport_introspection_cpp.dir/rosidl_typesupport_introspection_cpp/dsr_msgs2/srv/detail/trans__type_support.cpp.o[0m
[25.994s] [ 43%] [32mBuilding CXX object CMakeFiles/dsr_msgs2__rosidl_typesupport_introspection_cpp.dir/rosidl_typesupport_introspection_cpp/dsr_msgs2/srv/detail/fkin__type_support.cpp.o[0m
[26.007s] [ 43%] [32mBuilding C object CMakeFiles/dsr_msgs2__rosidl_typesupport_introspection_c.dir/rosidl_typesupport_introspection_c/dsr_msgs2/msg/detail/log_alarm__type_support.c.o[0m
[26.049s] [ 43%] [32mBuilding C object CMakeFiles/dsr_msgs2__rosidl_typesupport_introspection_c.dir/rosidl_typesupport_introspection_c/dsr_msgs2/msg/detail/modbus_state__type_support.c.o[0m
[26.080s] [ 43%] [32mBuilding C object CMakeFiles/dsr_msgs2__rosidl_typesupport_introspection_c.dir/rosidl_typesupport_introspection_c/dsr_msgs2/msg/detail/robot_error__type_support.c.o[0m
[26.083s] [ 43%] [32mBuilding C object CMakeFiles/dsr_msgs2__rosidl_typesupport_introspection_c.dir/rosidl_typesupport_introspection_c/dsr_msgs2/msg/detail/robot_state__type_support.c.o[0m
[26.087s] [ 43%] [32mBuilding C object CMakeFiles/dsr_msgs2__rosidl_typesupport_introspection_c.dir/rosidl_typesupport_introspection_c/dsr_msgs2/msg/detail/robot_stop__type_support.c.o[0m
[26.090s] [ 43%] [32mBuilding C object CMakeFiles/dsr_msgs2__rosidl_typesupport_introspection_c.dir/rosidl_typesupport_introspection_c/dsr_msgs2/msg/detail/jog_multi_axis__type_support.c.o[0m
[26.122s] [ 43%] [32mBuilding CXX object CMakeFiles/dsr_msgs2__rosidl_typesupport_introspection_cpp.dir/rosidl_typesupport_introspection_cpp/dsr_msgs2/srv/detail/ikin__type_support.cpp.o[0m
[26.134s] [ 43%] [32mBuilding CXX object CMakeFiles/dsr_msgs2__rosidl_typesupport_introspection_cpp.dir/rosidl_typesupport_introspection_cpp/dsr_msgs2/srv/detail/set_ref_coord__type_support.cpp.o[0m
[26.134s] [ 43%] [32mBuilding C object CMakeFiles/dsr_msgs2__rosidl_typesupport_introspection_c.dir/rosidl_typesupport_introspection_c/dsr_msgs2/msg/detail/alter_motion_stream__type_support.c.o[0m
[26.159s] [ 43%] [32mBuilding CXX object CMakeFiles/dsr_msgs2__rosidl_typesupport_introspection_cpp.dir/rosidl_typesupport_introspection_cpp/dsr_msgs2/srv/detail/move_home__type_support.cpp.o[0m
[26.166s] [ 44%] [32mBuilding CXX object CMakeFiles/dsr_msgs2__rosidl_typesupport_introspection_cpp.dir/rosidl_typesupport_introspection_cpp/dsr_msgs2/srv/detail/check_motion__type_support.cpp.o[0m
[26.166s] [ 44%] [32mBuilding CXX object CMakeFiles/dsr_msgs2__rosidl_typesupport_introspection_cpp.dir/rosidl_typesupport_introspection_cpp/dsr_msgs2/srv/detail/change_operation_speed__type_support.cpp.o[0m
[26.181s] [ 44%] [32mBuilding CXX object CMakeFiles/dsr_msgs2__rosidl_typesupport_introspection_cpp.dir/rosidl_typesupport_introspection_cpp/dsr_msgs2/srv/detail/enable_alter_motion__type_support.cpp.o[0m
[26.185s] [ 44%] [32mBuilding C object CMakeFiles/dsr_msgs2__rosidl_typesupport_introspection_c.dir/rosidl_typesupport_introspection_c/dsr_msgs2/msg/detail/servoj_stream__type_support.c.o[0m
[26.199s] [ 44%] [32mBuilding C object CMakeFiles/dsr_msgs2__rosidl_typesupport_introspection_c.dir/rosidl_typesupport_introspection_c/dsr_msgs2/msg/detail/servol_stream__type_support.c.o[0m
[26.222s] [ 44%] [32mBuilding C object CMakeFiles/dsr_msgs2__rosidl_typesupport_introspection_c.dir/rosidl_typesupport_introspection_c/dsr_msgs2/msg/detail/speedj_stream__type_support.c.o[0m
[26.222s] [ 44%] [32mBuilding CXX object CMakeFiles/dsr_msgs2__rosidl_typesupport_introspection_cpp.dir/rosidl_typesupport_introspection_cpp/dsr_msgs2/srv/detail/alter_motion__type_support.cpp.o[0m
[26.223s] [ 44%] [32mBuilding CXX object CMakeFiles/dsr_msgs2__rosidl_typesupport_introspection_cpp.dir/rosidl_typesupport_introspection_cpp/dsr_msgs2/srv/detail/disable_alter_motion__type_support.cpp.o[0m
[26.262s] [ 44%] [32mBuilding CXX object CMakeFiles/dsr_msgs2__rosidl_typesupport_introspection_cpp.dir/rosidl_typesupport_introspection_cpp/dsr_msgs2/srv/detail/set_singularity_handling__type_support.cpp.o[0m
[26.266s] [ 44%] [32mBuilding CXX object CMakeFiles/dsr_msgs2__rosidl_typesupport_introspection_cpp.dir/rosidl_typesupport_introspection_cpp/dsr_msgs2/srv/detail/get_control_mode__type_support.cpp.o[0m
[26.270s] [ 44%] [32mBuilding C object CMakeFiles/dsr_msgs2__rosidl_typesupport_introspection_c.dir/rosidl_typesupport_introspection_c/dsr_msgs2/msg/detail/speedl_stream__type_support.c.o[0m
[26.280s] [ 45%] [32mBuilding C object CMakeFiles/dsr_msgs2__rosidl_typesupport_introspection_c.dir/rosidl_typesupport_introspection_c/dsr_msgs2/msg/detail/robot_state_rt__type_support.c.o[0m
[26.335s] [ 45%] [32mBuilding C object CMakeFiles/dsr_msgs2__rosidl_typesupport_introspection_c.dir/rosidl_typesupport_introspection_c/dsr_msgs2/msg/detail/servoj_rt_stream__type_support.c.o[0m
[26.343s] [ 45%] [32mBuilding CXX object CMakeFiles/dsr_msgs2__rosidl_typesupport_introspection_cpp.dir/rosidl_typesupport_introspection_cpp/dsr_msgs2/srv/detail/get_control_space__type_support.cpp.o[0m
[26.385s] [ 45%] [32mBuilding CXX object CMakeFiles/dsr_msgs2__rosidl_typesupport_introspection_cpp.dir/rosidl_typesupport_introspection_cpp/dsr_msgs2/srv/detail/get_current_posj__type_support.cpp.o[0m
[26.396s] [ 45%] [32mBuilding C object CMakeFiles/dsr_msgs2__rosidl_typesupport_introspection_c.dir/rosidl_typesupport_introspection_c/dsr_msgs2/msg/detail/servol_rt_stream__type_support.c.o[0m
[26.447s] [ 45%] [32mBuilding C object CMakeFiles/dsr_msgs2__rosidl_typesupport_introspection_c.dir/rosidl_typesupport_introspection_c/dsr_msgs2/msg/detail/speedl_rt_stream__type_support.c.o[0m
[26.448s] [ 45%] [32mBuilding C object CMakeFiles/dsr_msgs2__rosidl_typesupport_introspection_c.dir/rosidl_typesupport_introspection_c/dsr_msgs2/msg/detail/speedj_rt_stream__type_support.c.o[0m
[26.483s] [ 45%] [32mBuilding C object CMakeFiles/dsr_msgs2__rosidl_typesupport_introspection_c.dir/rosidl_typesupport_introspection_c/dsr_msgs2/msg/detail/torque_rt_stream__type_support.c.o[0m
[26.495s] [ 45%] [32mBuilding CXX object CMakeFiles/dsr_msgs2__rosidl_typesupport_introspection_cpp.dir/rosidl_typesupport_introspection_cpp/dsr_msgs2/srv/detail/get_desired_posj__type_support.cpp.o[0m
[26.499s] [ 45%] [32mBuilding CXX object CMakeFiles/dsr_msgs2__rosidl_typesupport_introspection_cpp.dir/rosidl_typesupport_introspection_cpp/dsr_msgs2/srv/detail/get_current_velj__type_support.cpp.o[0m
[26.513s] [ 45%] [32mBuilding C object CMakeFiles/dsr_msgs2__rosidl_typesupport_introspection_c.dir/rosidl_typesupport_introspection_c/dsr_msgs2/srv/detail/set_robot_mode__type_support.c.o[0m
[26.516s] [ 45%] [32mBuilding CXX object CMakeFiles/dsr_msgs2__rosidl_typesupport_introspection_cpp.dir/rosidl_typesupport_introspection_cpp/dsr_msgs2/srv/detail/get_desired_velj__type_support.cpp.o[0m
[26.544s] [ 45%] [32mBuilding C object CMakeFiles/dsr_msgs2__rosidl_typesupport_introspection_c.dir/rosidl_typesupport_introspection_c/dsr_msgs2/srv/detail/get_robot_mode__type_support.c.o[0m
[26.546s] [ 46%] [32mBuilding CXX object CMakeFiles/dsr_msgs2__rosidl_typesupport_introspection_cpp.dir/rosidl_typesupport_introspection_cpp/dsr_msgs2/srv/detail/get_current_posx__type_support.cpp.o[0m
[26.559s] [ 46%] [32mBuilding C object CMakeFiles/dsr_msgs2__rosidl_typesupport_introspection_c.dir/rosidl_typesupport_introspection_c/dsr_msgs2/srv/detail/set_robot_system__type_support.c.o[0m
[26.567s] [ 46%] [32mBuilding C object CMakeFiles/dsr_msgs2__rosidl_typesupport_introspection_c.dir/rosidl_typesupport_introspection_c/dsr_msgs2/srv/detail/get_robot_system__type_support.c.o[0m
[26.583s] [ 46%] [32mBuilding CXX object CMakeFiles/dsr_msgs2__rosidl_typesupport_introspection_cpp.dir/rosidl_typesupport_introspection_cpp/dsr_msgs2/srv/detail/get_current_tool_flange_posx__type_support.cpp.o[0m
[26.601s] [ 46%] [32mBuilding CXX object CMakeFiles/dsr_msgs2__rosidl_typesupport_introspection_cpp.dir/rosidl_typesupport_introspection_cpp/dsr_msgs2/srv/detail/get_desired_posx__type_support.cpp.o[0m
[26.601s] [ 46%] [32mBuilding CXX object CMakeFiles/dsr_msgs2__rosidl_typesupport_introspection_cpp.dir/rosidl_typesupport_introspection_cpp/dsr_msgs2/srv/detail/get_current_velx__type_support.cpp.o[0m
[26.607s] [ 46%] [32mBuilding C object CMakeFiles/dsr_msgs2__rosidl_typesupport_introspection_c.dir/rosidl_typesupport_introspection_c/dsr_msgs2/srv/detail/set_robot_speed_mode__type_support.c.o[0m
[26.638s] [ 46%] [32mBuilding C object CMakeFiles/dsr_msgs2__rosidl_typesupport_introspection_c.dir/rosidl_typesupport_introspection_c/dsr_msgs2/srv/detail/get_robot_speed_mode__type_support.c.o[0m
[26.649s] [ 47%] [32mBuilding C object CMakeFiles/dsr_msgs2__rosidl_typesupport_introspection_c.dir/rosidl_typesupport_introspection_c/dsr_msgs2/srv/detail/get_current_pose__type_support.c.o[0m
[26.654s] [ 47%] [32mBuilding C object CMakeFiles/dsr_msgs2__rosidl_typesupport_introspection_c.dir/rosidl_typesupport_introspection_c/dsr_msgs2/srv/detail/set_safe_stop_reset_type__type_support.c.o[0m
[26.671s] [ 47%] [32mBuilding CXX object CMakeFiles/dsr_msgs2__rosidl_typesupport_introspection_cpp.dir/rosidl_typesupport_introspection_cpp/dsr_msgs2/srv/detail/get_desired_velx__type_support.cpp.o[0m
[26.676s] [ 47%] [32mBuilding CXX object CMakeFiles/dsr_msgs2__rosidl_typesupport_introspection_cpp.dir/rosidl_typesupport_introspection_cpp/dsr_msgs2/srv/detail/get_current_solution_space__type_support.cpp.o[0m
[26.686s] [ 47%] [32mBuilding CXX object CMakeFiles/dsr_msgs2__rosidl_typesupport_introspection_cpp.dir/rosidl_typesupport_introspection_cpp/dsr_msgs2/srv/detail/get_current_rotm__type_support.cpp.o[0m
[26.693s] [ 47%] [32mBuilding C object CMakeFiles/dsr_msgs2__rosidl_typesupport_introspection_c.dir/rosidl_typesupport_introspection_c/dsr_msgs2/srv/detail/get_last_alarm__type_support.c.o[0m
[26.710s] [ 47%] [32mBuilding C object CMakeFiles/dsr_msgs2__rosidl_typesupport_introspection_c.dir/rosidl_typesupport_introspection_c/dsr_msgs2/srv/detail/get_robot_state__type_support.c.o[0m
[26.717s] [ 47%] [32mBuilding CXX object CMakeFiles/dsr_msgs2__rosidl_typesupport_introspection_cpp.dir/rosidl_typesupport_introspection_cpp/dsr_msgs2/srv/detail/get_joint_torque__type_support.cpp.o[0m
[26.736s] [ 47%] [32mBuilding CXX object CMakeFiles/dsr_msgs2__rosidl_typesupport_introspection_cpp.dir/rosidl_typesupport_introspection_cpp/dsr_msgs2/srv/detail/get_external_torque__type_support.cpp.o[0m
[26.741s] [ 47%] [32mBuilding C object CMakeFiles/dsr_msgs2__rosidl_typesupport_introspection_c.dir/rosidl_typesupport_introspection_c/dsr_msgs2/srv/detail/servo_off__type_support.c.o[0m
[26.773s] [ 47%] [32mBuilding C object CMakeFiles/dsr_msgs2__rosidl_typesupport_introspection_c.dir/rosidl_typesupport_introspection_c/dsr_msgs2/srv/detail/set_robot_control__type_support.c.o[0m
[26.788s] [ 47%] [32mBuilding C object CMakeFiles/dsr_msgs2__rosidl_typesupport_introspection_c.dir/rosidl_typesupport_introspection_c/dsr_msgs2/srv/detail/change_collision_sensitivity__type_support.c.o[0m
[26.808s] [ 47%] [32mBuilding CXX object CMakeFiles/dsr_msgs2__rosidl_typesupport_introspection_cpp.dir/rosidl_typesupport_introspection_cpp/dsr_msgs2/srv/detail/get_tool_force__type_support.cpp.o[0m
[26.818s] [ 47%] [32mBuilding C object CMakeFiles/dsr_msgs2__rosidl_typesupport_introspection_c.dir/rosidl_typesupport_introspection_c/dsr_msgs2/srv/detail/set_safety_mode__type_support.c.o[0m
[26.850s] [ 47%] [32mBuilding C object CMakeFiles/dsr_msgs2__rosidl_typesupport_introspection_c.dir/rosidl_typesupport_introspection_c/dsr_msgs2/srv/detail/move_joint__type_support.c.o[0m
[26.885s] [ 47%] [32mBuilding C object CMakeFiles/dsr_msgs2__rosidl_typesupport_introspection_c.dir/rosidl_typesupport_introspection_c/dsr_msgs2/srv/detail/move_line__type_support.c.o[0m
[26.903s] [ 47%] [32mBuilding C object CMakeFiles/dsr_msgs2__rosidl_typesupport_introspection_c.dir/rosidl_typesupport_introspection_c/dsr_msgs2/srv/detail/move_jointx__type_support.c.o[0m
[26.904s] [ 47%] [32mBuilding CXX object CMakeFiles/dsr_msgs2__rosidl_typesupport_introspection_cpp.dir/rosidl_typesupport_introspection_cpp/dsr_msgs2/srv/detail/get_solution_space__type_support.cpp.o[0m
[26.924s] [ 47%] [32mBuilding CXX object CMakeFiles/dsr_msgs2__rosidl_typesupport_introspection_cpp.dir/rosidl_typesupport_introspection_cpp/dsr_msgs2/srv/detail/get_orientation_error__type_support.cpp.o[0m
[26.952s] [ 48%] [32mBuilding C object CMakeFiles/dsr_msgs2__rosidl_typesupport_introspection_c.dir/rosidl_typesupport_introspection_c/dsr_msgs2/srv/detail/move_circle__type_support.c.o[0m
[26.957s] [ 48%] [32mBuilding C object CMakeFiles/dsr_msgs2__rosidl_typesupport_introspection_c.dir/rosidl_typesupport_introspection_c/dsr_msgs2/srv/detail/move_spline_joint__type_support.c.o[0m
[26.980s] [ 48%] [32mBuilding CXX object CMakeFiles/dsr_msgs2__rosidl_typesupport_fastrtps_cpp.dir/rosidl_typesupport_fastrtps_cpp/dsr_msgs2/msg/detail/dds_fastrtps/log_alarm__type_support.cpp.o[0m
[26.992s] [ 48%] [32mBuilding CXX object CMakeFiles/dsr_msgs2__rosidl_typesupport_fastrtps_cpp.dir/rosidl_typesupport_fastrtps_cpp/dsr_msgs2/msg/detail/dds_fastrtps/modbus_state__type_support.cpp.o[0m
[26.995s] [ 48%] [32mBuilding CXX object CMakeFiles/dsr_msgs2__rosidl_typesupport_fastrtps_cpp.dir/rosidl_typesupport_fastrtps_cpp/dsr_msgs2/msg/detail/dds_fastrtps/robot_error__type_support.cpp.o[0m
[26.995s] [ 49%] [32mBuilding CXX object CMakeFiles/dsr_msgs2__rosidl_typesupport_introspection_cpp.dir/rosidl_typesupport_introspection_cpp/dsr_msgs2/srv/detail/parallel_axis1__type_support.cpp.o[0m
[27.010s] [ 49%] [32mBuilding C object CMakeFiles/dsr_msgs2__rosidl_typesupport_introspection_c.dir/rosidl_typesupport_introspection_c/dsr_msgs2/srv/detail/move_spline_task__type_support.c.o[0m
[27.051s] [ 49%] [32mBuilding C object CMakeFiles/dsr_msgs2__rosidl_typesupport_introspection_c.dir/rosidl_typesupport_introspection_c/dsr_msgs2/srv/detail/move_blending__type_support.c.o[0m
[27.065s] [ 49%] [32mBuilding CXX object CMakeFiles/dsr_msgs2__rosidl_typesupport_introspection_cpp.dir/rosidl_typesupport_introspection_cpp/dsr_msgs2/srv/detail/parallel_axis2__type_support.cpp.o[0m
[27.097s] [ 49%] [32mBuilding CXX object CMakeFiles/dsr_msgs2__rosidl_typesupport_fastrtps_cpp.dir/rosidl_typesupport_fastrtps_cpp/dsr_msgs2/msg/detail/dds_fastrtps/robot_state__type_support.cpp.o[0m
[27.099s] [ 49%] [32mBuilding C object CMakeFiles/dsr_msgs2__rosidl_typesupport_introspection_c.dir/rosidl_typesupport_introspection_c/dsr_msgs2/srv/detail/move_spiral__type_support.c.o[0m
[27.102s] [ 50%] [32mBuilding CXX object CMakeFiles/dsr_msgs2__rosidl_typesupport_fastrtps_cpp.dir/rosidl_typesupport_fastrtps_cpp/dsr_msgs2/msg/detail/dds_fastrtps/robot_stop__type_support.cpp.o[0m
[27.139s] [ 50%] [32mBuilding C object CMakeFiles/dsr_msgs2__rosidl_typesupport_introspection_c.dir/rosidl_typesupport_introspection_c/dsr_msgs2/srv/detail/move_periodic__type_support.c.o[0m
[27.145s] [ 50%] [32mBuilding CXX object CMakeFiles/dsr_msgs2__rosidl_typesupport_fastrtps_cpp.dir/rosidl_typesupport_fastrtps_cpp/dsr_msgs2/msg/detail/dds_fastrtps/jog_multi_axis__type_support.cpp.o[0m
[27.179s] [ 50%] [32mBuilding C object CMakeFiles/dsr_msgs2__rosidl_typesupport_introspection_c.dir/rosidl_typesupport_introspection_c/dsr_msgs2/srv/detail/move_wait__type_support.c.o[0m
[27.180s] [ 50%] [32mBuilding CXX object CMakeFiles/dsr_msgs2__rosidl_typesupport_fastrtps_cpp.dir/rosidl_typesupport_fastrtps_cpp/dsr_msgs2/msg/detail/dds_fastrtps/alter_motion_stream__type_support.cpp.o[0m
[27.187s] [ 50%] [32mBuilding CXX object CMakeFiles/dsr_msgs2__rosidl_typesupport_fastrtps_cpp.dir/rosidl_typesupport_fastrtps_cpp/dsr_msgs2/msg/detail/dds_fastrtps/servoj_stream__type_support.cpp.o[0m
[27.219s] [ 50%] [32mBuilding C object CMakeFiles/dsr_msgs2__rosidl_typesupport_introspection_c.dir/rosidl_typesupport_introspection_c/dsr_msgs2/srv/detail/jog__type_support.c.o[0m
[27.220s] [ 50%] [32mBuilding CXX object CMakeFiles/dsr_msgs2__rosidl_typesupport_introspection_cpp.dir/rosidl_typesupport_introspection_cpp/dsr_msgs2/srv/detail/align_axis1__type_support.cpp.o[0m
[27.233s] [ 50%] [32mBuilding CXX object CMakeFiles/dsr_msgs2__rosidl_typesupport_fastrtps_cpp.dir/rosidl_typesupport_fastrtps_cpp/dsr_msgs2/msg/detail/dds_fastrtps/servol_stream__type_support.cpp.o[0m
[27.262s] [ 50%] [32mBuilding C object CMakeFiles/dsr_msgs2__rosidl_typesupport_introspection_c.dir/rosidl_typesupport_introspection_c/dsr_msgs2/srv/detail/jog_multi__type_support.c.o[0m
[27.297s] [ 50%] [32mBuilding C object CMakeFiles/dsr_msgs2__rosidl_typesupport_introspection_c.dir/rosidl_typesupport_introspection_c/dsr_msgs2/srv/detail/move_stop__type_support.c.o[0m
[27.297s] [ 50%] [32mBuilding CXX object CMakeFiles/dsr_msgs2__rosidl_typesupport_fastrtps_c.dir/rosidl_typesupport_fastrtps_c/dsr_msgs2/msg/detail/log_alarm__type_support_c.cpp.o[0m
[27.308s] [ 50%] [32mBuilding CXX object CMakeFiles/dsr_msgs2__rosidl_typesupport_fastrtps_cpp.dir/rosidl_typesupport_fastrtps_cpp/dsr_msgs2/msg/detail/dds_fastrtps/speedj_stream__type_support.cpp.o[0m
[27.315s] [ 50%] [32mBuilding CXX object CMakeFiles/dsr_msgs2__rosidl_typesupport_fastrtps_c.dir/rosidl_typesupport_fastrtps_c/dsr_msgs2/msg/detail/modbus_state__type_support_c.cpp.o[0m
[27.327s] [ 50%] [32mBuilding C object CMakeFiles/dsr_msgs2__rosidl_typesupport_introspection_c.dir/rosidl_typesupport_introspection_c/dsr_msgs2/srv/detail/move_pause__type_support.c.o[0m
[27.360s] [ 50%] [32mBuilding C object CMakeFiles/dsr_msgs2__rosidl_typesupport_introspection_c.dir/rosidl_typesupport_introspection_c/dsr_msgs2/srv/detail/move_resume__type_support.c.o[0m
[27.371s] [ 50%] [32mBuilding CXX object CMakeFiles/dsr_msgs2__rosidl_typesupport_fastrtps_cpp.dir/rosidl_typesupport_fastrtps_cpp/dsr_msgs2/msg/detail/dds_fastrtps/speedl_stream__type_support.cpp.o[0m
[27.384s] [ 51%] [32mBuilding C object CMakeFiles/dsr_msgs2__rosidl_typesupport_introspection_c.dir/rosidl_typesupport_introspection_c/dsr_msgs2/srv/detail/trans__type_support.c.o[0m
[27.388s] [ 51%] [32mBuilding CXX object CMakeFiles/dsr_msgs2__rosidl_typesupport_fastrtps_c.dir/rosidl_typesupport_fastrtps_c/dsr_msgs2/msg/detail/robot_error__type_support_c.cpp.o[0m
[27.392s] [ 51%] [32mBuilding CXX object CMakeFiles/dsr_msgs2__rosidl_typesupport_introspection_cpp.dir/rosidl_typesupport_introspection_cpp/dsr_msgs2/srv/detail/align_axis2__type_support.cpp.o[0m
[27.395s] [ 51%] [32mBuilding CXX object CMakeFiles/dsr_msgs2__rosidl_typesupport_fastrtps_c.dir/rosidl_typesupport_fastrtps_c/dsr_msgs2/msg/detail/robot_state__type_support_c.cpp.o[0m
[27.427s] [ 51%] [32mBuilding C object CMakeFiles/dsr_msgs2__rosidl_typesupport_introspection_c.dir/rosidl_typesupport_introspection_c/dsr_msgs2/srv/detail/fkin__type_support.c.o[0m
[27.456s] [ 51%] [32mBuilding CXX object CMakeFiles/dsr_msgs2__rosidl_typesupport_fastrtps_c.dir/rosidl_typesupport_fastrtps_c/dsr_msgs2/msg/detail/robot_stop__type_support_c.cpp.o[0m
[27.474s] [ 51%] [32mBuilding C object CMakeFiles/dsr_msgs2__rosidl_typesupport_introspection_c.dir/rosidl_typesupport_introspection_c/dsr_msgs2/srv/detail/ikin__type_support.c.o[0m
[27.517s] [ 51%] [32mBuilding C object CMakeFiles/dsr_msgs2__rosidl_typesupport_introspection_c.dir/rosidl_typesupport_introspection_c/dsr_msgs2/srv/detail/set_ref_coord__type_support.c.o[0m
[27.564s] [ 51%] [32mBuilding C object CMakeFiles/dsr_msgs2__rosidl_typesupport_introspection_c.dir/rosidl_typesupport_introspection_c/dsr_msgs2/srv/detail/move_home__type_support.c.o[0m
[27.569s] [ 51%] [32mBuilding C object CMakeFiles/dsr_msgs2__rosidl_typesupport_introspection_c.dir/rosidl_typesupport_introspection_c/dsr_msgs2/srv/detail/check_motion__type_support.c.o[0m
[27.590s] [ 51%] [32mBuilding CXX object CMakeFiles/dsr_msgs2__rosidl_typesupport_introspection_cpp.dir/rosidl_typesupport_introspection_cpp/dsr_msgs2/srv/detail/is_done_bolt_tightening__type_support.cpp.o[0m
[27.603s] [ 51%] [32mBuilding CXX object CMakeFiles/dsr_msgs2__rosidl_typesupport_fastrtps_c.dir/rosidl_typesupport_fastrtps_c/dsr_msgs2/msg/detail/jog_multi_axis__type_support_c.cpp.o[0m
[27.610s] [ 51%] [32mBuilding C object CMakeFiles/dsr_msgs2__rosidl_typesupport_introspection_c.dir/rosidl_typesupport_introspection_c/dsr_msgs2/srv/detail/change_operation_speed__type_support.c.o[0m
[27.620s] [ 51%] [32mBuilding CXX object CMakeFiles/dsr_msgs2__rosidl_typesupport_introspection_cpp.dir/rosidl_typesupport_introspection_cpp/dsr_msgs2/srv/detail/release_compliance_ctrl__type_support.cpp.o[0m
[27.628s] [ 51%] [32mBuilding CXX object CMakeFiles/dsr_msgs2__rosidl_typesupport_fastrtps_c.dir/rosidl_typesupport_fastrtps_c/dsr_msgs2/msg/detail/alter_motion_stream__type_support_c.cpp.o[0m
[27.643s] [ 51%] [32mBuilding CXX object CMakeFiles/dsr_msgs2__rosidl_typesupport_fastrtps_cpp.dir/rosidl_typesupport_fastrtps_cpp/dsr_msgs2/msg/detail/dds_fastrtps/robot_state_rt__type_support.cpp.o[0m
[27.643s] [ 51%] [32mBuilding C object CMakeFiles/dsr_msgs2__rosidl_typesupport_introspection_c.dir/rosidl_typesupport_introspection_c/dsr_msgs2/srv/detail/enable_alter_motion__type_support.c.o[0m
[27.657s] [ 51%] [32mBuilding CXX object CMakeFiles/dsr_msgs2__rosidl_typesupport_introspection_cpp.dir/rosidl_typesupport_introspection_cpp/dsr_msgs2/srv/detail/task_compliance_ctrl__type_support.cpp.o[0m
[27.680s] [ 51%] [32mBuilding C object CMakeFiles/dsr_msgs2__rosidl_typesupport_introspection_c.dir/rosidl_typesupport_introspection_c/dsr_msgs2/srv/detail/alter_motion__type_support.c.o[0m
[27.685s] [ 51%] [32mBuilding CXX object CMakeFiles/dsr_msgs2__rosidl_typesupport_fastrtps_cpp.dir/rosidl_typesupport_fastrtps_cpp/dsr_msgs2/msg/detail/dds_fastrtps/servoj_rt_stream__type_support.cpp.o[0m
[27.695s] [ 51%] [32mBuilding CXX object CMakeFiles/dsr_msgs2__rosidl_typesupport_introspection_cpp.dir/rosidl_typesupport_introspection_cpp/dsr_msgs2/srv/detail/set_stiffnessx__type_support.cpp.o[0m
[27.705s] [ 51%] [32mBuilding C object CMakeFiles/dsr_msgs2__rosidl_typesupport_introspection_c.dir/rosidl_typesupport_introspection_c/dsr_msgs2/srv/detail/disable_alter_motion__type_support.c.o[0m
[27.715s] [ 51%] [32mBuilding CXX object CMakeFiles/dsr_msgs2__rosidl_typesupport_fastrtps_cpp.dir/rosidl_typesupport_fastrtps_cpp/dsr_msgs2/msg/detail/dds_fastrtps/servol_rt_stream__type_support.cpp.o[0m
[27.727s] [ 51%] [32mBuilding C object CMakeFiles/dsr_msgs2__rosidl_typesupport_introspection_c.dir/rosidl_typesupport_introspection_c/dsr_msgs2/srv/detail/set_singularity_handling__type_support.c.o[0m
[27.739s] [ 51%] [32mBuilding CXX object CMakeFiles/dsr_msgs2__rosidl_typesupport_introspection_cpp.dir/rosidl_typesupport_introspection_cpp/dsr_msgs2/srv/detail/calc_coord__type_support.cpp.o[0m
[27.758s] [ 51%] [32mBuilding CXX object CMakeFiles/dsr_msgs2__rosidl_typesupport_fastrtps_c.dir/rosidl_typesupport_fastrtps_c/dsr_msgs2/msg/detail/servoj_stream__type_support_c.cpp.o[0m
[27.761s] [ 51%] [32mBuilding C object CMakeFiles/dsr_msgs2__rosidl_typesupport_introspection_c.dir/rosidl_typesupport_introspection_c/dsr_msgs2/srv/detail/get_control_mode__type_support.c.o[0m
[27.786s] [ 51%] [32mBuilding CXX object CMakeFiles/dsr_msgs2__rosidl_typesupport_fastrtps_cpp.dir/rosidl_typesupport_fastrtps_cpp/dsr_msgs2/msg/detail/dds_fastrtps/speedj_rt_stream__type_support.cpp.o[0m
[27.786s] [ 51%] [32mBuilding CXX object CMakeFiles/dsr_msgs2__rosidl_typesupport_fastrtps_cpp.dir/rosidl_typesupport_fastrtps_cpp/dsr_msgs2/msg/detail/dds_fastrtps/speedl_rt_stream__type_support.cpp.o[0m
[27.790s] [ 51%] [32mBuilding CXX object CMakeFiles/dsr_msgs2__rosidl_typesupport_fastrtps_c.dir/rosidl_typesupport_fastrtps_c/dsr_msgs2/msg/detail/servol_stream__type_support_c.cpp.o[0m
[27.802s] [ 52%] [32mBuilding C object CMakeFiles/dsr_msgs2__rosidl_typesupport_introspection_c.dir/rosidl_typesupport_introspection_c/dsr_msgs2/srv/detail/get_control_space__type_support.c.o[0m
[27.835s] [ 52%] [32mBuilding C object CMakeFiles/dsr_msgs2__rosidl_typesupport_introspection_c.dir/rosidl_typesupport_introspection_c/dsr_msgs2/srv/detail/get_current_posj__type_support.c.o[0m
[27.864s] [ 52%] [32mBuilding C object CMakeFiles/dsr_msgs2__rosidl_typesupport_introspection_c.dir/rosidl_typesupport_introspection_c/dsr_msgs2/srv/detail/get_desired_posj__type_support.c.o[0m
[27.876s] [ 52%] [32mBuilding CXX object CMakeFiles/dsr_msgs2__rosidl_typesupport_introspection_cpp.dir/rosidl_typesupport_introspection_cpp/dsr_msgs2/srv/detail/set_user_cart_coord1__type_support.cpp.o[0m
[27.913s] [ 52%] [32mBuilding C object CMakeFiles/dsr_msgs2__rosidl_typesupport_introspection_c.dir/rosidl_typesupport_introspection_c/dsr_msgs2/srv/detail/get_current_velj__type_support.c.o[0m
[27.948s] [ 52%] [32mBuilding CXX object CMakeFiles/dsr_msgs2__rosidl_typesupport_fastrtps_c.dir/rosidl_typesupport_fastrtps_c/dsr_msgs2/msg/detail/speedj_stream__type_support_c.cpp.o[0m
[27.957s] [ 52%] [32mBuilding C object CMakeFiles/dsr_msgs2__rosidl_typesupport_introspection_c.dir/rosidl_typesupport_introspection_c/dsr_msgs2/srv/detail/get_desired_velj__type_support.c.o[0m
[27.994s] [ 52%] [32mBuilding C object CMakeFiles/dsr_msgs2__rosidl_typesupport_introspection_c.dir/rosidl_typesupport_introspection_c/dsr_msgs2/srv/detail/get_current_posx__type_support.c.o[0m
[28.008s] [ 53%] [32mBuilding CXX object CMakeFiles/dsr_msgs2__rosidl_typesupport_fastrtps_cpp.dir/rosidl_typesupport_fastrtps_cpp/dsr_msgs2/msg/detail/dds_fastrtps/torque_rt_stream__type_support.cpp.o[0m
[28.031s] [ 53%] [32mBuilding C object CMakeFiles/dsr_msgs2__rosidl_typesupport_introspection_c.dir/rosidl_typesupport_introspection_c/dsr_msgs2/srv/detail/get_current_tool_flange_posx__type_support.c.o[0m
[28.052s] [ 53%] [32mBuilding CXX object CMakeFiles/dsr_msgs2__rosidl_typesupport_fastrtps_cpp.dir/rosidl_typesupport_fastrtps_cpp/dsr_msgs2/srv/detail/dds_fastrtps/set_robot_mode__type_support.cpp.o[0m
[28.058s] [ 53%] [32mBuilding CXX object CMakeFiles/dsr_msgs2__rosidl_typesupport_fastrtps_cpp.dir/rosidl_typesupport_fastrtps_cpp/dsr_msgs2/srv/detail/dds_fastrtps/get_robot_mode__type_support.cpp.o[0m
[28.068s] [ 53%] [32mBuilding C object CMakeFiles/dsr_msgs2__rosidl_typesupport_introspection_c.dir/rosidl_typesupport_introspection_c/dsr_msgs2/srv/detail/get_current_velx__type_support.c.o[0m
[28.079s] [ 53%] [32mBuilding CXX object CMakeFiles/dsr_msgs2__rosidl_typesupport_introspection_cpp.dir/rosidl_typesupport_introspection_cpp/dsr_msgs2/srv/detail/set_user_cart_coord2__type_support.cpp.o[0m
[28.079s] [ 53%] [32mBuilding C object CMakeFiles/dsr_msgs2__rosidl_typesupport_introspection_c.dir/rosidl_typesupport_introspection_c/dsr_msgs2/srv/detail/get_desired_posx__type_support.c.o[0m
[28.086s] [ 53%] [32mBuilding CXX object CMakeFiles/dsr_msgs2__rosidl_typesupport_fastrtps_cpp.dir/rosidl_typesupport_fastrtps_cpp/dsr_msgs2/srv/detail/dds_fastrtps/set_robot_system__type_support.cpp.o[0m
[28.102s] [ 53%] [32mBuilding CXX object CMakeFiles/dsr_msgs2__rosidl_typesupport_fastrtps_c.dir/rosidl_typesupport_fastrtps_c/dsr_msgs2/msg/detail/speedl_stream__type_support_c.cpp.o[0m
[28.113s] [ 53%] [32mBuilding CXX object CMakeFiles/dsr_msgs2__rosidl_typesupport_fastrtps_cpp.dir/rosidl_typesupport_fastrtps_cpp/dsr_msgs2/srv/detail/dds_fastrtps/get_robot_system__type_support.cpp.o[0m
[28.114s] [ 53%] [32mBuilding C object CMakeFiles/dsr_msgs2__rosidl_typesupport_introspection_c.dir/rosidl_typesupport_introspection_c/dsr_msgs2/srv/detail/get_desired_velx__type_support.c.o[0m
[28.138s] [ 53%] [32mBuilding CXX object CMakeFiles/dsr_msgs2__rosidl_typesupport_fastrtps_cpp.dir/rosidl_typesupport_fastrtps_cpp/dsr_msgs2/srv/detail/dds_fastrtps/set_robot_speed_mode__type_support.cpp.o[0m
[28.147s] [ 53%] [32mBuilding CXX object CMakeFiles/dsr_msgs2__rosidl_typesupport_fastrtps_cpp.dir/rosidl_typesupport_fastrtps_cpp/dsr_msgs2/srv/detail/dds_fastrtps/get_robot_speed_mode__type_support.cpp.o[0m
[28.151s] [ 53%] [32mBuilding C object CMakeFiles/dsr_msgs2__rosidl_typesupport_introspection_c.dir/rosidl_typesupport_introspection_c/dsr_msgs2/srv/detail/get_current_solution_space__type_support.c.o[0m
[28.151s] [ 53%] [32mBuilding CXX object CMakeFiles/dsr_msgs2__rosidl_typesupport_introspection_cpp.dir/rosidl_typesupport_introspection_cpp/dsr_msgs2/srv/detail/set_user_cart_coord3__type_support.cpp.o[0m
[28.161s] [ 53%] [32mBuilding C object CMakeFiles/dsr_msgs2__rosidl_typesupport_introspection_c.dir/rosidl_typesupport_introspection_c/dsr_msgs2/srv/detail/get_current_rotm__type_support.c.o[0m
[28.167s] [ 54%] [32mBuilding CXX object CMakeFiles/dsr_msgs2__rosidl_typesupport_fastrtps_c.dir/rosidl_typesupport_fastrtps_c/dsr_msgs2/msg/detail/robot_state_rt__type_support_c.cpp.o[0m
[28.176s] [ 55%] [32mBuilding C object CMakeFiles/dsr_msgs2__rosidl_typesupport_introspection_c.dir/rosidl_typesupport_introspection_c/dsr_msgs2/srv/detail/get_joint_torque__type_support.c.o[0m
[28.186s] [ 55%] [32mBuilding CXX object CMakeFiles/dsr_msgs2__rosidl_typesupport_fastrtps_cpp.dir/rosidl_typesupport_fastrtps_cpp/dsr_msgs2/srv/detail/dds_fastrtps/get_current_pose__type_support.cpp.o[0m
[28.203s] [ 56%] [32mBuilding CXX object CMakeFiles/dsr_msgs2__rosidl_typesupport_introspection_cpp.dir/rosidl_typesupport_introspection_cpp/dsr_msgs2/srv/detail/overwrite_user_cart_coord__type_support.cpp.o[0m
[28.216s] [ 56%] [32mBuilding C object CMakeFiles/dsr_msgs2__rosidl_typesupport_introspection_c.dir/rosidl_typesupport_introspection_c/dsr_msgs2/srv/detail/get_external_torque__type_support.c.o[0m
[28.254s] [ 56%] [32mBuilding C object CMakeFiles/dsr_msgs2__rosidl_typesupport_introspection_c.dir/rosidl_typesupport_introspection_c/dsr_msgs2/srv/detail/get_tool_force__type_support.c.o[0m
[28.273s] [ 56%] [32mBuilding CXX object CMakeFiles/dsr_msgs2__rosidl_typesupport_fastrtps_cpp.dir/rosidl_typesupport_fastrtps_cpp/dsr_msgs2/srv/detail/dds_fastrtps/set_safe_stop_reset_type__type_support.cpp.o[0m
[28.297s] [ 56%] [32mBuilding C object CMakeFiles/dsr_msgs2__rosidl_typesupport_introspection_c.dir/rosidl_typesupport_introspection_c/dsr_msgs2/srv/detail/get_solution_space__type_support.c.o[0m
[28.334s] [ 56%] [32mBuilding C object CMakeFiles/dsr_msgs2__rosidl_typesupport_introspection_c.dir/rosidl_typesupport_introspection_c/dsr_msgs2/srv/detail/get_orientation_error__type_support.c.o[0m
[28.368s] [ 56%] [32mBuilding CXX object CMakeFiles/dsr_msgs2__rosidl_typesupport_fastrtps_c.dir/rosidl_typesupport_fastrtps_c/dsr_msgs2/msg/detail/servoj_rt_stream__type_support_c.cpp.o[0m
[28.376s] [ 56%] [32mBuilding C object CMakeFiles/dsr_msgs2__rosidl_typesupport_introspection_c.dir/rosidl_typesupport_introspection_c/dsr_msgs2/srv/detail/parallel_axis1__type_support.c.o[0m
[28.386s] [ 56%] [32mBuilding CXX object CMakeFiles/dsr_msgs2__rosidl_typesupport_fastrtps_c.dir/rosidl_typesupport_fastrtps_c/dsr_msgs2/msg/detail/servol_rt_stream__type_support_c.cpp.o[0m
[28.414s] [ 56%] [32mBuilding C object CMakeFiles/dsr_msgs2__rosidl_typesupport_introspection_c.dir/rosidl_typesupport_introspection_c/dsr_msgs2/srv/detail/parallel_axis2__type_support.c.o[0m
[28.418s] [ 56%] [32mBuilding CXX object CMakeFiles/dsr_msgs2__rosidl_typesupport_fastrtps_cpp.dir/rosidl_typesupport_fastrtps_cpp/dsr_msgs2/srv/detail/dds_fastrtps/get_last_alarm__type_support.cpp.o[0m
[28.454s] [ 56%] [32mBuilding C object CMakeFiles/dsr_msgs2__rosidl_typesupport_introspection_c.dir/rosidl_typesupport_introspection_c/dsr_msgs2/srv/detail/align_axis1__type_support.c.o[0m
[28.498s] [ 56%] [32mBuilding C object CMakeFiles/dsr_msgs2__rosidl_typesupport_introspection_c.dir/rosidl_typesupport_introspection_c/dsr_msgs2/srv/detail/align_axis2__type_support.c.o[0m
[28.505s] [ 56%] [32mBuilding CXX object CMakeFiles/dsr_msgs2__rosidl_typesupport_introspection_cpp.dir/rosidl_typesupport_introspection_cpp/dsr_msgs2/srv/detail/get_user_cart_coord__type_support.cpp.o[0m
[28.517s] [ 56%] [32mBuilding CXX object CMakeFiles/dsr_msgs2__rosidl_typesupport_fastrtps_c.dir/rosidl_typesupport_fastrtps_c/dsr_msgs2/msg/detail/speedj_rt_stream__type_support_c.cpp.o[0m
[28.522s] [ 56%] [32mBuilding CXX object CMakeFiles/dsr_msgs2__rosidl_typesupport_fastrtps_cpp.dir/rosidl_typesupport_fastrtps_cpp/dsr_msgs2/srv/detail/dds_fastrtps/get_robot_state__type_support.cpp.o[0m
[28.539s] [ 56%] [32mBuilding C object CMakeFiles/dsr_msgs2__rosidl_typesupport_introspection_c.dir/rosidl_typesupport_introspection_c/dsr_msgs2/srv/detail/is_done_bolt_tightening__type_support.c.o[0m
[28.543s] [ 56%] [32mBuilding CXX object CMakeFiles/dsr_msgs2__rosidl_typesupport_introspection_cpp.dir/rosidl_typesupport_introspection_cpp/dsr_msgs2/srv/detail/set_desired_force__type_support.cpp.o[0m
[28.545s] [ 56%] [32mBuilding CXX object CMakeFiles/dsr_msgs2__rosidl_typesupport_introspection_cpp.dir/rosidl_typesupport_introspection_cpp/dsr_msgs2/srv/detail/release_force__type_support.cpp.o[0m
[28.561s] [ 56%] [32mBuilding C object CMakeFiles/dsr_msgs2__rosidl_typesupport_introspection_c.dir/rosidl_typesupport_introspection_c/dsr_msgs2/srv/detail/release_compliance_ctrl__type_support.c.o[0m
[28.568s] [ 56%] [32mBuilding C object CMakeFiles/dsr_msgs2__rosidl_typesupport_introspection_c.dir/rosidl_typesupport_introspection_c/dsr_msgs2/srv/detail/task_compliance_ctrl__type_support.c.o[0m
[28.575s] [ 56%] [32mBuilding CXX object CMakeFiles/dsr_msgs2__rosidl_typesupport_fastrtps_c.dir/rosidl_typesupport_fastrtps_c/dsr_msgs2/msg/detail/speedl_rt_stream__type_support_c.cpp.o[0m
[28.575s] [ 56%] [32mBuilding CXX object CMakeFiles/dsr_msgs2__rosidl_typesupport_introspection_cpp.dir/rosidl_typesupport_introspection_cpp/dsr_msgs2/srv/detail/check_position_condition__type_support.cpp.o[0m
[28.585s] [ 57%] [32mBuilding C object CMakeFiles/dsr_msgs2__rosidl_typesupport_introspection_c.dir/rosidl_typesupport_introspection_c/dsr_msgs2/srv/detail/set_stiffnessx__type_support.c.o[0m
[28.593s] [ 57%] [32mBuilding CXX object CMakeFiles/dsr_msgs2__rosidl_typesupport_fastrtps_c.dir/rosidl_typesupport_fastrtps_c/dsr_msgs2/msg/detail/torque_rt_stream__type_support_c.cpp.o[0m
[28.600s] [ 57%] [32mBuilding CXX object CMakeFiles/dsr_msgs2__rosidl_typesupport_fastrtps_c.dir/rosidl_typesupport_fastrtps_c/dsr_msgs2/srv/detail/set_robot_mode__type_support_c.cpp.o[0m
[28.608s] [ 57%] [32mBuilding CXX object CMakeFiles/dsr_msgs2__rosidl_typesupport_introspection_cpp.dir/rosidl_typesupport_introspection_cpp/dsr_msgs2/srv/detail/check_force_condition__type_support.cpp.o[0m
[28.623s] [ 57%] [32mBuilding C object CMakeFiles/dsr_msgs2__rosidl_typesupport_introspection_c.dir/rosidl_typesupport_introspection_c/dsr_msgs2/srv/detail/calc_coord__type_support.c.o[0m
[28.670s] [ 57%] [32mBuilding C object CMakeFiles/dsr_msgs2__rosidl_typesupport_introspection_c.dir/rosidl_typesupport_introspection_c/dsr_msgs2/srv/detail/set_user_cart_coord1__type_support.c.o[0m
[28.671s] [ 57%] [32mBuilding CXX object CMakeFiles/dsr_msgs2__rosidl_typesupport_fastrtps_cpp.dir/rosidl_typesupport_fastrtps_cpp/dsr_msgs2/srv/detail/dds_fastrtps/servo_off__type_support.cpp.o[0m
[28.673s] [ 57%] [32mBuilding CXX object CMakeFiles/dsr_msgs2__rosidl_typesupport_fastrtps_c.dir/rosidl_typesupport_fastrtps_c/dsr_msgs2/srv/detail/get_robot_mode__type_support_c.cpp.o[0m
[28.695s] [ 57%] [32mBuilding CXX object CMakeFiles/dsr_msgs2__rosidl_typesupport_introspection_cpp.dir/rosidl_typesupport_introspection_cpp/dsr_msgs2/srv/detail/check_orientation_condition1__type_support.cpp.o[0m
[28.705s] [ 57%] [32mBuilding C object CMakeFiles/dsr_msgs2__rosidl_typesupport_introspection_c.dir/rosidl_typesupport_introspection_c/dsr_msgs2/srv/detail/set_user_cart_coord2__type_support.c.o[0m
[28.705s] [ 58%] [32mBuilding CXX object CMakeFiles/dsr_msgs2__rosidl_typesupport_fastrtps_cpp.dir/rosidl_typesupport_fastrtps_cpp/dsr_msgs2/srv/detail/dds_fastrtps/set_robot_control__type_support.cpp.o[0m
[28.749s] [ 58%] [32mBuilding C object CMakeFiles/dsr_msgs2__rosidl_typesupport_introspection_c.dir/rosidl_typesupport_introspection_c/dsr_msgs2/srv/detail/set_user_cart_coord3__type_support.c.o[0m
[28.792s] [ 58%] [32mBuilding C object CMakeFiles/dsr_msgs2__rosidl_typesupport_introspection_c.dir/rosidl_typesupport_introspection_c/dsr_msgs2/srv/detail/overwrite_user_cart_coord__type_support.c.o[0m
[28.819s] [ 58%] [32mBuilding CXX object CMakeFiles/dsr_msgs2__rosidl_typesupport_fastrtps_c.dir/rosidl_typesupport_fastrtps_c/dsr_msgs2/srv/detail/set_robot_system__type_support_c.cpp.o[0m
[28.826s] [ 58%] [32mBuilding C object CMakeFiles/dsr_msgs2__rosidl_typesupport_introspection_c.dir/rosidl_typesupport_introspection_c/dsr_msgs2/srv/detail/get_user_cart_coord__type_support.c.o[0m
[28.842s] [ 58%] [32mBuilding CXX object CMakeFiles/dsr_msgs2__rosidl_typesupport_fastrtps_cpp.dir/rosidl_typesupport_fastrtps_cpp/dsr_msgs2/srv/detail/dds_fastrtps/change_collision_sensitivity__type_support.cpp.o[0m
[28.861s] [ 58%] [32mBuilding C object CMakeFiles/dsr_msgs2__rosidl_typesupport_introspection_c.dir/rosidl_typesupport_introspection_c/dsr_msgs2/srv/detail/set_desired_force__type_support.c.o[0m
[28.884s] [ 58%] [32mBuilding CXX object CMakeFiles/dsr_msgs2__rosidl_typesupport_fastrtps_c.dir/rosidl_typesupport_fastrtps_c/dsr_msgs2/srv/detail/get_robot_system__type_support_c.cpp.o[0m
[28.895s] [ 58%] [32mBuilding C object CMakeFiles/dsr_msgs2__rosidl_typesupport_introspection_c.dir/rosidl_typesupport_introspection_c/dsr_msgs2/srv/detail/release_force__type_support.c.o[0m
[28.902s] [ 58%] [32mBuilding CXX object CMakeFiles/dsr_msgs2__rosidl_typesupport_fastrtps_c.dir/rosidl_typesupport_fastrtps_c/dsr_msgs2/srv/detail/set_robot_speed_mode__type_support_c.cpp.o[0m
[28.931s] [ 58%] [32mBuilding C object CMakeFiles/dsr_msgs2__rosidl_typesupport_introspection_c.dir/rosidl_typesupport_introspection_c/dsr_msgs2/srv/detail/check_position_condition__type_support.c.o[0m
[28.948s] [ 58%] [32mBuilding CXX object CMakeFiles/dsr_msgs2__rosidl_typesupport_fastrtps_cpp.dir/rosidl_typesupport_fastrtps_cpp/dsr_msgs2/srv/detail/dds_fastrtps/set_safety_mode__type_support.cpp.o[0m
[28.965s] [ 58%] [32mBuilding C object CMakeFiles/dsr_msgs2__rosidl_typesupport_introspection_c.dir/rosidl_typesupport_introspection_c/dsr_msgs2/srv/detail/check_force_condition__type_support.c.o[0m
[28.968s] [ 58%] [32mBuilding CXX object CMakeFiles/dsr_msgs2__rosidl_typesupport_fastrtps_c.dir/rosidl_typesupport_fastrtps_c/dsr_msgs2/srv/detail/get_robot_speed_mode__type_support_c.cpp.o[0m
[28.991s] [ 58%] [32mBuilding C object CMakeFiles/dsr_msgs2__rosidl_typesupport_introspection_c.dir/rosidl_typesupport_introspection_c/dsr_msgs2/srv/detail/check_orientation_condition1__type_support.c.o[0m
[29.001s] [ 58%] [32mBuilding CXX object CMakeFiles/dsr_msgs2__rosidl_typesupport_introspection_cpp.dir/rosidl_typesupport_introspection_cpp/dsr_msgs2/srv/detail/check_orientation_condition2__type_support.cpp.o[0m
[29.017s] [ 59%] [32mBuilding C object CMakeFiles/dsr_msgs2__rosidl_typesupport_introspection_c.dir/rosidl_typesupport_introspection_c/dsr_msgs2/srv/detail/check_orientation_condition2__type_support.c.o[0m
[29.020s] [ 59%] [32mBuilding C object CMakeFiles/dsr_msgs2__rosidl_typesupport_introspection_c.dir/rosidl_typesupport_introspection_c/dsr_msgs2/srv/detail/coord_transform__type_support.c.o[0m
[29.027s] [ 59%] [32mBuilding CXX object CMakeFiles/dsr_msgs2__rosidl_typesupport_fastrtps_cpp.dir/rosidl_typesupport_fastrtps_cpp/dsr_msgs2/srv/detail/dds_fastrtps/move_joint__type_support.cpp.o[0m
[29.027s] [ 59%] [32mBuilding CXX object CMakeFiles/dsr_msgs2__rosidl_typesupport_introspection_cpp.dir/rosidl_typesupport_introspection_cpp/dsr_msgs2/srv/detail/coord_transform__type_support.cpp.o[0m
[29.030s] [ 59%] [32mBuilding CXX object CMakeFiles/dsr_msgs2__rosidl_typesupport_fastrtps_cpp.dir/rosidl_typesupport_fastrtps_cpp/dsr_msgs2/srv/detail/dds_fastrtps/move_line__type_support.cpp.o[0m
[29.035s] [ 60%] [32mBuilding CXX object CMakeFiles/dsr_msgs2__rosidl_typesupport_fastrtps_c.dir/rosidl_typesupport_fastrtps_c/dsr_msgs2/srv/detail/get_current_pose__type_support_c.cpp.o[0m
[29.062s] [ 60%] [32mBuilding CXX object CMakeFiles/dsr_msgs2__rosidl_typesupport_introspection_cpp.dir/rosidl_typesupport_introspection_cpp/dsr_msgs2/srv/detail/get_workpiece_weight__type_support.cpp.o[0m
[29.065s] [ 60%] [32mBuilding C object CMakeFiles/dsr_msgs2__rosidl_typesupport_introspection_c.dir/rosidl_typesupport_introspection_c/dsr_msgs2/srv/detail/get_workpiece_weight__type_support.c.o[0m
[29.087s] [ 60%] [32mBuilding CXX object CMakeFiles/dsr_msgs2__rosidl_typesupport_fastrtps_cpp.dir/rosidl_typesupport_fastrtps_cpp/dsr_msgs2/srv/detail/dds_fastrtps/move_jointx__type_support.cpp.o[0m
[29.102s] [ 60%] [32mBuilding CXX object CMakeFiles/dsr_msgs2__rosidl_typesupport_introspection_cpp.dir/rosidl_typesupport_introspection_cpp/dsr_msgs2/srv/detail/reset_workpiece_weight__type_support.cpp.o[0m
[29.109s] [ 60%] [32mBuilding C object CMakeFiles/dsr_msgs2__rosidl_typesupport_introspection_c.dir/rosidl_typesupport_introspection_c/dsr_msgs2/srv/detail/reset_workpiece_weight__type_support.c.o[0m
[29.156s] [ 60%] [32mBuilding CXX object CMakeFiles/dsr_msgs2__rosidl_typesupport_introspection_cpp.dir/rosidl_typesupport_introspection_cpp/dsr_msgs2/srv/detail/config_create_tool__type_support.cpp.o[0m
[29.171s] [ 60%] [32mBuilding C object CMakeFiles/dsr_msgs2__rosidl_typesupport_introspection_c.dir/rosidl_typesupport_introspection_c/dsr_msgs2/srv/detail/config_create_tool__type_support.c.o[0m
[29.235s] [ 61%] [32mBuilding C object CMakeFiles/dsr_msgs2__rosidl_typesupport_introspection_c.dir/rosidl_typesupport_introspection_c/dsr_msgs2/srv/detail/config_delete_tool__type_support.c.o[0m
[29.235s] [ 61%] [32mBuilding CXX object CMakeFiles/dsr_msgs2__rosidl_typesupport_introspection_cpp.dir/rosidl_typesupport_introspection_cpp/dsr_msgs2/srv/detail/config_delete_tool__type_support.cpp.o[0m
[29.246s] [ 61%] [32mBuilding C object CMakeFiles/dsr_msgs2__rosidl_typesupport_introspection_c.dir/rosidl_typesupport_introspection_c/dsr_msgs2/srv/detail/set_current_tool__type_support.c.o[0m
[29.252s] [ 61%] [32mBuilding CXX object CMakeFiles/dsr_msgs2__rosidl_typesupport_introspection_cpp.dir/rosidl_typesupport_introspection_cpp/dsr_msgs2/srv/detail/set_current_tool__type_support.cpp.o[0m
[29.264s] [ 61%] [32mBuilding C object CMakeFiles/dsr_msgs2__rosidl_typesupport_introspection_c.dir/rosidl_typesupport_introspection_c/dsr_msgs2/srv/detail/get_current_tool__type_support.c.o[0m
[29.268s] [ 61%] [32mBuilding CXX object CMakeFiles/dsr_msgs2__rosidl_typesupport_fastrtps_cpp.dir/rosidl_typesupport_fastrtps_cpp/dsr_msgs2/srv/detail/dds_fastrtps/move_circle__type_support.cpp.o[0m
[29.285s] [ 61%] [32mBuilding CXX object CMakeFiles/dsr_msgs2__rosidl_typesupport_fastrtps_c.dir/rosidl_typesupport_fastrtps_c/dsr_msgs2/srv/detail/set_safe_stop_reset_type__type_support_c.cpp.o[0m
[29.299s] [ 61%] [32mBuilding C object CMakeFiles/dsr_msgs2__rosidl_typesupport_introspection_c.dir/rosidl_typesupport_introspection_c/dsr_msgs2/srv/detail/set_tool_shape__type_support.c.o[0m
[29.307s] [ 61%] [32mBuilding CXX object CMakeFiles/dsr_msgs2__rosidl_typesupport_introspection_cpp.dir/rosidl_typesupport_introspection_cpp/dsr_msgs2/srv/detail/get_current_tool__type_support.cpp.o[0m
[29.333s] [ 61%] [32mBuilding C object CMakeFiles/dsr_msgs2__rosidl_typesupport_introspection_c.dir/rosidl_typesupport_introspection_c/dsr_msgs2/srv/detail/config_create_tcp__type_support.c.o[0m
[29.338s] [ 61%] [32mBuilding CXX object CMakeFiles/dsr_msgs2__rosidl_typesupport_introspection_cpp.dir/rosidl_typesupport_introspection_cpp/dsr_msgs2/srv/detail/set_tool_shape__type_support.cpp.o[0m
[29.374s] [ 61%] [32mBuilding C object CMakeFiles/dsr_msgs2__rosidl_typesupport_introspection_c.dir/rosidl_typesupport_introspection_c/dsr_msgs2/srv/detail/config_delete_tcp__type_support.c.o[0m
[29.389s] [ 61%] [32mBuilding C object CMakeFiles/dsr_msgs2__rosidl_typesupport_introspection_c.dir/rosidl_typesupport_introspection_c/dsr_msgs2/srv/detail/set_current_tcp__type_support.c.o[0m
[29.410s] [ 62%] [32mBuilding C object CMakeFiles/dsr_msgs2__rosidl_typesupport_introspection_c.dir/rosidl_typesupport_introspection_c/dsr_msgs2/srv/detail/get_current_tcp__type_support.c.o[0m
[29.426s] [ 62%] [32mBuilding C object CMakeFiles/dsr_msgs2__rosidl_typesupport_introspection_c.dir/rosidl_typesupport_introspection_c/dsr_msgs2/srv/detail/set_tool_digital_output__type_support.c.o[0m
[29.435s] [ 62%] [32mBuilding C object CMakeFiles/dsr_msgs2__rosidl_typesupport_introspection_c.dir/rosidl_typesupport_introspection_c/dsr_msgs2/srv/detail/get_tool_digital_output__type_support.c.o[0m
[29.449s] [ 62%] [32mBuilding CXX object CMakeFiles/dsr_msgs2__rosidl_typesupport_fastrtps_c.dir/rosidl_typesupport_fastrtps_c/dsr_msgs2/srv/detail/get_last_alarm__type_support_c.cpp.o[0m
[29.449s] [ 62%] [32mBuilding CXX object CMakeFiles/dsr_msgs2__rosidl_typesupport_fastrtps_c.dir/rosidl_typesupport_fastrtps_c/dsr_msgs2/srv/detail/get_robot_state__type_support_c.cpp.o[0m
[29.469s] [ 62%] [32mBuilding C object CMakeFiles/dsr_msgs2__rosidl_typesupport_introspection_c.dir/rosidl_typesupport_introspection_c/dsr_msgs2/srv/detail/get_tool_digital_input__type_support.c.o[0m
[29.472s] [ 62%] [32mBuilding CXX object CMakeFiles/dsr_msgs2__rosidl_typesupport_introspection_cpp.dir/rosidl_typesupport_introspection_cpp/dsr_msgs2/srv/detail/config_create_tcp__type_support.cpp.o[0m
[29.485s] [ 62%] [32mBuilding CXX object CMakeFiles/dsr_msgs2__rosidl_typesupport_fastrtps_cpp.dir/rosidl_typesupport_fastrtps_cpp/dsr_msgs2/srv/detail/dds_fastrtps/move_spline_joint__type_support.cpp.o[0m
[29.488s] [ 62%] [32mBuilding CXX object CMakeFiles/dsr_msgs2__rosidl_typesupport_fastrtps_c.dir/rosidl_typesupport_fastrtps_c/dsr_msgs2/srv/detail/servo_off__type_support_c.cpp.o[0m
[29.502s] [ 62%] [32mBuilding C object CMakeFiles/dsr_msgs2__rosidl_typesupport_introspection_c.dir/rosidl_typesupport_introspection_c/dsr_msgs2/srv/detail/set_ctrl_box_digital_output__type_support.c.o[0m
[29.516s] [ 62%] [32mBuilding CXX object CMakeFiles/dsr_msgs2__rosidl_typesupport_introspection_cpp.dir/rosidl_typesupport_introspection_cpp/dsr_msgs2/srv/detail/config_delete_tcp__type_support.cpp.o[0m
[29.534s] [ 62%] [32mBuilding C object CMakeFiles/dsr_msgs2__rosidl_typesupport_introspection_c.dir/rosidl_typesupport_introspection_c/dsr_msgs2/srv/detail/get_ctrl_box_digital_output__type_support.c.o[0m
[29.555s] [ 62%] [32mBuilding CXX object CMakeFiles/dsr_msgs2__rosidl_typesupport_fastrtps_cpp.dir/rosidl_typesupport_fastrtps_cpp/dsr_msgs2/srv/detail/dds_fastrtps/move_spline_task__type_support.cpp.o[0m
[29.568s] [ 62%] [32mBuilding C object CMakeFiles/dsr_msgs2__rosidl_typesupport_introspection_c.dir/rosidl_typesupport_introspection_c/dsr_msgs2/srv/detail/get_ctrl_box_digital_input__type_support.c.o[0m
[29.574s] [ 62%] [32mBuilding C object CMakeFiles/dsr_msgs2__rosidl_typesupport_introspection_c.dir/rosidl_typesupport_introspection_c/dsr_msgs2/srv/detail/set_ctrl_box_analog_input_type__type_support.c.o[0m
[29.602s] [ 62%] [32mBuilding CXX object CMakeFiles/dsr_msgs2__rosidl_typesupport_fastrtps_c.dir/rosidl_typesupport_fastrtps_c/dsr_msgs2/srv/detail/set_robot_control__type_support_c.cpp.o[0m
[29.612s] [ 62%] [32mBuilding CXX object CMakeFiles/dsr_msgs2__rosidl_typesupport_fastrtps_c.dir/rosidl_typesupport_fastrtps_c/dsr_msgs2/srv/detail/change_collision_sensitivity__type_support_c.cpp.o[0m
[29.612s] [ 62%] [32mBuilding C object CMakeFiles/dsr_msgs2__rosidl_typesupport_introspection_c.dir/rosidl_typesupport_introspection_c/dsr_msgs2/srv/detail/set_ctrl_box_analog_output_type__type_support.c.o[0m
[29.618s] [ 62%] [32mBuilding CXX object CMakeFiles/dsr_msgs2__rosidl_typesupport_introspection_cpp.dir/rosidl_typesupport_introspection_cpp/dsr_msgs2/srv/detail/set_current_tcp__type_support.cpp.o[0m
[29.620s] [ 62%] [32mBuilding C object CMakeFiles/dsr_msgs2__rosidl_typesupport_introspection_c.dir/rosidl_typesupport_introspection_c/dsr_msgs2/srv/detail/set_ctrl_box_analog_output__type_support.c.o[0m
[29.631s] [ 62%] [32mBuilding C object CMakeFiles/dsr_msgs2__rosidl_typesupport_introspection_c.dir/rosidl_typesupport_introspection_c/dsr_msgs2/srv/detail/get_ctrl_box_analog_input__type_support.c.o[0m
[29.645s] [ 62%] [32mBuilding CXX object CMakeFiles/dsr_msgs2__rosidl_typesupport_introspection_cpp.dir/rosidl_typesupport_introspection_cpp/dsr_msgs2/srv/detail/get_current_tcp__type_support.cpp.o[0m
[29.658s] [ 62%] [32mBuilding CXX object CMakeFiles/dsr_msgs2__rosidl_typesupport_fastrtps_cpp.dir/rosidl_typesupport_fastrtps_cpp/dsr_msgs2/srv/detail/dds_fastrtps/move_blending__type_support.cpp.o[0m
[29.664s] [ 62%] [32mBuilding C object CMakeFiles/dsr_msgs2__rosidl_typesupport_introspection_c.dir/rosidl_typesupport_introspection_c/dsr_msgs2/srv/detail/config_create_modbus__type_support.c.o[0m
[29.691s] [ 62%] [32mBuilding CXX object CMakeFiles/dsr_msgs2__rosidl_typesupport_fastrtps_cpp.dir/rosidl_typesupport_fastrtps_cpp/dsr_msgs2/srv/detail/dds_fastrtps/move_spiral__type_support.cpp.o[0m
[29.701s] [ 63%] [32mBuilding C object CMakeFiles/dsr_msgs2__rosidl_typesupport_introspection_c.dir/rosidl_typesupport_introspection_c/dsr_msgs2/srv/detail/config_delete_modbus__type_support.c.o[0m
[29.738s] [ 63%] [32mBuilding C object CMakeFiles/dsr_msgs2__rosidl_typesupport_introspection_c.dir/rosidl_typesupport_introspection_c/dsr_msgs2/srv/detail/set_modbus_output__type_support.c.o[0m
[29.775s] [ 63%] [32mBuilding C object CMakeFiles/dsr_msgs2__rosidl_typesupport_introspection_c.dir/rosidl_typesupport_introspection_c/dsr_msgs2/srv/detail/get_modbus_input__type_support.c.o[0m
[29.785s] [ 63%] [32mBuilding CXX object CMakeFiles/dsr_msgs2__rosidl_typesupport_fastrtps_c.dir/rosidl_typesupport_fastrtps_c/dsr_msgs2/srv/detail/set_safety_mode__type_support_c.cpp.o[0m
[29.792s] [ 63%] [32mBuilding CXX object CMakeFiles/dsr_msgs2__rosidl_typesupport_fastrtps_cpp.dir/rosidl_typesupport_fastrtps_cpp/dsr_msgs2/srv/detail/dds_fastrtps/move_periodic__type_support.cpp.o[0m
[29.815s] [ 63%] [32mBuilding C object CMakeFiles/dsr_msgs2__rosidl_typesupport_introspection_c.dir/rosidl_typesupport_introspection_c/dsr_msgs2/srv/detail/drl_start__type_support.c.o[0m
[29.831s] [ 64%] [32mBuilding CXX object CMakeFiles/dsr_msgs2__rosidl_typesupport_fastrtps_cpp.dir/rosidl_typesupport_fastrtps_cpp/dsr_msgs2/srv/detail/dds_fastrtps/move_wait__type_support.cpp.o[0m
[29.835s] [ 64%] [32mBuilding CXX object CMakeFiles/dsr_msgs2__rosidl_typesupport_introspection_cpp.dir/rosidl_typesupport_introspection_cpp/dsr_msgs2/srv/detail/set_tool_digital_output__type_support.cpp.o[0m
[29.848s] [ 64%] [32mBuilding C object CMakeFiles/dsr_msgs2__rosidl_typesupport_introspection_c.dir/rosidl_typesupport_introspection_c/dsr_msgs2/srv/detail/drl_stop__type_support.c.o[0m
[29.848s] [ 64%] [32mBuilding CXX object CMakeFiles/dsr_msgs2__rosidl_typesupport_fastrtps_c.dir/rosidl_typesupport_fastrtps_c/dsr_msgs2/srv/detail/move_joint__type_support_c.cpp.o[0m
[29.884s] [ 64%] [32mBuilding C object CMakeFiles/dsr_msgs2__rosidl_typesupport_introspection_c.dir/rosidl_typesupport_introspection_c/dsr_msgs2/srv/detail/drl_pause__type_support.c.o[0m
[29.919s] [ 64%] [32mBuilding C object CMakeFiles/dsr_msgs2__rosidl_typesupport_introspection_c.dir/rosidl_typesupport_introspection_c/dsr_msgs2/srv/detail/drl_resume__type_support.c.o[0m
[29.935s] [ 64%] [32mBuilding CXX object CMakeFiles/dsr_msgs2__rosidl_typesupport_fastrtps_cpp.dir/rosidl_typesupport_fastrtps_cpp/dsr_msgs2/srv/detail/dds_fastrtps/jog__type_support.cpp.o[0m
[29.940s] [ 64%] [32mBuilding C object CMakeFiles/dsr_msgs2__rosidl_typesupport_introspection_c.dir/rosidl_typesupport_introspection_c/dsr_msgs2/srv/detail/get_drl_state__type_support.c.o[0m
[29.942s] [ 64%] [32mBuilding CXX object CMakeFiles/dsr_msgs2__rosidl_typesupport_fastrtps_c.dir/rosidl_typesupport_fastrtps_c/dsr_msgs2/srv/detail/move_line__type_support_c.cpp.o[0m
[29.952s] [ 64%] [32mBuilding CXX object CMakeFiles/dsr_msgs2__rosidl_typesupport_fastrtps_cpp.dir/rosidl_typesupport_fastrtps_cpp/dsr_msgs2/srv/detail/dds_fastrtps/jog_multi__type_support.cpp.o[0m
[29.977s] [ 64%] [32mBuilding C object CMakeFiles/dsr_msgs2__rosidl_typesupport_introspection_c.dir/rosidl_typesupport_introspection_c/dsr_msgs2/srv/detail/robotiq2_f_close__type_support.c.o[0m
[30.012s] [ 64%] [32mBuilding CXX object CMakeFiles/dsr_msgs2__rosidl_typesupport_fastrtps_c.dir/rosidl_typesupport_fastrtps_c/dsr_msgs2/srv/detail/move_jointx__type_support_c.cpp.o[0m
[30.013s] [ 64%] [32mBuilding C object CMakeFiles/dsr_msgs2__rosidl_typesupport_introspection_c.dir/rosidl_typesupport_introspection_c/dsr_msgs2/srv/detail/robotiq2_f_open__type_support.c.o[0m
[30.013s] [ 64%] [32mBuilding CXX object CMakeFiles/dsr_msgs2__rosidl_typesupport_introspection_cpp.dir/rosidl_typesupport_introspection_cpp/dsr_msgs2/srv/detail/get_tool_digital_output__type_support.cpp.o[0m
[30.049s] [ 64%] [32mBuilding C object CMakeFiles/dsr_msgs2__rosidl_typesupport_introspection_c.dir/rosidl_typesupport_introspection_c/dsr_msgs2/srv/detail/robotiq2_f_move__type_support.c.o[0m
[30.049s] [ 64%] [32mBuilding CXX object CMakeFiles/dsr_msgs2__rosidl_typesupport_fastrtps_c.dir/rosidl_typesupport_fastrtps_c/dsr_msgs2/srv/detail/move_circle__type_support_c.cpp.o[0m
[30.085s] [ 64%] [32mBuilding C object CMakeFiles/dsr_msgs2__rosidl_typesupport_introspection_c.dir/rosidl_typesupport_introspection_c/dsr_msgs2/srv/detail/serial_send_data__type_support.c.o[0m
[30.116s] [ 65%] [32mBuilding CXX object CMakeFiles/dsr_msgs2__rosidl_typesupport_fastrtps_c.dir/rosidl_typesupport_fastrtps_c/dsr_msgs2/srv/detail/move_spline_joint__type_support_c.cpp.o[0m
[30.122s] [ 65%] [32mBuilding CXX object CMakeFiles/dsr_msgs2__rosidl_typesupport_fastrtps_c.dir/rosidl_typesupport_fastrtps_c/dsr_msgs2/srv/detail/move_spline_task__type_support_c.cpp.o[0m
[30.124s] [ 66%] [32mBuilding C object CMakeFiles/dsr_msgs2__rosidl_typesupport_introspection_c.dir/rosidl_typesupport_introspection_c/dsr_msgs2/srv/detail/connect_rt_control__type_support.c.o[0m
[30.148s] [ 66%] [32mBuilding CXX object CMakeFiles/dsr_msgs2__rosidl_typesupport_introspection_cpp.dir/rosidl_typesupport_introspection_cpp/dsr_msgs2/srv/detail/get_tool_digital_input__type_support.cpp.o[0m
[30.153s] [ 66%] [32mBuilding CXX object CMakeFiles/dsr_msgs2__rosidl_typesupport_fastrtps_c.dir/rosidl_typesupport_fastrtps_c/dsr_msgs2/srv/detail/move_blending__type_support_c.cpp.o[0m
[30.173s] [ 66%] [32mBuilding C object CMakeFiles/dsr_msgs2__rosidl_typesupport_introspection_c.dir/rosidl_typesupport_introspection_c/dsr_msgs2/srv/detail/disconnect_rt_control__type_support.c.o[0m
[30.181s] [ 66%] [32mBuilding CXX object CMakeFiles/dsr_msgs2__rosidl_typesupport_fastrtps_cpp.dir/rosidl_typesupport_fastrtps_cpp/dsr_msgs2/srv/detail/dds_fastrtps/move_stop__type_support.cpp.o[0m
[30.203s] [ 66%] [32mBuilding CXX object CMakeFiles/dsr_msgs2__rosidl_typesupport_fastrtps_c.dir/rosidl_typesupport_fastrtps_c/dsr_msgs2/srv/detail/move_spiral__type_support_c.cpp.o[0m
[30.214s] [ 66%] [32mBuilding C object CMakeFiles/dsr_msgs2__rosidl_typesupport_introspection_c.dir/rosidl_typesupport_introspection_c/dsr_msgs2/srv/detail/get_rt_control_input_data_list__type_support.c.o[0m
[30.222s] [ 66%] [32mBuilding CXX object CMakeFiles/dsr_msgs2__rosidl_typesupport_fastrtps_cpp.dir/rosidl_typesupport_fastrtps_cpp/dsr_msgs2/srv/detail/dds_fastrtps/move_pause__type_support.cpp.o[0m
[30.236s] [ 66%] [32mBuilding C object CMakeFiles/dsr_msgs2__rosidl_typesupport_introspection_c.dir/rosidl_typesupport_introspection_c/dsr_msgs2/srv/detail/get_rt_control_input_version_list__type_support.c.o[0m
[30.249s] [ 66%] [32mBuilding CXX object CMakeFiles/dsr_msgs2__rosidl_typesupport_fastrtps_cpp.dir/rosidl_typesupport_fastrtps_cpp/dsr_msgs2/srv/detail/dds_fastrtps/move_resume__type_support.cpp.o[0m
[30.263s] [ 66%] [32mBuilding C object CMakeFiles/dsr_msgs2__rosidl_typesupport_introspection_c.dir/rosidl_typesupport_introspection_c/dsr_msgs2/srv/detail/get_rt_control_output_data_list__type_support.c.o[0m
[30.283s] [ 66%] [32mBuilding CXX object CMakeFiles/dsr_msgs2__rosidl_typesupport_introspection_cpp.dir/rosidl_typesupport_introspection_cpp/dsr_msgs2/srv/detail/set_ctrl_box_digital_output__type_support.cpp.o[0m
[30.296s] [ 66%] [32mBuilding C object CMakeFiles/dsr_msgs2__rosidl_typesupport_introspection_c.dir/rosidl_typesupport_introspection_c/dsr_msgs2/srv/detail/get_rt_control_output_version_list__type_support.c.o[0m
[30.299s] [ 66%] [32mBuilding CXX object CMakeFiles/dsr_msgs2__rosidl_typesupport_fastrtps_cpp.dir/rosidl_typesupport_fastrtps_cpp/dsr_msgs2/srv/detail/dds_fastrtps/trans__type_support.cpp.o[0m
[30.334s] [ 66%] [32mBuilding C object CMakeFiles/dsr_msgs2__rosidl_typesupport_introspection_c.dir/rosidl_typesupport_introspection_c/dsr_msgs2/srv/detail/read_data_rt__type_support.c.o[0m
[30.365s] [ 66%] [32mBuilding CXX object CMakeFiles/dsr_msgs2__rosidl_typesupport_fastrtps_c.dir/rosidl_typesupport_fastrtps_c/dsr_msgs2/srv/detail/move_periodic__type_support_c.cpp.o[0m
[30.366s] [ 66%] [32mBuilding C object CMakeFiles/dsr_msgs2__rosidl_typesupport_introspection_c.dir/rosidl_typesupport_introspection_c/dsr_msgs2/srv/detail/set_accj_rt__type_support.c.o[0m
[30.406s] [ 66%] [32mBuilding C object CMakeFiles/dsr_msgs2__rosidl_typesupport_introspection_c.dir/rosidl_typesupport_introspection_c/dsr_msgs2/srv/detail/set_rt_control_input__type_support.c.o[0m
[30.406s] [ 66%] [32mBuilding C object CMakeFiles/dsr_msgs2__rosidl_typesupport_introspection_c.dir/rosidl_typesupport_introspection_c/dsr_msgs2/srv/detail/set_accx_rt__type_support.c.o[0m
[30.426s] [ 67%] [32mBuilding CXX object CMakeFiles/dsr_msgs2__rosidl_typesupport_introspection_cpp.dir/rosidl_typesupport_introspection_cpp/dsr_msgs2/srv/detail/get_ctrl_box_digital_output__type_support.cpp.o[0m
[30.444s] [ 67%] [32mBuilding CXX object CMakeFiles/dsr_msgs2__rosidl_typesupport_fastrtps_cpp.dir/rosidl_typesupport_fastrtps_cpp/dsr_msgs2/srv/detail/dds_fastrtps/fkin__type_support.cpp.o[0m
[30.450s] [ 67%] [32mBuilding CXX object CMakeFiles/dsr_msgs2__rosidl_typesupport_fastrtps_c.dir/rosidl_typesupport_fastrtps_c/dsr_msgs2/srv/detail/move_wait__type_support_c.cpp.o[0m
[30.451s] [ 67%] [32mBuilding C object CMakeFiles/dsr_msgs2__rosidl_typesupport_introspection_c.dir/rosidl_typesupport_introspection_c/dsr_msgs2/srv/detail/set_rt_control_output__type_support.c.o[0m
[30.470s] [ 67%] [32mBuilding CXX object CMakeFiles/dsr_msgs2__rosidl_typesupport_fastrtps_cpp.dir/rosidl_typesupport_fastrtps_cpp/dsr_msgs2/srv/detail/dds_fastrtps/ikin__type_support.cpp.o[0m
[30.474s] [ 67%] [32mBuilding CXX object CMakeFiles/dsr_msgs2__rosidl_typesupport_fastrtps_cpp.dir/rosidl_typesupport_fastrtps_cpp/dsr_msgs2/srv/detail/dds_fastrtps/set_ref_coord__type_support.cpp.o[0m
[30.490s] [ 67%] [32mBuilding C object CMakeFiles/dsr_msgs2__rosidl_typesupport_introspection_c.dir/rosidl_typesupport_introspection_c/dsr_msgs2/srv/detail/set_velj_rt__type_support.c.o[0m
[30.513s] [ 67%] [32mBuilding CXX object CMakeFiles/dsr_msgs2__rosidl_typesupport_introspection_cpp.dir/rosidl_typesupport_introspection_cpp/dsr_msgs2/srv/detail/get_ctrl_box_digital_input__type_support.cpp.o[0m
[30.520s] [ 67%] [32mBuilding CXX object CMakeFiles/dsr_msgs2__rosidl_typesupport_introspection_cpp.dir/rosidl_typesupport_introspection_cpp/dsr_msgs2/srv/detail/set_ctrl_box_analog_input_type__type_support.cpp.o[0m
[30.531s] [ 68%] [32mBuilding C object CMakeFiles/dsr_msgs2__rosidl_typesupport_introspection_c.dir/rosidl_typesupport_introspection_c/dsr_msgs2/srv/detail/set_velx_rt__type_support.c.o[0m
[30.535s] [ 68%] [32mBuilding CXX object CMakeFiles/dsr_msgs2__rosidl_typesupport_fastrtps_cpp.dir/rosidl_typesupport_fastrtps_cpp/dsr_msgs2/srv/detail/dds_fastrtps/move_home__type_support.cpp.o[0m
[30.563s] [ 68%] [32mBuilding C object CMakeFiles/dsr_msgs2__rosidl_typesupport_introspection_c.dir/rosidl_typesupport_introspection_c/dsr_msgs2/srv/detail/start_rt_control__type_support.c.o[0m
[30.564s] [ 69%] [32mBuilding CXX object CMakeFiles/dsr_msgs2__rosidl_typesupport_fastrtps_cpp.dir/rosidl_typesupport_fastrtps_cpp/dsr_msgs2/srv/detail/dds_fastrtps/check_motion__type_support.cpp.o[0m
[30.597s] [ 69%] [32mBuilding C object CMakeFiles/dsr_msgs2__rosidl_typesupport_introspection_c.dir/rosidl_typesupport_introspection_c/dsr_msgs2/srv/detail/stop_rt_control__type_support.c.o[0m
[30.622s] [ 69%] [32mBuilding CXX object CMakeFiles/dsr_msgs2__rosidl_typesupport_fastrtps_c.dir/rosidl_typesupport_fastrtps_c/dsr_msgs2/srv/detail/jog__type_support_c.cpp.o[0m
[30.635s] [ 69%] [32mBuilding CXX object CMakeFiles/dsr_msgs2__rosidl_typesupport_introspection_cpp.dir/rosidl_typesupport_introspection_cpp/dsr_msgs2/srv/detail/set_ctrl_box_analog_output_type__type_support.cpp.o[0m
[30.635s] [ 69%] [32mBuilding C object CMakeFiles/dsr_msgs2__rosidl_typesupport_introspection_c.dir/rosidl_typesupport_introspection_c/dsr_msgs2/srv/detail/write_data_rt__type_support.c.o[0m
[30.659s] [ 69%] [32mBuilding CXX object CMakeFiles/dsr_msgs2__rosidl_typesupport_fastrtps_c.dir/rosidl_typesupport_fastrtps_c/dsr_msgs2/srv/detail/jog_multi__type_support_c.cpp.o[0m
[30.677s] [ 69%] [32m[1mLinking C shared library libdsr_msgs2__rosidl_typesupport_introspection_c.so[0m
[30.713s] [ 69%] [32mBuilding CXX object CMakeFiles/dsr_msgs2__rosidl_typesupport_fastrtps_c.dir/rosidl_typesupport_fastrtps_c/dsr_msgs2/srv/detail/move_stop__type_support_c.cpp.o[0m
[30.714s] [ 69%] [32mBuilding CXX object CMakeFiles/dsr_msgs2__rosidl_typesupport_fastrtps_c.dir/rosidl_typesupport_fastrtps_c/dsr_msgs2/srv/detail/move_pause__type_support_c.cpp.o[0m
[30.760s] [ 69%] Built target dsr_msgs2__rosidl_typesupport_introspection_c
[30.768s] [ 69%] [32mBuilding CXX object CMakeFiles/dsr_msgs2__rosidl_typesupport_introspection_cpp.dir/rosidl_typesupport_introspection_cpp/dsr_msgs2/srv/detail/set_ctrl_box_analog_output__type_support.cpp.o[0m
[30.803s] [ 69%] [32mBuilding CXX object CMakeFiles/dsr_msgs2__rosidl_typesupport_fastrtps_c.dir/rosidl_typesupport_fastrtps_c/dsr_msgs2/srv/detail/move_resume__type_support_c.cpp.o[0m
[30.819s] [ 69%] [32mBuilding CXX object CMakeFiles/dsr_msgs2__rosidl_typesupport_introspection_cpp.dir/rosidl_typesupport_introspection_cpp/dsr_msgs2/srv/detail/get_ctrl_box_analog_input__type_support.cpp.o[0m
[30.827s] [ 69%] [32mBuilding CXX object CMakeFiles/dsr_msgs2__rosidl_typesupport_fastrtps_c.dir/rosidl_typesupport_fastrtps_c/dsr_msgs2/srv/detail/trans__type_support_c.cpp.o[0m
[30.863s] [ 69%] [32mBuilding CXX object CMakeFiles/dsr_msgs2__rosidl_typesupport_introspection_cpp.dir/rosidl_typesupport_introspection_cpp/dsr_msgs2/srv/detail/config_create_modbus__type_support.cpp.o[0m
[30.882s] [ 70%] [32mBuilding CXX object CMakeFiles/dsr_msgs2__rosidl_typesupport_fastrtps_c.dir/rosidl_typesupport_fastrtps_c/dsr_msgs2/srv/detail/fkin__type_support_c.cpp.o[0m
[30.896s] [ 70%] [32mBuilding CXX object CMakeFiles/dsr_msgs2__rosidl_typesupport_fastrtps_c.dir/rosidl_typesupport_fastrtps_c/dsr_msgs2/srv/detail/ikin__type_support_c.cpp.o[0m
[30.909s] [ 70%] [32mBuilding CXX object CMakeFiles/dsr_msgs2__rosidl_typesupport_introspection_cpp.dir/rosidl_typesupport_introspection_cpp/dsr_msgs2/srv/detail/config_delete_modbus__type_support.cpp.o[0m
[31.000s] [ 70%] [32mBuilding CXX object CMakeFiles/dsr_msgs2__rosidl_typesupport_fastrtps_cpp.dir/rosidl_typesupport_fastrtps_cpp/dsr_msgs2/srv/detail/dds_fastrtps/enable_alter_motion__type_support.cpp.o[0m
[31.001s] [ 70%] [32mBuilding CXX object CMakeFiles/dsr_msgs2__rosidl_typesupport_fastrtps_cpp.dir/rosidl_typesupport_fastrtps_cpp/dsr_msgs2/srv/detail/dds_fastrtps/change_operation_speed__type_support.cpp.o[0m
[31.008s] [ 70%] [32mBuilding CXX object CMakeFiles/dsr_msgs2__rosidl_typesupport_introspection_cpp.dir/rosidl_typesupport_introspection_cpp/dsr_msgs2/srv/detail/set_modbus_output__type_support.cpp.o[0m
[31.010s] [ 70%] [32mBuilding CXX object CMakeFiles/dsr_msgs2__rosidl_typesupport_fastrtps_c.dir/rosidl_typesupport_fastrtps_c/dsr_msgs2/srv/detail/set_ref_coord__type_support_c.cpp.o[0m
[31.019s] [ 70%] [32mBuilding CXX object CMakeFiles/dsr_msgs2__rosidl_typesupport_fastrtps_cpp.dir/rosidl_typesupport_fastrtps_cpp/dsr_msgs2/srv/detail/dds_fastrtps/alter_motion__type_support.cpp.o[0m
[31.063s] [ 70%] [32mBuilding CXX object CMakeFiles/dsr_msgs2__rosidl_typesupport_fastrtps_c.dir/rosidl_typesupport_fastrtps_c/dsr_msgs2/srv/detail/move_home__type_support_c.cpp.o[0m
[31.069s] [ 70%] [32mBuilding CXX object CMakeFiles/dsr_msgs2__rosidl_typesupport_introspection_cpp.dir/rosidl_typesupport_introspection_cpp/dsr_msgs2/srv/detail/get_modbus_input__type_support.cpp.o[0m
[31.072s] [ 70%] [32mBuilding CXX object CMakeFiles/dsr_msgs2__rosidl_typesupport_fastrtps_c.dir/rosidl_typesupport_fastrtps_c/dsr_msgs2/srv/detail/check_motion__type_support_c.cpp.o[0m
[31.140s] [ 70%] [32mBuilding CXX object CMakeFiles/dsr_msgs2__rosidl_typesupport_fastrtps_cpp.dir/rosidl_typesupport_fastrtps_cpp/dsr_msgs2/srv/detail/dds_fastrtps/disable_alter_motion__type_support.cpp.o[0m
[31.170s] [ 70%] [32mBuilding CXX object CMakeFiles/dsr_msgs2__rosidl_typesupport_introspection_cpp.dir/rosidl_typesupport_introspection_cpp/dsr_msgs2/srv/detail/drl_start__type_support.cpp.o[0m
[31.230s] [ 70%] [32mBuilding CXX object CMakeFiles/dsr_msgs2__rosidl_typesupport_fastrtps_c.dir/rosidl_typesupport_fastrtps_c/dsr_msgs2/srv/detail/change_operation_speed__type_support_c.cpp.o[0m
[31.232s] [ 70%] [32mBuilding CXX object CMakeFiles/dsr_msgs2__rosidl_typesupport_introspection_cpp.dir/rosidl_typesupport_introspection_cpp/dsr_msgs2/srv/detail/drl_stop__type_support.cpp.o[0m
[31.233s] [ 70%] [32mBuilding CXX object CMakeFiles/dsr_msgs2__rosidl_typesupport_fastrtps_cpp.dir/rosidl_typesupport_fastrtps_cpp/dsr_msgs2/srv/detail/dds_fastrtps/set_singularity_handling__type_support.cpp.o[0m
[31.267s] [ 70%] [32mBuilding CXX object CMakeFiles/dsr_msgs2__rosidl_typesupport_fastrtps_cpp.dir/rosidl_typesupport_fastrtps_cpp/dsr_msgs2/srv/detail/dds_fastrtps/get_control_mode__type_support.cpp.o[0m
[31.293s] [ 70%] [32mBuilding CXX object CMakeFiles/dsr_msgs2__rosidl_typesupport_fastrtps_c.dir/rosidl_typesupport_fastrtps_c/dsr_msgs2/srv/detail/enable_alter_motion__type_support_c.cpp.o[0m
[31.366s] [ 71%] [32mBuilding CXX object CMakeFiles/dsr_msgs2__rosidl_typesupport_introspection_cpp.dir/rosidl_typesupport_introspection_cpp/dsr_msgs2/srv/detail/drl_pause__type_support.cpp.o[0m
[31.417s] [ 71%] [32mBuilding CXX object CMakeFiles/dsr_msgs2__rosidl_typesupport_fastrtps_c.dir/rosidl_typesupport_fastrtps_c/dsr_msgs2/srv/detail/alter_motion__type_support_c.cpp.o[0m
[31.418s] [ 71%] [32mBuilding CXX object CMakeFiles/dsr_msgs2__rosidl_typesupport_introspection_cpp.dir/rosidl_typesupport_introspection_cpp/dsr_msgs2/srv/detail/drl_resume__type_support.cpp.o[0m
[31.428s] [ 71%] [32mBuilding CXX object CMakeFiles/dsr_msgs2__rosidl_typesupport_fastrtps_c.dir/rosidl_typesupport_fastrtps_c/dsr_msgs2/srv/detail/disable_alter_motion__type_support_c.cpp.o[0m
[31.437s] [ 71%] [32mBuilding CXX object CMakeFiles/dsr_msgs2__rosidl_typesupport_fastrtps_c.dir/rosidl_typesupport_fastrtps_c/dsr_msgs2/srv/detail/set_singularity_handling__type_support_c.cpp.o[0m
[31.466s] [ 71%] [32mBuilding CXX object CMakeFiles/dsr_msgs2__rosidl_typesupport_fastrtps_cpp.dir/rosidl_typesupport_fastrtps_cpp/dsr_msgs2/srv/detail/dds_fastrtps/get_control_space__type_support.cpp.o[0m
[31.492s] [ 71%] [32mBuilding CXX object CMakeFiles/dsr_msgs2__rosidl_typesupport_fastrtps_cpp.dir/rosidl_typesupport_fastrtps_cpp/dsr_msgs2/srv/detail/dds_fastrtps/get_current_posj__type_support.cpp.o[0m
[31.531s] [ 71%] [32mBuilding CXX object CMakeFiles/dsr_msgs2__rosidl_typesupport_fastrtps_c.dir/rosidl_typesupport_fastrtps_c/dsr_msgs2/srv/detail/get_control_mode__type_support_c.cpp.o[0m
[31.541s] [ 71%] [32mBuilding CXX object CMakeFiles/dsr_msgs2__rosidl_typesupport_introspection_cpp.dir/rosidl_typesupport_introspection_cpp/dsr_msgs2/srv/detail/get_drl_state__type_support.cpp.o[0m
[31.596s] [ 71%] [32mBuilding CXX object CMakeFiles/dsr_msgs2__rosidl_typesupport_fastrtps_c.dir/rosidl_typesupport_fastrtps_c/dsr_msgs2/srv/detail/get_control_space__type_support_c.cpp.o[0m
[31.605s] [ 71%] [32mBuilding CXX object CMakeFiles/dsr_msgs2__rosidl_typesupport_fastrtps_cpp.dir/rosidl_typesupport_fastrtps_cpp/dsr_msgs2/srv/detail/dds_fastrtps/get_desired_posj__type_support.cpp.o[0m
[31.620s] [ 71%] [32mBuilding CXX object CMakeFiles/dsr_msgs2__rosidl_typesupport_introspection_cpp.dir/rosidl_typesupport_introspection_cpp/dsr_msgs2/srv/detail/robotiq2_f_close__type_support.cpp.o[0m
[31.640s] [ 72%] [32mBuilding CXX object CMakeFiles/dsr_msgs2__rosidl_typesupport_fastrtps_c.dir/rosidl_typesupport_fastrtps_c/dsr_msgs2/srv/detail/get_current_posj__type_support_c.cpp.o[0m
[31.647s] [ 72%] [32mBuilding CXX object CMakeFiles/dsr_msgs2__rosidl_typesupport_fastrtps_c.dir/rosidl_typesupport_fastrtps_c/dsr_msgs2/srv/detail/get_desired_posj__type_support_c.cpp.o[0m
[31.726s] [ 72%] [32mBuilding CXX object CMakeFiles/dsr_msgs2__rosidl_typesupport_introspection_cpp.dir/rosidl_typesupport_introspection_cpp/dsr_msgs2/srv/detail/robotiq2_f_open__type_support.cpp.o[0m
[31.741s] [ 72%] [32mBuilding CXX object CMakeFiles/dsr_msgs2__rosidl_typesupport_fastrtps_c.dir/rosidl_typesupport_fastrtps_c/dsr_msgs2/srv/detail/get_current_velj__type_support_c.cpp.o[0m
[31.743s] [ 72%] [32mBuilding CXX object CMakeFiles/dsr_msgs2__rosidl_typesupport_introspection_cpp.dir/rosidl_typesupport_introspection_cpp/dsr_msgs2/srv/detail/robotiq2_f_move__type_support.cpp.o[0m
[31.762s] [ 72%] [32mBuilding CXX object CMakeFiles/dsr_msgs2__rosidl_typesupport_fastrtps_cpp.dir/rosidl_typesupport_fastrtps_cpp/dsr_msgs2/srv/detail/dds_fastrtps/get_current_velj__type_support.cpp.o[0m
[31.779s] [ 72%] [32mBuilding CXX object CMakeFiles/dsr_msgs2__rosidl_typesupport_introspection_cpp.dir/rosidl_typesupport_introspection_cpp/dsr_msgs2/srv/detail/serial_send_data__type_support.cpp.o[0m
[31.792s] [ 72%] [32mBuilding CXX object CMakeFiles/dsr_msgs2__rosidl_typesupport_fastrtps_c.dir/rosidl_typesupport_fastrtps_c/dsr_msgs2/srv/detail/get_desired_velj__type_support_c.cpp.o[0m
[31.891s] [ 72%] [32mBuilding CXX object CMakeFiles/dsr_msgs2__rosidl_typesupport_introspection_cpp.dir/rosidl_typesupport_introspection_cpp/dsr_msgs2/srv/detail/connect_rt_control__type_support.cpp.o[0m
[31.916s] [ 72%] [32mBuilding CXX object CMakeFiles/dsr_msgs2__rosidl_typesupport_fastrtps_c.dir/rosidl_typesupport_fastrtps_c/dsr_msgs2/srv/detail/get_current_posx__type_support_c.cpp.o[0m
[31.938s] [ 72%] [32mBuilding CXX object CMakeFiles/dsr_msgs2__rosidl_typesupport_fastrtps_cpp.dir/rosidl_typesupport_fastrtps_cpp/dsr_msgs2/srv/detail/dds_fastrtps/get_desired_velj__type_support.cpp.o[0m
[31.985s] [ 72%] [32mBuilding CXX object CMakeFiles/dsr_msgs2__rosidl_typesupport_fastrtps_c.dir/rosidl_typesupport_fastrtps_c/dsr_msgs2/srv/detail/get_current_tool_flange_posx__type_support_c.cpp.o[0m
[31.995s] [ 72%] [32mBuilding CXX object CMakeFiles/dsr_msgs2__rosidl_typesupport_introspection_cpp.dir/rosidl_typesupport_introspection_cpp/dsr_msgs2/srv/detail/disconnect_rt_control__type_support.cpp.o[0m
[31.999s] [ 73%] [32mBuilding CXX object CMakeFiles/dsr_msgs2__rosidl_typesupport_fastrtps_cpp.dir/rosidl_typesupport_fastrtps_cpp/dsr_msgs2/srv/detail/dds_fastrtps/get_current_posx__type_support.cpp.o[0m
[32.009s] [ 73%] [32mBuilding CXX object CMakeFiles/dsr_msgs2__rosidl_typesupport_fastrtps_cpp.dir/rosidl_typesupport_fastrtps_cpp/dsr_msgs2/srv/detail/dds_fastrtps/get_current_tool_flange_posx__type_support.cpp.o[0m
[32.040s] [ 73%] [32mBuilding CXX object CMakeFiles/dsr_msgs2__rosidl_typesupport_fastrtps_c.dir/rosidl_typesupport_fastrtps_c/dsr_msgs2/srv/detail/get_current_velx__type_support_c.cpp.o[0m
[32.048s] [ 73%] [32mBuilding CXX object CMakeFiles/dsr_msgs2__rosidl_typesupport_introspection_cpp.dir/rosidl_typesupport_introspection_cpp/dsr_msgs2/srv/detail/get_rt_control_input_data_list__type_support.cpp.o[0m
[32.083s] [ 73%] [32mBuilding CXX object CMakeFiles/dsr_msgs2__rosidl_typesupport_fastrtps_c.dir/rosidl_typesupport_fastrtps_c/dsr_msgs2/srv/detail/get_desired_posx__type_support_c.cpp.o[0m
[32.113s] [ 73%] [32mBuilding CXX object CMakeFiles/dsr_msgs2__rosidl_typesupport_fastrtps_c.dir/rosidl_typesupport_fastrtps_c/dsr_msgs2/srv/detail/get_desired_velx__type_support_c.cpp.o[0m
[32.119s] [ 73%] [32mBuilding CXX object CMakeFiles/dsr_msgs2__rosidl_typesupport_fastrtps_cpp.dir/rosidl_typesupport_fastrtps_cpp/dsr_msgs2/srv/detail/dds_fastrtps/get_current_velx__type_support.cpp.o[0m
[32.138s] [ 73%] [32mBuilding CXX object CMakeFiles/dsr_msgs2__rosidl_typesupport_introspection_cpp.dir/rosidl_typesupport_introspection_cpp/dsr_msgs2/srv/detail/get_rt_control_input_version_list__type_support.cpp.o[0m
[32.173s] [ 73%] [32mBuilding CXX object CMakeFiles/dsr_msgs2__rosidl_typesupport_fastrtps_c.dir/rosidl_typesupport_fastrtps_c/dsr_msgs2/srv/detail/get_current_rotm__type_support_c.cpp.o[0m
[32.180s] [ 73%] [32mBuilding CXX object CMakeFiles/dsr_msgs2__rosidl_typesupport_fastrtps_c.dir/rosidl_typesupport_fastrtps_c/dsr_msgs2/srv/detail/get_current_solution_space__type_support_c.cpp.o[0m
[32.207s] [ 73%] [32mBuilding CXX object CMakeFiles/dsr_msgs2__rosidl_typesupport_fastrtps_cpp.dir/rosidl_typesupport_fastrtps_cpp/dsr_msgs2/srv/detail/dds_fastrtps/get_desired_posx__type_support.cpp.o[0m
[32.287s] [ 73%] [32mBuilding CXX object CMakeFiles/dsr_msgs2__rosidl_typesupport_introspection_cpp.dir/rosidl_typesupport_introspection_cpp/dsr_msgs2/srv/detail/get_rt_control_output_data_list__type_support.cpp.o[0m
[32.399s] [ 74%] [32mBuilding CXX object CMakeFiles/dsr_msgs2__rosidl_typesupport_fastrtps_c.dir/rosidl_typesupport_fastrtps_c/dsr_msgs2/srv/detail/get_joint_torque__type_support_c.cpp.o[0m
[32.401s] [ 75%] [32mBuilding CXX object CMakeFiles/dsr_msgs2__rosidl_typesupport_introspection_cpp.dir/rosidl_typesupport_introspection_cpp/dsr_msgs2/srv/detail/get_rt_control_output_version_list__type_support.cpp.o[0m
[32.415s] [ 75%] [32mBuilding CXX object CMakeFiles/dsr_msgs2__rosidl_typesupport_fastrtps_cpp.dir/rosidl_typesupport_fastrtps_cpp/dsr_msgs2/srv/detail/dds_fastrtps/get_desired_velx__type_support.cpp.o[0m
[32.423s] [ 75%] [32mBuilding CXX object CMakeFiles/dsr_msgs2__rosidl_typesupport_fastrtps_cpp.dir/rosidl_typesupport_fastrtps_cpp/dsr_msgs2/srv/detail/dds_fastrtps/get_current_solution_space__type_support.cpp.o[0m
[32.456s] [ 75%] [32mBuilding CXX object CMakeFiles/dsr_msgs2__rosidl_typesupport_fastrtps_c.dir/rosidl_typesupport_fastrtps_c/dsr_msgs2/srv/detail/get_external_torque__type_support_c.cpp.o[0m
[32.465s] [ 75%] [32mBuilding CXX object CMakeFiles/dsr_msgs2__rosidl_typesupport_introspection_cpp.dir/rosidl_typesupport_introspection_cpp/dsr_msgs2/srv/detail/read_data_rt__type_support.cpp.o[0m
[32.465s] [ 75%] [32mBuilding CXX object CMakeFiles/dsr_msgs2__rosidl_typesupport_fastrtps_c.dir/rosidl_typesupport_fastrtps_c/dsr_msgs2/srv/detail/get_tool_force__type_support_c.cpp.o[0m
[32.469s] [ 75%] [32mBuilding CXX object CMakeFiles/dsr_msgs2__rosidl_typesupport_fastrtps_c.dir/rosidl_typesupport_fastrtps_c/dsr_msgs2/srv/detail/get_solution_space__type_support_c.cpp.o[0m
[32.503s] [ 75%] [32mBuilding CXX object CMakeFiles/dsr_msgs2__rosidl_typesupport_fastrtps_cpp.dir/rosidl_typesupport_fastrtps_cpp/dsr_msgs2/srv/detail/dds_fastrtps/get_current_rotm__type_support.cpp.o[0m
[32.519s] [ 75%] [32mBuilding CXX object CMakeFiles/dsr_msgs2__rosidl_typesupport_introspection_cpp.dir/rosidl_typesupport_introspection_cpp/dsr_msgs2/srv/detail/set_accj_rt__type_support.cpp.o[0m
[32.532s] [ 75%] [32mBuilding CXX object CMakeFiles/dsr_msgs2__rosidl_typesupport_introspection_cpp.dir/rosidl_typesupport_introspection_cpp/dsr_msgs2/srv/detail/set_accx_rt__type_support.cpp.o[0m
[32.552s] [ 75%] [32mBuilding CXX object CMakeFiles/dsr_msgs2__rosidl_typesupport_introspection_cpp.dir/rosidl_typesupport_introspection_cpp/dsr_msgs2/srv/detail/set_rt_control_input__type_support.cpp.o[0m
[32.593s] [ 75%] [32mBuilding CXX object CMakeFiles/dsr_msgs2__rosidl_typesupport_introspection_cpp.dir/rosidl_typesupport_introspection_cpp/dsr_msgs2/srv/detail/set_rt_control_output__type_support.cpp.o[0m
[32.670s] [ 75%] [32mBuilding CXX object CMakeFiles/dsr_msgs2__rosidl_typesupport_fastrtps_cpp.dir/rosidl_typesupport_fastrtps_cpp/dsr_msgs2/srv/detail/dds_fastrtps/get_joint_torque__type_support.cpp.o[0m
[32.674s] [ 75%] [32mBuilding CXX object CMakeFiles/dsr_msgs2__rosidl_typesupport_introspection_cpp.dir/rosidl_typesupport_introspection_cpp/dsr_msgs2/srv/detail/set_velj_rt__type_support.cpp.o[0m
[32.711s] [ 75%] [32mBuilding CXX object CMakeFiles/dsr_msgs2__rosidl_typesupport_introspection_cpp.dir/rosidl_typesupport_introspection_cpp/dsr_msgs2/srv/detail/set_velx_rt__type_support.cpp.o[0m
[32.736s] [ 75%] [32mBuilding CXX object CMakeFiles/dsr_msgs2__rosidl_typesupport_fastrtps_c.dir/rosidl_typesupport_fastrtps_c/dsr_msgs2/srv/detail/get_orientation_error__type_support_c.cpp.o[0m
[32.801s] [ 75%] [32mBuilding CXX object CMakeFiles/dsr_msgs2__rosidl_typesupport_fastrtps_c.dir/rosidl_typesupport_fastrtps_c/dsr_msgs2/srv/detail/parallel_axis1__type_support_c.cpp.o[0m
[32.802s] [ 75%] [32mBuilding CXX object CMakeFiles/dsr_msgs2__rosidl_typesupport_introspection_cpp.dir/rosidl_typesupport_introspection_cpp/dsr_msgs2/srv/detail/start_rt_control__type_support.cpp.o[0m
[32.863s] [ 75%] [32mBuilding CXX object CMakeFiles/dsr_msgs2__rosidl_typesupport_fastrtps_c.dir/rosidl_typesupport_fastrtps_c/dsr_msgs2/srv/detail/parallel_axis2__type_support_c.cpp.o[0m
[32.867s] [ 75%] [32mBuilding CXX object CMakeFiles/dsr_msgs2__rosidl_typesupport_fastrtps_c.dir/rosidl_typesupport_fastrtps_c/dsr_msgs2/srv/detail/align_axis1__type_support_c.cpp.o[0m
[32.898s] [ 75%] [32mBuilding CXX object CMakeFiles/dsr_msgs2__rosidl_typesupport_fastrtps_cpp.dir/rosidl_typesupport_fastrtps_cpp/dsr_msgs2/srv/detail/dds_fastrtps/get_external_torque__type_support.cpp.o[0m
[32.898s] [ 75%] [32mBuilding CXX object CMakeFiles/dsr_msgs2__rosidl_typesupport_fastrtps_c.dir/rosidl_typesupport_fastrtps_c/dsr_msgs2/srv/detail/align_axis2__type_support_c.cpp.o[0m
[32.936s] [ 75%] [32mBuilding CXX object CMakeFiles/dsr_msgs2__rosidl_typesupport_fastrtps_cpp.dir/rosidl_typesupport_fastrtps_cpp/dsr_msgs2/srv/detail/dds_fastrtps/get_tool_force__type_support.cpp.o[0m
[32.969s] [ 75%] [32mBuilding CXX object CMakeFiles/dsr_msgs2__rosidl_typesupport_fastrtps_c.dir/rosidl_typesupport_fastrtps_c/dsr_msgs2/srv/detail/is_done_bolt_tightening__type_support_c.cpp.o[0m
[32.988s] [ 75%] [32mBuilding CXX object CMakeFiles/dsr_msgs2__rosidl_typesupport_fastrtps_cpp.dir/rosidl_typesupport_fastrtps_cpp/dsr_msgs2/srv/detail/dds_fastrtps/get_solution_space__type_support.cpp.o[0m
[32.999s] [ 75%] [32mBuilding CXX object CMakeFiles/dsr_msgs2__rosidl_typesupport_introspection_cpp.dir/rosidl_typesupport_introspection_cpp/dsr_msgs2/srv/detail/stop_rt_control__type_support.cpp.o[0m
[33.015s] [ 75%] [32mBuilding CXX object CMakeFiles/dsr_msgs2__rosidl_typesupport_fastrtps_cpp.dir/rosidl_typesupport_fastrtps_cpp/dsr_msgs2/srv/detail/dds_fastrtps/get_orientation_error__type_support.cpp.o[0m
[33.024s] [ 75%] [32mBuilding CXX object CMakeFiles/dsr_msgs2__rosidl_typesupport_fastrtps_c.dir/rosidl_typesupport_fastrtps_c/dsr_msgs2/srv/detail/release_compliance_ctrl__type_support_c.cpp.o[0m
[33.052s] [ 76%] [32mBuilding CXX object CMakeFiles/dsr_msgs2__rosidl_typesupport_fastrtps_cpp.dir/rosidl_typesupport_fastrtps_cpp/dsr_msgs2/srv/detail/dds_fastrtps/parallel_axis1__type_support.cpp.o[0m
[33.087s] [ 76%] [32mBuilding CXX object CMakeFiles/dsr_msgs2__rosidl_typesupport_fastrtps_cpp.dir/rosidl_typesupport_fastrtps_cpp/dsr_msgs2/srv/detail/dds_fastrtps/parallel_axis2__type_support.cpp.o[0m
[33.129s] [ 76%] [32mBuilding CXX object CMakeFiles/dsr_msgs2__rosidl_typesupport_introspection_cpp.dir/rosidl_typesupport_introspection_cpp/dsr_msgs2/srv/detail/write_data_rt__type_support.cpp.o[0m
[33.156s] [ 76%] [32mBuilding CXX object CMakeFiles/dsr_msgs2__rosidl_typesupport_fastrtps_cpp.dir/rosidl_typesupport_fastrtps_cpp/dsr_msgs2/srv/detail/dds_fastrtps/align_axis1__type_support.cpp.o[0m
[33.169s] [ 76%] [32mBuilding CXX object CMakeFiles/dsr_msgs2__rosidl_typesupport_fastrtps_c.dir/rosidl_typesupport_fastrtps_c/dsr_msgs2/srv/detail/task_compliance_ctrl__type_support_c.cpp.o[0m
[33.180s] [ 77%] [32mBuilding CXX object CMakeFiles/dsr_msgs2__rosidl_typesupport_fastrtps_c.dir/rosidl_typesupport_fastrtps_c/dsr_msgs2/srv/detail/set_stiffnessx__type_support_c.cpp.o[0m
[33.202s] [ 77%] [32mBuilding CXX object CMakeFiles/dsr_msgs2__rosidl_typesupport_fastrtps_cpp.dir/rosidl_typesupport_fastrtps_cpp/dsr_msgs2/srv/detail/dds_fastrtps/align_axis2__type_support.cpp.o[0m
[33.204s] [ 77%] [32mBuilding CXX object CMakeFiles/dsr_msgs2__rosidl_typesupport_fastrtps_cpp.dir/rosidl_typesupport_fastrtps_cpp/dsr_msgs2/srv/detail/dds_fastrtps/is_done_bolt_tightening__type_support.cpp.o[0m
[33.250s] [ 77%] [32mBuilding CXX object CMakeFiles/dsr_msgs2__rosidl_typesupport_fastrtps_cpp.dir/rosidl_typesupport_fastrtps_cpp/dsr_msgs2/srv/detail/dds_fastrtps/release_compliance_ctrl__type_support.cpp.o[0m
[33.337s] [ 77%] [32mBuilding CXX object CMakeFiles/dsr_msgs2__rosidl_typesupport_fastrtps_c.dir/rosidl_typesupport_fastrtps_c/dsr_msgs2/srv/detail/calc_coord__type_support_c.cpp.o[0m
[33.361s] [ 77%] [32mBuilding CXX object CMakeFiles/dsr_msgs2__rosidl_typesupport_fastrtps_c.dir/rosidl_typesupport_fastrtps_c/dsr_msgs2/srv/detail/set_user_cart_coord1__type_support_c.cpp.o[0m
[33.387s] [ 77%] [32mBuilding CXX object CMakeFiles/dsr_msgs2__rosidl_typesupport_fastrtps_cpp.dir/rosidl_typesupport_fastrtps_cpp/dsr_msgs2/srv/detail/dds_fastrtps/task_compliance_ctrl__type_support.cpp.o[0m
[33.391s] [ 77%] [32mBuilding CXX object CMakeFiles/dsr_msgs2__rosidl_typesupport_fastrtps_c.dir/rosidl_typesupport_fastrtps_c/dsr_msgs2/srv/detail/set_user_cart_coord2__type_support_c.cpp.o[0m
[33.412s] [ 77%] [32mBuilding CXX object CMakeFiles/dsr_msgs2__rosidl_typesupport_fastrtps_c.dir/rosidl_typesupport_fastrtps_c/dsr_msgs2/srv/detail/set_user_cart_coord3__type_support_c.cpp.o[0m
[33.462s] [ 77%] [32mBuilding CXX object CMakeFiles/dsr_msgs2__rosidl_typesupport_fastrtps_cpp.dir/rosidl_typesupport_fastrtps_cpp/dsr_msgs2/srv/detail/dds_fastrtps/set_stiffnessx__type_support.cpp.o[0m
[33.493s] [ 77%] [32mBuilding CXX object CMakeFiles/dsr_msgs2__rosidl_typesupport_fastrtps_c.dir/rosidl_typesupport_fastrtps_c/dsr_msgs2/srv/detail/overwrite_user_cart_coord__type_support_c.cpp.o[0m
[33.493s] [ 77%] [32mBuilding CXX object CMakeFiles/dsr_msgs2__rosidl_typesupport_fastrtps_c.dir/rosidl_typesupport_fastrtps_c/dsr_msgs2/srv/detail/get_user_cart_coord__type_support_c.cpp.o[0m
[33.497s] [ 77%] [32mBuilding CXX object CMakeFiles/dsr_msgs2__rosidl_typesupport_fastrtps_c.dir/rosidl_typesupport_fastrtps_c/dsr_msgs2/srv/detail/set_desired_force__type_support_c.cpp.o[0m
[33.513s] [ 78%] [32m[1mLinking CXX shared library libdsr_msgs2__rosidl_typesupport_introspection_cpp.so[0m
[33.514s] [ 78%] [32mBuilding CXX object CMakeFiles/dsr_msgs2__rosidl_typesupport_fastrtps_cpp.dir/rosidl_typesupport_fastrtps_cpp/dsr_msgs2/srv/detail/dds_fastrtps/calc_coord__type_support.cpp.o[0m
[33.560s] [ 78%] [32mBuilding CXX object CMakeFiles/dsr_msgs2__rosidl_typesupport_fastrtps_cpp.dir/rosidl_typesupport_fastrtps_cpp/dsr_msgs2/srv/detail/dds_fastrtps/set_user_cart_coord1__type_support.cpp.o[0m
[33.588s] [ 78%] [32mBuilding CXX object CMakeFiles/dsr_msgs2__rosidl_typesupport_fastrtps_cpp.dir/rosidl_typesupport_fastrtps_cpp/dsr_msgs2/srv/detail/dds_fastrtps/set_user_cart_coord2__type_support.cpp.o[0m
[33.611s] [ 78%] [32mBuilding CXX object CMakeFiles/dsr_msgs2__rosidl_typesupport_fastrtps_c.dir/rosidl_typesupport_fastrtps_c/dsr_msgs2/srv/detail/release_force__type_support_c.cpp.o[0m
[33.616s] [ 78%] [32mBuilding CXX object CMakeFiles/dsr_msgs2__rosidl_typesupport_fastrtps_c.dir/rosidl_typesupport_fastrtps_c/dsr_msgs2/srv/detail/check_position_condition__type_support_c.cpp.o[0m
[33.660s] [ 78%] [32mBuilding CXX object CMakeFiles/dsr_msgs2__rosidl_typesupport_fastrtps_cpp.dir/rosidl_typesupport_fastrtps_cpp/dsr_msgs2/srv/detail/dds_fastrtps/set_user_cart_coord3__type_support.cpp.o[0m
[33.672s] [ 78%] [32mBuilding CXX object CMakeFiles/dsr_msgs2__rosidl_typesupport_fastrtps_c.dir/rosidl_typesupport_fastrtps_c/dsr_msgs2/srv/detail/check_force_condition__type_support_c.cpp.o[0m
[33.715s] [ 78%] Built target dsr_msgs2__rosidl_typesupport_introspection_cpp
[33.723s] [ 78%] [32mBuilding CXX object CMakeFiles/dsr_msgs2__rosidl_typesupport_fastrtps_c.dir/rosidl_typesupport_fastrtps_c/dsr_msgs2/srv/detail/check_orientation_condition1__type_support_c.cpp.o[0m
[33.737s] [ 79%] [32mBuilding CXX object CMakeFiles/dsr_msgs2__rosidl_typesupport_fastrtps_cpp.dir/rosidl_typesupport_fastrtps_cpp/dsr_msgs2/srv/detail/dds_fastrtps/overwrite_user_cart_coord__type_support.cpp.o[0m
[33.799s] [ 79%] [32mBuilding CXX object CMakeFiles/dsr_msgs2__rosidl_typesupport_fastrtps_cpp.dir/rosidl_typesupport_fastrtps_cpp/dsr_msgs2/srv/detail/dds_fastrtps/get_user_cart_coord__type_support.cpp.o[0m
[33.804s] [ 80%] [32mBuilding CXX object CMakeFiles/dsr_msgs2__rosidl_typesupport_fastrtps_c.dir/rosidl_typesupport_fastrtps_c/dsr_msgs2/srv/detail/check_orientation_condition2__type_support_c.cpp.o[0m
[33.818s] [ 80%] [32mBuilding CXX object CMakeFiles/dsr_msgs2__rosidl_typesupport_fastrtps_cpp.dir/rosidl_typesupport_fastrtps_cpp/dsr_msgs2/srv/detail/dds_fastrtps/set_desired_force__type_support.cpp.o[0m
[33.841s] [ 80%] [32mBuilding CXX object CMakeFiles/dsr_msgs2__rosidl_typesupport_fastrtps_cpp.dir/rosidl_typesupport_fastrtps_cpp/dsr_msgs2/srv/detail/dds_fastrtps/release_force__type_support.cpp.o[0m
[33.905s] [ 80%] [32mBuilding CXX object CMakeFiles/dsr_msgs2__rosidl_typesupport_fastrtps_c.dir/rosidl_typesupport_fastrtps_c/dsr_msgs2/srv/detail/coord_transform__type_support_c.cpp.o[0m
[33.929s] [ 80%] [32mBuilding CXX object CMakeFiles/dsr_msgs2__rosidl_typesupport_fastrtps_c.dir/rosidl_typesupport_fastrtps_c/dsr_msgs2/srv/detail/get_workpiece_weight__type_support_c.cpp.o[0m
[33.939s] [ 80%] [32mBuilding CXX object CMakeFiles/dsr_msgs2__rosidl_typesupport_fastrtps_cpp.dir/rosidl_typesupport_fastrtps_cpp/dsr_msgs2/srv/detail/dds_fastrtps/check_position_condition__type_support.cpp.o[0m
[33.952s] [ 80%] [32mBuilding CXX object CMakeFiles/dsr_msgs2__rosidl_typesupport_fastrtps_c.dir/rosidl_typesupport_fastrtps_c/dsr_msgs2/srv/detail/reset_workpiece_weight__type_support_c.cpp.o[0m
[33.953s] [ 80%] [32mBuilding CXX object CMakeFiles/dsr_msgs2__rosidl_typesupport_fastrtps_cpp.dir/rosidl_typesupport_fastrtps_cpp/dsr_msgs2/srv/detail/dds_fastrtps/check_force_condition__type_support.cpp.o[0m
[33.965s] [ 80%] [32mBuilding CXX object CMakeFiles/dsr_msgs2__rosidl_typesupport_fastrtps_c.dir/rosidl_typesupport_fastrtps_c/dsr_msgs2/srv/detail/config_create_tool__type_support_c.cpp.o[0m
[33.978s] [ 80%] [32mBuilding CXX object CMakeFiles/dsr_msgs2__rosidl_typesupport_fastrtps_cpp.dir/rosidl_typesupport_fastrtps_cpp/dsr_msgs2/srv/detail/dds_fastrtps/check_orientation_condition1__type_support.cpp.o[0m
[34.042s] [ 80%] [32mBuilding CXX object CMakeFiles/dsr_msgs2__rosidl_typesupport_fastrtps_cpp.dir/rosidl_typesupport_fastrtps_cpp/dsr_msgs2/srv/detail/dds_fastrtps/check_orientation_condition2__type_support.cpp.o[0m
[34.048s] [ 80%] [32mBuilding CXX object CMakeFiles/dsr_msgs2__rosidl_typesupport_fastrtps_c.dir/rosidl_typesupport_fastrtps_c/dsr_msgs2/srv/detail/config_delete_tool__type_support_c.cpp.o[0m
[34.061s] [ 80%] [32mBuilding CXX object CMakeFiles/dsr_msgs2__rosidl_typesupport_fastrtps_cpp.dir/rosidl_typesupport_fastrtps_cpp/dsr_msgs2/srv/detail/dds_fastrtps/coord_transform__type_support.cpp.o[0m
[34.063s] [ 80%] [32mBuilding CXX object CMakeFiles/dsr_msgs2__rosidl_typesupport_fastrtps_c.dir/rosidl_typesupport_fastrtps_c/dsr_msgs2/srv/detail/set_current_tool__type_support_c.cpp.o[0m
[34.137s] [ 80%] [32mBuilding CXX object CMakeFiles/dsr_msgs2__rosidl_typesupport_fastrtps_c.dir/rosidl_typesupport_fastrtps_c/dsr_msgs2/srv/detail/get_current_tool__type_support_c.cpp.o[0m
[34.147s] [ 80%] [32mBuilding CXX object CMakeFiles/dsr_msgs2__rosidl_typesupport_fastrtps_cpp.dir/rosidl_typesupport_fastrtps_cpp/dsr_msgs2/srv/detail/dds_fastrtps/get_workpiece_weight__type_support.cpp.o[0m
[34.241s] [ 80%] [32mBuilding CXX object CMakeFiles/dsr_msgs2__rosidl_typesupport_fastrtps_cpp.dir/rosidl_typesupport_fastrtps_cpp/dsr_msgs2/srv/detail/dds_fastrtps/reset_workpiece_weight__type_support.cpp.o[0m
[34.277s] [ 80%] [32mBuilding CXX object CMakeFiles/dsr_msgs2__rosidl_typesupport_fastrtps_c.dir/rosidl_typesupport_fastrtps_c/dsr_msgs2/srv/detail/set_tool_shape__type_support_c.cpp.o[0m
[34.315s] [ 80%] [32mBuilding CXX object CMakeFiles/dsr_msgs2__rosidl_typesupport_fastrtps_c.dir/rosidl_typesupport_fastrtps_c/dsr_msgs2/srv/detail/config_create_tcp__type_support_c.cpp.o[0m
[34.323s] [ 80%] [32mBuilding CXX object CMakeFiles/dsr_msgs2__rosidl_typesupport_fastrtps_c.dir/rosidl_typesupport_fastrtps_c/dsr_msgs2/srv/detail/config_delete_tcp__type_support_c.cpp.o[0m
[34.331s] [ 80%] [32mBuilding CXX object CMakeFiles/dsr_msgs2__rosidl_typesupport_fastrtps_cpp.dir/rosidl_typesupport_fastrtps_cpp/dsr_msgs2/srv/detail/dds_fastrtps/config_create_tool__type_support.cpp.o[0m
[34.371s] [ 80%] [32mBuilding CXX object CMakeFiles/dsr_msgs2__rosidl_typesupport_fastrtps_c.dir/rosidl_typesupport_fastrtps_c/dsr_msgs2/srv/detail/set_current_tcp__type_support_c.cpp.o[0m
[34.371s] [ 81%] [32mBuilding CXX object CMakeFiles/dsr_msgs2__rosidl_typesupport_fastrtps_c.dir/rosidl_typesupport_fastrtps_c/dsr_msgs2/srv/detail/get_current_tcp__type_support_c.cpp.o[0m
[34.375s] [ 81%] [32mBuilding CXX object CMakeFiles/dsr_msgs2__rosidl_typesupport_fastrtps_c.dir/rosidl_typesupport_fastrtps_c/dsr_msgs2/srv/detail/set_tool_digital_output__type_support_c.cpp.o[0m
[34.382s] [ 82%] [32mBuilding CXX object CMakeFiles/dsr_msgs2__rosidl_typesupport_fastrtps_cpp.dir/rosidl_typesupport_fastrtps_cpp/dsr_msgs2/srv/detail/dds_fastrtps/config_delete_tool__type_support.cpp.o[0m
[34.382s] [ 82%] [32mBuilding CXX object CMakeFiles/dsr_msgs2__rosidl_typesupport_fastrtps_c.dir/rosidl_typesupport_fastrtps_c/dsr_msgs2/srv/detail/get_tool_digital_output__type_support_c.cpp.o[0m
[34.403s] [ 82%] [32mBuilding CXX object CMakeFiles/dsr_msgs2__rosidl_typesupport_fastrtps_cpp.dir/rosidl_typesupport_fastrtps_cpp/dsr_msgs2/srv/detail/dds_fastrtps/set_current_tool__type_support.cpp.o[0m
[34.455s] [ 82%] [32mBuilding CXX object CMakeFiles/dsr_msgs2__rosidl_typesupport_fastrtps_c.dir/rosidl_typesupport_fastrtps_c/dsr_msgs2/srv/detail/get_tool_digital_input__type_support_c.cpp.o[0m
[34.486s] [ 82%] [32mBuilding CXX object CMakeFiles/dsr_msgs2__rosidl_typesupport_fastrtps_cpp.dir/rosidl_typesupport_fastrtps_cpp/dsr_msgs2/srv/detail/dds_fastrtps/get_current_tool__type_support.cpp.o[0m
[34.487s] [ 82%] [32mBuilding CXX object CMakeFiles/dsr_msgs2__rosidl_typesupport_fastrtps_c.dir/rosidl_typesupport_fastrtps_c/dsr_msgs2/srv/detail/set_ctrl_box_digital_output__type_support_c.cpp.o[0m
[34.488s] [ 82%] [32mBuilding CXX object CMakeFiles/dsr_msgs2__rosidl_typesupport_fastrtps_c.dir/rosidl_typesupport_fastrtps_c/dsr_msgs2/srv/detail/get_ctrl_box_digital_output__type_support_c.cpp.o[0m
[34.540s] [ 82%] [32mBuilding CXX object CMakeFiles/dsr_msgs2__rosidl_typesupport_fastrtps_c.dir/rosidl_typesupport_fastrtps_c/dsr_msgs2/srv/detail/get_ctrl_box_digital_input__type_support_c.cpp.o[0m
[34.618s] [ 82%] [32mBuilding CXX object CMakeFiles/dsr_msgs2__rosidl_typesupport_fastrtps_c.dir/rosidl_typesupport_fastrtps_c/dsr_msgs2/srv/detail/set_ctrl_box_analog_input_type__type_support_c.cpp.o[0m
[34.645s] [ 82%] [32mBuilding CXX object CMakeFiles/dsr_msgs2__rosidl_typesupport_fastrtps_cpp.dir/rosidl_typesupport_fastrtps_cpp/dsr_msgs2/srv/detail/dds_fastrtps/set_tool_shape__type_support.cpp.o[0m
[34.662s] [ 82%] [32mBuilding CXX object CMakeFiles/dsr_msgs2__rosidl_typesupport_fastrtps_cpp.dir/rosidl_typesupport_fastrtps_cpp/dsr_msgs2/srv/detail/dds_fastrtps/config_create_tcp__type_support.cpp.o[0m
[34.708s] [ 82%] [32mBuilding CXX object CMakeFiles/dsr_msgs2__rosidl_typesupport_fastrtps_cpp.dir/rosidl_typesupport_fastrtps_cpp/dsr_msgs2/srv/detail/dds_fastrtps/config_delete_tcp__type_support.cpp.o[0m
[34.740s] [ 82%] [32mBuilding CXX object CMakeFiles/dsr_msgs2__rosidl_typesupport_fastrtps_c.dir/rosidl_typesupport_fastrtps_c/dsr_msgs2/srv/detail/set_ctrl_box_analog_output_type__type_support_c.cpp.o[0m
[34.786s] [ 82%] [32mBuilding CXX object CMakeFiles/dsr_msgs2__rosidl_typesupport_fastrtps_c.dir/rosidl_typesupport_fastrtps_c/dsr_msgs2/srv/detail/set_ctrl_box_analog_output__type_support_c.cpp.o[0m
[34.786s] [ 82%] [32mBuilding CXX object CMakeFiles/dsr_msgs2__rosidl_typesupport_fastrtps_cpp.dir/rosidl_typesupport_fastrtps_cpp/dsr_msgs2/srv/detail/dds_fastrtps/set_current_tcp__type_support.cpp.o[0m
[34.789s] [ 82%] [32mBuilding CXX object CMakeFiles/dsr_msgs2__rosidl_typesupport_fastrtps_cpp.dir/rosidl_typesupport_fastrtps_cpp/dsr_msgs2/srv/detail/dds_fastrtps/get_current_tcp__type_support.cpp.o[0m
[34.801s] [ 82%] [32mBuilding CXX object CMakeFiles/dsr_msgs2__rosidl_typesupport_fastrtps_c.dir/rosidl_typesupport_fastrtps_c/dsr_msgs2/srv/detail/get_ctrl_box_analog_input__type_support_c.cpp.o[0m
[34.804s] [ 82%] [32mBuilding CXX object CMakeFiles/dsr_msgs2__rosidl_typesupport_fastrtps_cpp.dir/rosidl_typesupport_fastrtps_cpp/dsr_msgs2/srv/detail/dds_fastrtps/set_tool_digital_output__type_support.cpp.o[0m
[34.816s] [ 82%] [32mBuilding CXX object CMakeFiles/dsr_msgs2__rosidl_typesupport_fastrtps_cpp.dir/rosidl_typesupport_fastrtps_cpp/dsr_msgs2/srv/detail/dds_fastrtps/get_tool_digital_output__type_support.cpp.o[0m
[34.839s] [ 82%] [32mBuilding CXX object CMakeFiles/dsr_msgs2__rosidl_typesupport_fastrtps_cpp.dir/rosidl_typesupport_fastrtps_cpp/dsr_msgs2/srv/detail/dds_fastrtps/get_tool_digital_input__type_support.cpp.o[0m
[34.849s] [ 82%] [32mBuilding CXX object CMakeFiles/dsr_msgs2__rosidl_typesupport_fastrtps_cpp.dir/rosidl_typesupport_fastrtps_cpp/dsr_msgs2/srv/detail/dds_fastrtps/set_ctrl_box_digital_output__type_support.cpp.o[0m
[34.855s] [ 83%] [32mBuilding CXX object CMakeFiles/dsr_msgs2__rosidl_typesupport_fastrtps_cpp.dir/rosidl_typesupport_fastrtps_cpp/dsr_msgs2/srv/detail/dds_fastrtps/get_ctrl_box_digital_output__type_support.cpp.o[0m
[34.888s] [ 83%] [32mBuilding CXX object CMakeFiles/dsr_msgs2__rosidl_typesupport_fastrtps_cpp.dir/rosidl_typesupport_fastrtps_cpp/dsr_msgs2/srv/detail/dds_fastrtps/get_ctrl_box_digital_input__type_support.cpp.o[0m
[34.888s] [ 83%] [32mBuilding CXX object CMakeFiles/dsr_msgs2__rosidl_typesupport_fastrtps_cpp.dir/rosidl_typesupport_fastrtps_cpp/dsr_msgs2/srv/detail/dds_fastrtps/set_ctrl_box_analog_input_type__type_support.cpp.o[0m
[34.952s] [ 83%] [32mBuilding CXX object CMakeFiles/dsr_msgs2__rosidl_typesupport_fastrtps_cpp.dir/rosidl_typesupport_fastrtps_cpp/dsr_msgs2/srv/detail/dds_fastrtps/set_ctrl_box_analog_output_type__type_support.cpp.o[0m
[35.052s] [ 83%] [32mBuilding CXX object CMakeFiles/dsr_msgs2__rosidl_typesupport_fastrtps_c.dir/rosidl_typesupport_fastrtps_c/dsr_msgs2/srv/detail/config_create_modbus__type_support_c.cpp.o[0m
[35.070s] [ 84%] [32mBuilding CXX object CMakeFiles/dsr_msgs2__rosidl_typesupport_fastrtps_c.dir/rosidl_typesupport_fastrtps_c/dsr_msgs2/srv/detail/config_delete_modbus__type_support_c.cpp.o[0m
[35.090s] [ 84%] [32mBuilding CXX object CMakeFiles/dsr_msgs2__rosidl_typesupport_fastrtps_cpp.dir/rosidl_typesupport_fastrtps_cpp/dsr_msgs2/srv/detail/dds_fastrtps/set_ctrl_box_analog_output__type_support.cpp.o[0m
[35.123s] [ 84%] [32mBuilding CXX object CMakeFiles/dsr_msgs2__rosidl_typesupport_fastrtps_cpp.dir/rosidl_typesupport_fastrtps_cpp/dsr_msgs2/srv/detail/dds_fastrtps/get_ctrl_box_analog_input__type_support.cpp.o[0m
[35.158s] [ 84%] [32mBuilding CXX object CMakeFiles/dsr_msgs2__rosidl_typesupport_fastrtps_c.dir/rosidl_typesupport_fastrtps_c/dsr_msgs2/srv/detail/set_modbus_output__type_support_c.cpp.o[0m
[35.200s] [ 84%] [32mBuilding CXX object CMakeFiles/dsr_msgs2__rosidl_typesupport_fastrtps_c.dir/rosidl_typesupport_fastrtps_c/dsr_msgs2/srv/detail/get_modbus_input__type_support_c.cpp.o[0m
[35.239s] [ 84%] [32mBuilding CXX object CMakeFiles/dsr_msgs2__rosidl_typesupport_fastrtps_cpp.dir/rosidl_typesupport_fastrtps_cpp/dsr_msgs2/srv/detail/dds_fastrtps/config_create_modbus__type_support.cpp.o[0m
[35.243s] [ 84%] [32mBuilding CXX object CMakeFiles/dsr_msgs2__rosidl_typesupport_fastrtps_c.dir/rosidl_typesupport_fastrtps_c/dsr_msgs2/srv/detail/drl_start__type_support_c.cpp.o[0m
[35.254s] [ 84%] [32mBuilding CXX object CMakeFiles/dsr_msgs2__rosidl_typesupport_fastrtps_c.dir/rosidl_typesupport_fastrtps_c/dsr_msgs2/srv/detail/drl_stop__type_support_c.cpp.o[0m
[35.266s] [ 84%] [32mBuilding CXX object CMakeFiles/dsr_msgs2__rosidl_typesupport_fastrtps_c.dir/rosidl_typesupport_fastrtps_c/dsr_msgs2/srv/detail/drl_pause__type_support_c.cpp.o[0m
[35.293s] [ 84%] [32mBuilding CXX object CMakeFiles/dsr_msgs2__rosidl_typesupport_fastrtps_c.dir/rosidl_typesupport_fastrtps_c/dsr_msgs2/srv/detail/drl_resume__type_support_c.cpp.o[0m
[35.307s] [ 84%] [32mBuilding CXX object CMakeFiles/dsr_msgs2__rosidl_typesupport_fastrtps_cpp.dir/rosidl_typesupport_fastrtps_cpp/dsr_msgs2/srv/detail/dds_fastrtps/config_delete_modbus__type_support.cpp.o[0m
[35.311s] [ 84%] [32mBuilding CXX object CMakeFiles/dsr_msgs2__rosidl_typesupport_fastrtps_c.dir/rosidl_typesupport_fastrtps_c/dsr_msgs2/srv/detail/get_drl_state__type_support_c.cpp.o[0m
[35.327s] [ 84%] [32mBuilding CXX object CMakeFiles/dsr_msgs2__rosidl_typesupport_fastrtps_c.dir/rosidl_typesupport_fastrtps_c/dsr_msgs2/srv/detail/robotiq2_f_close__type_support_c.cpp.o[0m
[35.331s] [ 84%] [32mBuilding CXX object CMakeFiles/dsr_msgs2__rosidl_typesupport_fastrtps_c.dir/rosidl_typesupport_fastrtps_c/dsr_msgs2/srv/detail/robotiq2_f_open__type_support_c.cpp.o[0m
[35.351s] [ 84%] [32mBuilding CXX object CMakeFiles/dsr_msgs2__rosidl_typesupport_fastrtps_c.dir/rosidl_typesupport_fastrtps_c/dsr_msgs2/srv/detail/robotiq2_f_move__type_support_c.cpp.o[0m
[35.405s] [ 84%] [32mBuilding CXX object CMakeFiles/dsr_msgs2__rosidl_typesupport_fastrtps_cpp.dir/rosidl_typesupport_fastrtps_cpp/dsr_msgs2/srv/detail/dds_fastrtps/set_modbus_output__type_support.cpp.o[0m
[35.417s] [ 84%] [32mBuilding CXX object CMakeFiles/dsr_msgs2__rosidl_typesupport_fastrtps_c.dir/rosidl_typesupport_fastrtps_c/dsr_msgs2/srv/detail/serial_send_data__type_support_c.cpp.o[0m
[35.489s] [ 84%] [32mBuilding CXX object CMakeFiles/dsr_msgs2__rosidl_typesupport_fastrtps_cpp.dir/rosidl_typesupport_fastrtps_cpp/dsr_msgs2/srv/detail/dds_fastrtps/get_modbus_input__type_support.cpp.o[0m
[35.514s] [ 84%] [32mBuilding CXX object CMakeFiles/dsr_msgs2__rosidl_typesupport_fastrtps_cpp.dir/rosidl_typesupport_fastrtps_cpp/dsr_msgs2/srv/detail/dds_fastrtps/drl_start__type_support.cpp.o[0m
[35.520s] [ 85%] [32mBuilding CXX object CMakeFiles/dsr_msgs2__rosidl_typesupport_fastrtps_c.dir/rosidl_typesupport_fastrtps_c/dsr_msgs2/srv/detail/connect_rt_control__type_support_c.cpp.o[0m
[35.548s] [ 85%] [32mBuilding CXX object CMakeFiles/dsr_msgs2__rosidl_typesupport_fastrtps_cpp.dir/rosidl_typesupport_fastrtps_cpp/dsr_msgs2/srv/detail/dds_fastrtps/drl_stop__type_support.cpp.o[0m
[35.588s] [ 86%] [32mBuilding CXX object CMakeFiles/dsr_msgs2__rosidl_typesupport_fastrtps_cpp.dir/rosidl_typesupport_fastrtps_cpp/dsr_msgs2/srv/detail/dds_fastrtps/drl_pause__type_support.cpp.o[0m
[35.609s] [ 86%] [32mBuilding CXX object CMakeFiles/dsr_msgs2__rosidl_typesupport_fastrtps_cpp.dir/rosidl_typesupport_fastrtps_cpp/dsr_msgs2/srv/detail/dds_fastrtps/drl_resume__type_support.cpp.o[0m
[35.669s] [ 86%] [32mBuilding CXX object CMakeFiles/dsr_msgs2__rosidl_typesupport_fastrtps_cpp.dir/rosidl_typesupport_fastrtps_cpp/dsr_msgs2/srv/detail/dds_fastrtps/get_drl_state__type_support.cpp.o[0m
[35.672s] [ 86%] [32mBuilding CXX object CMakeFiles/dsr_msgs2__rosidl_typesupport_fastrtps_cpp.dir/rosidl_typesupport_fastrtps_cpp/dsr_msgs2/srv/detail/dds_fastrtps/robotiq2_f_close__type_support.cpp.o[0m
[35.693s] [ 86%] [32mBuilding CXX object CMakeFiles/dsr_msgs2__rosidl_typesupport_fastrtps_cpp.dir/rosidl_typesupport_fastrtps_cpp/dsr_msgs2/srv/detail/dds_fastrtps/robotiq2_f_open__type_support.cpp.o[0m
[35.706s] [ 86%] [32mBuilding CXX object CMakeFiles/dsr_msgs2__rosidl_typesupport_fastrtps_c.dir/rosidl_typesupport_fastrtps_c/dsr_msgs2/srv/detail/disconnect_rt_control__type_support_c.cpp.o[0m
[35.716s] [ 86%] [32mBuilding CXX object CMakeFiles/dsr_msgs2__rosidl_typesupport_fastrtps_cpp.dir/rosidl_typesupport_fastrtps_cpp/dsr_msgs2/srv/detail/dds_fastrtps/robotiq2_f_move__type_support.cpp.o[0m
[35.719s] [ 86%] [32mBuilding CXX object CMakeFiles/dsr_msgs2__rosidl_typesupport_fastrtps_cpp.dir/rosidl_typesupport_fastrtps_cpp/dsr_msgs2/srv/detail/dds_fastrtps/serial_send_data__type_support.cpp.o[0m
[35.741s] [ 86%] [32mBuilding CXX object CMakeFiles/dsr_msgs2__rosidl_typesupport_fastrtps_cpp.dir/rosidl_typesupport_fastrtps_cpp/dsr_msgs2/srv/detail/dds_fastrtps/connect_rt_control__type_support.cpp.o[0m
[35.748s] [ 86%] [32mBuilding CXX object CMakeFiles/dsr_msgs2__rosidl_typesupport_fastrtps_cpp.dir/rosidl_typesupport_fastrtps_cpp/dsr_msgs2/srv/detail/dds_fastrtps/disconnect_rt_control__type_support.cpp.o[0m
[35.766s] [ 86%] [32mBuilding CXX object CMakeFiles/dsr_msgs2__rosidl_typesupport_fastrtps_cpp.dir/rosidl_typesupport_fastrtps_cpp/dsr_msgs2/srv/detail/dds_fastrtps/get_rt_control_input_data_list__type_support.cpp.o[0m
[35.822s] [ 86%] [32mBuilding CXX object CMakeFiles/dsr_msgs2__rosidl_typesupport_fastrtps_cpp.dir/rosidl_typesupport_fastrtps_cpp/dsr_msgs2/srv/detail/dds_fastrtps/get_rt_control_input_version_list__type_support.cpp.o[0m
[35.874s] [ 86%] [32mBuilding CXX object CMakeFiles/dsr_msgs2__rosidl_typesupport_fastrtps_cpp.dir/rosidl_typesupport_fastrtps_cpp/dsr_msgs2/srv/detail/dds_fastrtps/get_rt_control_output_data_list__type_support.cpp.o[0m
[35.924s] [ 86%] [32mBuilding CXX object CMakeFiles/dsr_msgs2__rosidl_typesupport_fastrtps_c.dir/rosidl_typesupport_fastrtps_c/dsr_msgs2/srv/detail/get_rt_control_input_data_list__type_support_c.cpp.o[0m
[35.954s] [ 86%] [32mBuilding CXX object CMakeFiles/dsr_msgs2__rosidl_typesupport_fastrtps_c.dir/rosidl_typesupport_fastrtps_c/dsr_msgs2/srv/detail/get_rt_control_input_version_list__type_support_c.cpp.o[0m
[35.968s] [ 86%] [32mBuilding CXX object CMakeFiles/dsr_msgs2__rosidl_typesupport_fastrtps_c.dir/rosidl_typesupport_fastrtps_c/dsr_msgs2/srv/detail/get_rt_control_output_data_list__type_support_c.cpp.o[0m
[36.004s] [ 86%] [32mBuilding CXX object CMakeFiles/dsr_msgs2__rosidl_typesupport_fastrtps_c.dir/rosidl_typesupport_fastrtps_c/dsr_msgs2/srv/detail/get_rt_control_output_version_list__type_support_c.cpp.o[0m
[36.013s] [ 86%] [32mBuilding CXX object CMakeFiles/dsr_msgs2__rosidl_typesupport_fastrtps_c.dir/rosidl_typesupport_fastrtps_c/dsr_msgs2/srv/detail/read_data_rt__type_support_c.cpp.o[0m
[36.063s] [ 87%] [32mBuilding CXX object CMakeFiles/dsr_msgs2__rosidl_typesupport_fastrtps_cpp.dir/rosidl_typesupport_fastrtps_cpp/dsr_msgs2/srv/detail/dds_fastrtps/get_rt_control_output_version_list__type_support.cpp.o[0m
[36.075s] [ 87%] [32mBuilding CXX object CMakeFiles/dsr_msgs2__rosidl_typesupport_fastrtps_c.dir/rosidl_typesupport_fastrtps_c/dsr_msgs2/srv/detail/set_accj_rt__type_support_c.cpp.o[0m
[36.085s] [ 87%] [32mBuilding CXX object CMakeFiles/dsr_msgs2__rosidl_typesupport_fastrtps_c.dir/rosidl_typesupport_fastrtps_c/dsr_msgs2/srv/detail/set_accx_rt__type_support_c.cpp.o[0m
[36.112s] [ 87%] [32mBuilding CXX object CMakeFiles/dsr_msgs2__rosidl_typesupport_fastrtps_c.dir/rosidl_typesupport_fastrtps_c/dsr_msgs2/srv/detail/set_rt_control_input__type_support_c.cpp.o[0m
[36.144s] [ 87%] [32mBuilding CXX object CMakeFiles/dsr_msgs2__rosidl_typesupport_fastrtps_c.dir/rosidl_typesupport_fastrtps_c/dsr_msgs2/srv/detail/set_rt_control_output__type_support_c.cpp.o[0m
[36.166s] [ 87%] [32mBuilding CXX object CMakeFiles/dsr_msgs2__rosidl_typesupport_fastrtps_c.dir/rosidl_typesupport_fastrtps_c/dsr_msgs2/srv/detail/set_velj_rt__type_support_c.cpp.o[0m
[36.193s] [ 88%] [32mBuilding CXX object CMakeFiles/dsr_msgs2__rosidl_typesupport_fastrtps_c.dir/rosidl_typesupport_fastrtps_c/dsr_msgs2/srv/detail/set_velx_rt__type_support_c.cpp.o[0m
[36.223s] [ 88%] [32mBuilding CXX object CMakeFiles/dsr_msgs2__rosidl_typesupport_fastrtps_c.dir/rosidl_typesupport_fastrtps_c/dsr_msgs2/srv/detail/start_rt_control__type_support_c.cpp.o[0m
[36.257s] [ 88%] [32mBuilding CXX object CMakeFiles/dsr_msgs2__rosidl_typesupport_fastrtps_c.dir/rosidl_typesupport_fastrtps_c/dsr_msgs2/srv/detail/stop_rt_control__type_support_c.cpp.o[0m
[36.259s] [ 88%] [32mBuilding CXX object CMakeFiles/dsr_msgs2__rosidl_typesupport_fastrtps_c.dir/rosidl_typesupport_fastrtps_c/dsr_msgs2/srv/detail/write_data_rt__type_support_c.cpp.o[0m
[36.273s] [ 88%] [32mBuilding CXX object CMakeFiles/dsr_msgs2__rosidl_typesupport_fastrtps_cpp.dir/rosidl_typesupport_fastrtps_cpp/dsr_msgs2/srv/detail/dds_fastrtps/read_data_rt__type_support.cpp.o[0m
[36.279s] [ 88%] [32mBuilding CXX object CMakeFiles/dsr_msgs2__rosidl_typesupport_fastrtps_cpp.dir/rosidl_typesupport_fastrtps_cpp/dsr_msgs2/srv/detail/dds_fastrtps/set_accj_rt__type_support.cpp.o[0m
[36.296s] [ 88%] [32mBuilding CXX object CMakeFiles/dsr_msgs2__rosidl_typesupport_fastrtps_cpp.dir/rosidl_typesupport_fastrtps_cpp/dsr_msgs2/srv/detail/dds_fastrtps/set_accx_rt__type_support.cpp.o[0m
[36.347s] [ 88%] [32mBuilding CXX object CMakeFiles/dsr_msgs2__rosidl_typesupport_fastrtps_cpp.dir/rosidl_typesupport_fastrtps_cpp/dsr_msgs2/srv/detail/dds_fastrtps/set_rt_control_input__type_support.cpp.o[0m
[36.357s] [ 88%] [32mBuilding CXX object CMakeFiles/dsr_msgs2__rosidl_typesupport_fastrtps_cpp.dir/rosidl_typesupport_fastrtps_cpp/dsr_msgs2/srv/detail/dds_fastrtps/set_rt_control_output__type_support.cpp.o[0m
[36.413s] [ 88%] [32mBuilding CXX object CMakeFiles/dsr_msgs2__rosidl_typesupport_fastrtps_cpp.dir/rosidl_typesupport_fastrtps_cpp/dsr_msgs2/srv/detail/dds_fastrtps/set_velj_rt__type_support.cpp.o[0m
[36.423s] [ 88%] [32mBuilding CXX object CMakeFiles/dsr_msgs2__rosidl_typesupport_fastrtps_cpp.dir/rosidl_typesupport_fastrtps_cpp/dsr_msgs2/srv/detail/dds_fastrtps/set_velx_rt__type_support.cpp.o[0m
[36.426s] [ 88%] [32mBuilding CXX object CMakeFiles/dsr_msgs2__rosidl_typesupport_fastrtps_cpp.dir/rosidl_typesupport_fastrtps_cpp/dsr_msgs2/srv/detail/dds_fastrtps/start_rt_control__type_support.cpp.o[0m
[36.460s] [ 88%] [32mBuilding CXX object CMakeFiles/dsr_msgs2__rosidl_typesupport_fastrtps_cpp.dir/rosidl_typesupport_fastrtps_cpp/dsr_msgs2/srv/detail/dds_fastrtps/stop_rt_control__type_support.cpp.o[0m
[36.495s] [ 88%] [32mBuilding CXX object CMakeFiles/dsr_msgs2__rosidl_typesupport_fastrtps_cpp.dir/rosidl_typesupport_fastrtps_cpp/dsr_msgs2/srv/detail/dds_fastrtps/write_data_rt__type_support.cpp.o[0m
[36.664s] [ 88%] [32m[1mLinking CXX shared library libdsr_msgs2__rosidl_typesupport_fastrtps_c.so[0m
[36.775s] [ 88%] Built target dsr_msgs2__rosidl_typesupport_fastrtps_c
[36.804s] [ 88%] [32m[1mLinking CXX shared library libdsr_msgs2__rosidl_typesupport_fastrtps_cpp.so[0m
[36.907s] [ 88%] Built target dsr_msgs2__rosidl_typesupport_fastrtps_cpp
[36.930s] [ 88%] Built target dsr_msgs2
[36.980s] [ 88%] [34m[1mGenerating Python code for ROS interfaces[0m
[55.950s] [ 88%] Built target dsr_msgs2__py
[55.974s] [ 88%] [32mBuilding C object CMakeFiles/dsr_msgs2__rosidl_generator_py.dir/rosidl_generator_py/dsr_msgs2/msg/_log_alarm_s.c.o[0m
[55.975s] [ 88%] [32mBuilding C object CMakeFiles/dsr_msgs2__rosidl_generator_py.dir/rosidl_generator_py/dsr_msgs2/msg/_robot_error_s.c.o[0m
[55.977s] [ 88%] [32mBuilding C object CMakeFiles/dsr_msgs2__rosidl_generator_py.dir/rosidl_generator_py/dsr_msgs2/msg/_jog_multi_axis_s.c.o[0m
[55.977s] [ 88%] [32mBuilding C object CMakeFiles/dsr_msgs2__rosidl_generator_py.dir/rosidl_generator_py/dsr_msgs2/msg/_alter_motion_stream_s.c.o[0m
[55.979s] [ 88%] [32mBuilding C object CMakeFiles/dsr_msgs2__rosidl_generator_py.dir/rosidl_generator_py/dsr_msgs2/msg/_servol_stream_s.c.o[0m
[55.979s] [ 88%] [32mBuilding C object CMakeFiles/dsr_msgs2__rosidl_generator_py.dir/rosidl_generator_py/dsr_msgs2/msg/_servoj_stream_s.c.o[0m
[55.980s] [ 88%] [32mBuilding C object CMakeFiles/dsr_msgs2__rosidl_generator_py.dir/rosidl_generator_py/dsr_msgs2/msg/_modbus_state_s.c.o[0m
[55.980s] [ 88%] [32mBuilding C object CMakeFiles/dsr_msgs2__rosidl_generator_py.dir/rosidl_generator_py/dsr_msgs2/msg/_speedj_stream_s.c.o[0m
[55.980s] [ 88%] [32mBuilding C object CMakeFiles/dsr_msgs2__rosidl_generator_py.dir/rosidl_generator_py/dsr_msgs2/msg/_robot_state_rt_s.c.o[0m
[55.980s] [ 88%] [32mBuilding C object CMakeFiles/dsr_msgs2__rosidl_generator_py.dir/rosidl_generator_py/dsr_msgs2/msg/_servoj_rt_stream_s.c.o[0m
[55.980s] [ 88%] [32mBuilding C object CMakeFiles/dsr_msgs2__rosidl_generator_py.dir/rosidl_generator_py/dsr_msgs2/msg/_speedl_stream_s.c.o[0m
[55.981s] [ 88%] [32mBuilding C object CMakeFiles/dsr_msgs2__rosidl_generator_py.dir/rosidl_generator_py/dsr_msgs2/msg/_servol_rt_stream_s.c.o[0m
[55.984s] [ 88%] [32mBuilding C object CMakeFiles/dsr_msgs2__rosidl_generator_py.dir/rosidl_generator_py/dsr_msgs2/msg/_speedj_rt_stream_s.c.o[0m
[55.986s] [ 88%] [32mBuilding C object CMakeFiles/dsr_msgs2__rosidl_generator_py.dir/rosidl_generator_py/dsr_msgs2/msg/_robot_state_s.c.o[0m
[55.986s] [ 89%] [32mBuilding C object CMakeFiles/dsr_msgs2__rosidl_generator_py.dir/rosidl_generator_py/dsr_msgs2/msg/_robot_stop_s.c.o[0m
[55.987s] [ 89%] [32mBuilding C object CMakeFiles/dsr_msgs2__rosidl_generator_py.dir/rosidl_generator_py/dsr_msgs2/msg/_speedl_rt_stream_s.c.o[0m
[56.094s] [ 90%] [32mBuilding C object CMakeFiles/dsr_msgs2__rosidl_generator_py.dir/rosidl_generator_py/dsr_msgs2/msg/_torque_rt_stream_s.c.o[0m
[56.096s] [ 90%] [32mBuilding C object CMakeFiles/dsr_msgs2__rosidl_generator_py.dir/rosidl_generator_py/dsr_msgs2/srv/_get_robot_mode_s.c.o[0m
[56.096s] [ 90%] [32mBuilding C object CMakeFiles/dsr_msgs2__rosidl_generator_py.dir/rosidl_generator_py/dsr_msgs2/srv/_set_robot_mode_s.c.o[0m
[56.097s] [ 90%] [32mBuilding C object CMakeFiles/dsr_msgs2__rosidl_generator_py.dir/rosidl_generator_py/dsr_msgs2/srv/_set_robot_system_s.c.o[0m
[56.098s] [ 90%] [32mBuilding C object CMakeFiles/dsr_msgs2__rosidl_generator_py.dir/rosidl_generator_py/dsr_msgs2/srv/_get_robot_system_s.c.o[0m
[56.104s] [ 90%] [32mBuilding C object CMakeFiles/dsr_msgs2__rosidl_generator_py.dir/rosidl_generator_py/dsr_msgs2/srv/_set_robot_speed_mode_s.c.o[0m
[56.105s] [ 90%] [32mBuilding C object CMakeFiles/dsr_msgs2__rosidl_generator_py.dir/rosidl_generator_py/dsr_msgs2/srv/_get_robot_speed_mode_s.c.o[0m
[56.105s] [ 90%] [32mBuilding C object CMakeFiles/dsr_msgs2__rosidl_generator_py.dir/rosidl_generator_py/dsr_msgs2/srv/_get_current_pose_s.c.o[0m
[56.114s] [ 90%] [32mBuilding C object CMakeFiles/dsr_msgs2__rosidl_generator_py.dir/rosidl_generator_py/dsr_msgs2/srv/_set_safe_stop_reset_type_s.c.o[0m
[56.116s] [ 90%] [32mBuilding C object CMakeFiles/dsr_msgs2__rosidl_generator_py.dir/rosidl_generator_py/dsr_msgs2/srv/_get_last_alarm_s.c.o[0m
[56.122s] [ 90%] [32mBuilding C object CMakeFiles/dsr_msgs2__rosidl_generator_py.dir/rosidl_generator_py/dsr_msgs2/srv/_get_robot_state_s.c.o[0m
[56.123s] [ 90%] [32mBuilding C object CMakeFiles/dsr_msgs2__rosidl_generator_py.dir/rosidl_generator_py/dsr_msgs2/srv/_servo_off_s.c.o[0m
[56.126s] [ 91%] [32mBuilding C object CMakeFiles/dsr_msgs2__rosidl_generator_py.dir/rosidl_generator_py/dsr_msgs2/srv/_set_robot_control_s.c.o[0m
[56.130s] [ 91%] [32mBuilding C object CMakeFiles/dsr_msgs2__rosidl_generator_py.dir/rosidl_generator_py/dsr_msgs2/srv/_change_collision_sensitivity_s.c.o[0m
[56.205s] [ 91%] [32mBuilding C object CMakeFiles/dsr_msgs2__rosidl_generator_py.dir/rosidl_generator_py/dsr_msgs2/srv/_move_joint_s.c.o[0m
[56.206s] [ 91%] [32mBuilding C object CMakeFiles/dsr_msgs2__rosidl_generator_py.dir/rosidl_generator_py/dsr_msgs2/srv/_move_line_s.c.o[0m
[56.208s] [ 91%] [32mBuilding C object CMakeFiles/dsr_msgs2__rosidl_generator_py.dir/rosidl_generator_py/dsr_msgs2/srv/_set_safety_mode_s.c.o[0m
[56.209s] [ 91%] [32mBuilding C object CMakeFiles/dsr_msgs2__rosidl_generator_py.dir/rosidl_generator_py/dsr_msgs2/srv/_move_jointx_s.c.o[0m
[56.212s] [ 91%] [32mBuilding C object CMakeFiles/dsr_msgs2__rosidl_generator_py.dir/rosidl_generator_py/dsr_msgs2/srv/_move_circle_s.c.o[0m
[56.215s] [ 91%] [32mBuilding C object CMakeFiles/dsr_msgs2__rosidl_generator_py.dir/rosidl_generator_py/dsr_msgs2/srv/_move_spline_task_s.c.o[0m
[56.215s] [ 91%] [32mBuilding C object CMakeFiles/dsr_msgs2__rosidl_generator_py.dir/rosidl_generator_py/dsr_msgs2/srv/_move_spline_joint_s.c.o[0m
[56.229s] [ 91%] [32mBuilding C object CMakeFiles/dsr_msgs2__rosidl_generator_py.dir/rosidl_generator_py/dsr_msgs2/srv/_move_blending_s.c.o[0m
[56.231s] [ 91%] [32mBuilding C object CMakeFiles/dsr_msgs2__rosidl_generator_py.dir/rosidl_generator_py/dsr_msgs2/srv/_move_spiral_s.c.o[0m
[56.234s] [ 91%] [32mBuilding C object CMakeFiles/dsr_msgs2__rosidl_generator_py.dir/rosidl_generator_py/dsr_msgs2/srv/_move_periodic_s.c.o[0m
[56.241s] [ 92%] [32mBuilding C object CMakeFiles/dsr_msgs2__rosidl_generator_py.dir/rosidl_generator_py/dsr_msgs2/srv/_move_wait_s.c.o[0m
[56.245s] [ 92%] [32mBuilding C object CMakeFiles/dsr_msgs2__rosidl_generator_py.dir/rosidl_generator_py/dsr_msgs2/srv/_jog_multi_s.c.o[0m
[56.245s] [ 92%] [32mBuilding C object CMakeFiles/dsr_msgs2__rosidl_generator_py.dir/rosidl_generator_py/dsr_msgs2/srv/_jog_s.c.o[0m
[56.251s] [ 92%] [32mBuilding C object CMakeFiles/dsr_msgs2__rosidl_generator_py.dir/rosidl_generator_py/dsr_msgs2/srv/_move_stop_s.c.o[0m
[56.257s] [ 92%] [32mBuilding C object CMakeFiles/dsr_msgs2__rosidl_generator_py.dir/rosidl_generator_py/dsr_msgs2/srv/_move_pause_s.c.o[0m
[56.274s] [ 92%] [32mBuilding C object CMakeFiles/dsr_msgs2__rosidl_generator_py.dir/rosidl_generator_py/dsr_msgs2/srv/_move_resume_s.c.o[0m
[56.320s] [ 92%] [32mBuilding C object CMakeFiles/dsr_msgs2__rosidl_generator_py.dir/rosidl_generator_py/dsr_msgs2/srv/_trans_s.c.o[0m
[56.326s] [ 92%] [32mBuilding C object CMakeFiles/dsr_msgs2__rosidl_generator_py.dir/rosidl_generator_py/dsr_msgs2/srv/_fkin_s.c.o[0m
[56.332s] [ 92%] [32mBuilding C object CMakeFiles/dsr_msgs2__rosidl_generator_py.dir/rosidl_generator_py/dsr_msgs2/srv/_ikin_s.c.o[0m
[56.337s] [ 92%] [32mBuilding C object CMakeFiles/dsr_msgs2__rosidl_generator_py.dir/rosidl_generator_py/dsr_msgs2/srv/_set_ref_coord_s.c.o[0m
[56.342s] [ 92%] [32mBuilding C object CMakeFiles/dsr_msgs2__rosidl_generator_py.dir/rosidl_generator_py/dsr_msgs2/srv/_move_home_s.c.o[0m
[56.347s] [ 92%] [32mBuilding C object CMakeFiles/dsr_msgs2__rosidl_generator_py.dir/rosidl_generator_py/dsr_msgs2/srv/_check_motion_s.c.o[0m
[56.347s] [ 93%] [32mBuilding C object CMakeFiles/dsr_msgs2__rosidl_generator_py.dir/rosidl_generator_py/dsr_msgs2/srv/_change_operation_speed_s.c.o[0m
[56.354s] [ 93%] [32mBuilding C object CMakeFiles/dsr_msgs2__rosidl_generator_py.dir/rosidl_generator_py/dsr_msgs2/srv/_enable_alter_motion_s.c.o[0m
[56.357s] [ 93%] [32mBuilding C object CMakeFiles/dsr_msgs2__rosidl_generator_py.dir/rosidl_generator_py/dsr_msgs2/srv/_alter_motion_s.c.o[0m
[56.358s] [ 93%] [32mBuilding C object CMakeFiles/dsr_msgs2__rosidl_generator_py.dir/rosidl_generator_py/dsr_msgs2/srv/_disable_alter_motion_s.c.o[0m
[56.361s] [ 93%] [32mBuilding C object CMakeFiles/dsr_msgs2__rosidl_generator_py.dir/rosidl_generator_py/dsr_msgs2/srv/_set_singularity_handling_s.c.o[0m
[56.366s] [ 93%] [32mBuilding C object CMakeFiles/dsr_msgs2__rosidl_generator_py.dir/rosidl_generator_py/dsr_msgs2/srv/_get_control_mode_s.c.o[0m
[56.384s] [ 93%] [32mBuilding C object CMakeFiles/dsr_msgs2__rosidl_generator_py.dir/rosidl_generator_py/dsr_msgs2/srv/_get_control_space_s.c.o[0m
[56.384s] [ 93%] [32mBuilding C object CMakeFiles/dsr_msgs2__rosidl_generator_py.dir/rosidl_generator_py/dsr_msgs2/srv/_get_current_posj_s.c.o[0m
[56.385s] [ 93%] [32mBuilding C object CMakeFiles/dsr_msgs2__rosidl_generator_py.dir/rosidl_generator_py/dsr_msgs2/srv/_get_desired_posj_s.c.o[0m
[56.402s] [ 93%] [32mBuilding C object CMakeFiles/dsr_msgs2__rosidl_generator_py.dir/rosidl_generator_py/dsr_msgs2/srv/_get_current_velj_s.c.o[0m
[56.440s] [ 93%] [32mBuilding C object CMakeFiles/dsr_msgs2__rosidl_generator_py.dir/rosidl_generator_py/dsr_msgs2/srv/_get_desired_velj_s.c.o[0m
[56.443s] [ 93%] [32mBuilding C object CMakeFiles/dsr_msgs2__rosidl_generator_py.dir/rosidl_generator_py/dsr_msgs2/srv/_get_current_posx_s.c.o[0m
[56.447s] [ 94%] [32mBuilding C object CMakeFiles/dsr_msgs2__rosidl_generator_py.dir/rosidl_generator_py/dsr_msgs2/srv/_get_current_tool_flange_posx_s.c.o[0m
[56.447s] [ 94%] [32mBuilding C object CMakeFiles/dsr_msgs2__rosidl_generator_py.dir/rosidl_generator_py/dsr_msgs2/srv/_get_current_velx_s.c.o[0m
[56.453s] [ 94%] [32mBuilding C object CMakeFiles/dsr_msgs2__rosidl_generator_py.dir/rosidl_generator_py/dsr_msgs2/srv/_get_desired_velx_s.c.o[0m
[56.453s] [ 94%] [32mBuilding C object CMakeFiles/dsr_msgs2__rosidl_generator_py.dir/rosidl_generator_py/dsr_msgs2/srv/_get_desired_posx_s.c.o[0m
[56.454s] [ 94%] [32mBuilding C object CMakeFiles/dsr_msgs2__rosidl_generator_py.dir/rosidl_generator_py/dsr_msgs2/srv/_get_current_solution_space_s.c.o[0m
[56.475s] [ 94%] [32mBuilding C object CMakeFiles/dsr_msgs2__rosidl_generator_py.dir/rosidl_generator_py/dsr_msgs2/srv/_get_current_rotm_s.c.o[0m
[56.475s] [ 94%] [32mBuilding C object CMakeFiles/dsr_msgs2__rosidl_generator_py.dir/rosidl_generator_py/dsr_msgs2/srv/_get_joint_torque_s.c.o[0m
[56.491s] [ 94%] [32mBuilding C object CMakeFiles/dsr_msgs2__rosidl_generator_py.dir/rosidl_generator_py/dsr_msgs2/srv/_get_external_torque_s.c.o[0m
[56.496s] [ 94%] [32mBuilding C object CMakeFiles/dsr_msgs2__rosidl_generator_py.dir/rosidl_generator_py/dsr_msgs2/srv/_get_tool_force_s.c.o[0m
[56.500s] [ 94%] [32mBuilding C object CMakeFiles/dsr_msgs2__rosidl_generator_py.dir/rosidl_generator_py/dsr_msgs2/srv/_get_solution_space_s.c.o[0m
[56.511s] [ 94%] [32mBuilding C object CMakeFiles/dsr_msgs2__rosidl_generator_py.dir/rosidl_generator_py/dsr_msgs2/srv/_get_orientation_error_s.c.o[0m
[56.519s] [ 94%] [32mBuilding C object CMakeFiles/dsr_msgs2__rosidl_generator_py.dir/rosidl_generator_py/dsr_msgs2/srv/_parallel_axis1_s.c.o[0m
[56.521s] [ 95%] [32mBuilding C object CMakeFiles/dsr_msgs2__rosidl_generator_py.dir/rosidl_generator_py/dsr_msgs2/srv/_parallel_axis2_s.c.o[0m
[56.524s] [ 95%] [32mBuilding C object CMakeFiles/dsr_msgs2__rosidl_generator_py.dir/rosidl_generator_py/dsr_msgs2/srv/_align_axis1_s.c.o[0m
[56.557s] [ 95%] [32mBuilding C object CMakeFiles/dsr_msgs2__rosidl_generator_py.dir/rosidl_generator_py/dsr_msgs2/srv/_align_axis2_s.c.o[0m
[56.561s] [ 95%] [32mBuilding C object CMakeFiles/dsr_msgs2__rosidl_generator_py.dir/rosidl_generator_py/dsr_msgs2/srv/_release_compliance_ctrl_s.c.o[0m
[56.561s] [ 95%] [32mBuilding C object CMakeFiles/dsr_msgs2__rosidl_generator_py.dir/rosidl_generator_py/dsr_msgs2/srv/_is_done_bolt_tightening_s.c.o[0m
[56.568s] [ 95%] [32mBuilding C object CMakeFiles/dsr_msgs2__rosidl_generator_py.dir/rosidl_generator_py/dsr_msgs2/srv/_task_compliance_ctrl_s.c.o[0m
[56.568s] [ 95%] [32mBuilding C object CMakeFiles/dsr_msgs2__rosidl_generator_py.dir/rosidl_generator_py/dsr_msgs2/srv/_set_stiffnessx_s.c.o[0m
[56.568s] [ 95%] [32mBuilding C object CMakeFiles/dsr_msgs2__rosidl_generator_py.dir/rosidl_generator_py/dsr_msgs2/srv/_calc_coord_s.c.o[0m
[56.569s] [ 95%] [32mBuilding C object CMakeFiles/dsr_msgs2__rosidl_generator_py.dir/rosidl_generator_py/dsr_msgs2/srv/_set_user_cart_coord1_s.c.o[0m
[56.591s] [ 95%] [32mBuilding C object CMakeFiles/dsr_msgs2__rosidl_generator_py.dir/rosidl_generator_py/dsr_msgs2/srv/_set_user_cart_coord2_s.c.o[0m
[56.598s] [ 95%] [32mBuilding C object CMakeFiles/dsr_msgs2__rosidl_generator_py.dir/rosidl_generator_py/dsr_msgs2/srv/_set_user_cart_coord3_s.c.o[0m
[56.625s] [ 95%] [32mBuilding C object CMakeFiles/dsr_msgs2__rosidl_generator_py.dir/rosidl_generator_py/dsr_msgs2/srv/_overwrite_user_cart_coord_s.c.o[0m
[56.636s] [ 96%] [32mBuilding C object CMakeFiles/dsr_msgs2__rosidl_generator_py.dir/rosidl_generator_py/dsr_msgs2/srv/_get_user_cart_coord_s.c.o[0m
[56.639s] [ 96%] [32mBuilding C object CMakeFiles/dsr_msgs2__rosidl_generator_py.dir/rosidl_generator_py/dsr_msgs2/srv/_release_force_s.c.o[0m
[56.641s] [ 96%] [32mBuilding C object CMakeFiles/dsr_msgs2__rosidl_generator_py.dir/rosidl_generator_py/dsr_msgs2/srv/_set_desired_force_s.c.o[0m
[56.652s] [ 96%] [32mBuilding C object CMakeFiles/dsr_msgs2__rosidl_generator_py.dir/rosidl_generator_py/dsr_msgs2/srv/_check_position_condition_s.c.o[0m
[56.665s] [ 96%] [32mBuilding C object CMakeFiles/dsr_msgs2__rosidl_generator_py.dir/rosidl_generator_py/dsr_msgs2/srv/_check_force_condition_s.c.o[0m
[56.669s] [ 96%] [32mBuilding C object CMakeFiles/dsr_msgs2__rosidl_generator_py.dir/rosidl_generator_py/dsr_msgs2/srv/_check_orientation_condition2_s.c.o[0m
[56.670s] [ 96%] [32mBuilding C object CMakeFiles/dsr_msgs2__rosidl_generator_py.dir/rosidl_generator_py/dsr_msgs2/srv/_check_orientation_condition1_s.c.o[0m
[56.672s] [ 96%] [32mBuilding C object CMakeFiles/dsr_msgs2__rosidl_generator_py.dir/rosidl_generator_py/dsr_msgs2/srv/_coord_transform_s.c.o[0m
[56.677s] [ 96%] [32mBuilding C object CMakeFiles/dsr_msgs2__rosidl_generator_py.dir/rosidl_generator_py/dsr_msgs2/srv/_get_workpiece_weight_s.c.o[0m
[56.679s] [ 96%] [32mBuilding C object CMakeFiles/dsr_msgs2__rosidl_generator_py.dir/rosidl_generator_py/dsr_msgs2/srv/_reset_workpiece_weight_s.c.o[0m
[56.688s] [ 96%] [32mBuilding C object CMakeFiles/dsr_msgs2__rosidl_generator_py.dir/rosidl_generator_py/dsr_msgs2/srv/_config_create_tool_s.c.o[0m
[56.688s] [ 96%] [32mBuilding C object CMakeFiles/dsr_msgs2__rosidl_generator_py.dir/rosidl_generator_py/dsr_msgs2/srv/_config_delete_tool_s.c.o[0m
[56.709s] [ 97%] [32mBuilding C object CMakeFiles/dsr_msgs2__rosidl_generator_py.dir/rosidl_generator_py/dsr_msgs2/srv/_set_current_tool_s.c.o[0m
[56.715s] [ 97%] [32mBuilding C object CMakeFiles/dsr_msgs2__rosidl_generator_py.dir/rosidl_generator_py/dsr_msgs2/srv/_get_current_tool_s.c.o[0m
[56.721s] [ 97%] [32mBuilding C object CMakeFiles/dsr_msgs2__rosidl_generator_py.dir/rosidl_generator_py/dsr_msgs2/srv/_set_tool_shape_s.c.o[0m
[56.747s] [ 97%] [32mBuilding C object CMakeFiles/dsr_msgs2__rosidl_generator_py.dir/rosidl_generator_py/dsr_msgs2/srv/_config_create_tcp_s.c.o[0m
[56.748s] [ 97%] [32mBuilding C object CMakeFiles/dsr_msgs2__rosidl_generator_py.dir/rosidl_generator_py/dsr_msgs2/srv/_config_delete_tcp_s.c.o[0m
[56.766s] [ 97%] [32mBuilding C object CMakeFiles/dsr_msgs2__rosidl_generator_py.dir/rosidl_generator_py/dsr_msgs2/srv/_set_current_tcp_s.c.o[0m
[56.782s] [ 97%] [32mBuilding C object CMakeFiles/dsr_msgs2__rosidl_generator_py.dir/rosidl_generator_py/dsr_msgs2/srv/_get_current_tcp_s.c.o[0m
[56.787s] [ 97%] [32mBuilding C object CMakeFiles/dsr_msgs2__rosidl_generator_py.dir/rosidl_generator_py/dsr_msgs2/srv/_set_tool_digital_output_s.c.o[0m
[56.787s] [ 97%] [32mBuilding C object CMakeFiles/dsr_msgs2__rosidl_generator_py.dir/rosidl_generator_py/dsr_msgs2/srv/_get_tool_digital_output_s.c.o[0m
[56.791s] [ 97%] [32mBuilding C object CMakeFiles/dsr_msgs2__rosidl_generator_py.dir/rosidl_generator_py/dsr_msgs2/srv/_get_tool_digital_input_s.c.o[0m
[56.798s] [ 97%] [32mBuilding C object CMakeFiles/dsr_msgs2__rosidl_generator_py.dir/rosidl_generator_py/dsr_msgs2/srv/_set_ctrl_box_digital_output_s.c.o[0m
[56.802s] [ 98%] [32mBuilding C object CMakeFiles/dsr_msgs2__rosidl_generator_py.dir/rosidl_generator_py/dsr_msgs2/srv/_get_ctrl_box_digital_input_s.c.o[0m
[56.802s] [ 98%] [32mBuilding C object CMakeFiles/dsr_msgs2__rosidl_generator_py.dir/rosidl_generator_py/dsr_msgs2/srv/_get_ctrl_box_digital_output_s.c.o[0m
[56.812s] [ 98%] [32mBuilding C object CMakeFiles/dsr_msgs2__rosidl_generator_py.dir/rosidl_generator_py/dsr_msgs2/srv/_set_ctrl_box_analog_output_type_s.c.o[0m
[56.812s] [ 98%] [32mBuilding C object CMakeFiles/dsr_msgs2__rosidl_generator_py.dir/rosidl_generator_py/dsr_msgs2/srv/_set_ctrl_box_analog_input_type_s.c.o[0m
[56.819s] [ 98%] [32mBuilding C object CMakeFiles/dsr_msgs2__rosidl_generator_py.dir/rosidl_generator_py/dsr_msgs2/srv/_set_ctrl_box_analog_output_s.c.o[0m
[56.824s] [ 98%] [32mBuilding C object CMakeFiles/dsr_msgs2__rosidl_generator_py.dir/rosidl_generator_py/dsr_msgs2/srv/_get_ctrl_box_analog_input_s.c.o[0m
[56.832s] [ 98%] [32mBuilding C object CMakeFiles/dsr_msgs2__rosidl_generator_py.dir/rosidl_generator_py/dsr_msgs2/srv/_config_create_modbus_s.c.o[0m
[56.834s] [ 98%] [32mBuilding C object CMakeFiles/dsr_msgs2__rosidl_generator_py.dir/rosidl_generator_py/dsr_msgs2/srv/_config_delete_modbus_s.c.o[0m
[56.866s] [ 98%] [32mBuilding C object CMakeFiles/dsr_msgs2__rosidl_generator_py.dir/rosidl_generator_py/dsr_msgs2/srv/_set_modbus_output_s.c.o[0m
[56.870s] [ 98%] [32mBuilding C object CMakeFiles/dsr_msgs2__rosidl_generator_py.dir/rosidl_generator_py/dsr_msgs2/srv/_get_modbus_input_s.c.o[0m
[56.884s] [ 98%] [32mBuilding C object CMakeFiles/dsr_msgs2__rosidl_generator_py.dir/rosidl_generator_py/dsr_msgs2/srv/_drl_start_s.c.o[0m
[56.899s] [ 98%] [32mBuilding C object CMakeFiles/dsr_msgs2__rosidl_generator_py.dir/rosidl_generator_py/dsr_msgs2/srv/_drl_stop_s.c.o[0m
[56.900s] [ 99%] [32mBuilding C object CMakeFiles/dsr_msgs2__rosidl_generator_py.dir/rosidl_generator_py/dsr_msgs2/srv/_drl_pause_s.c.o[0m
[56.915s] [ 99%] [32mBuilding C object CMakeFiles/dsr_msgs2__rosidl_generator_py.dir/rosidl_generator_py/dsr_msgs2/srv/_drl_resume_s.c.o[0m
[56.918s] [ 99%] [32mBuilding C object CMakeFiles/dsr_msgs2__rosidl_generator_py.dir/rosidl_generator_py/dsr_msgs2/srv/_get_drl_state_s.c.o[0m
[56.922s] [ 99%] [32mBuilding C object CMakeFiles/dsr_msgs2__rosidl_generator_py.dir/rosidl_generator_py/dsr_msgs2/srv/_robotiq2_f_close_s.c.o[0m
[56.923s] [ 99%] [32mBuilding C object CMakeFiles/dsr_msgs2__rosidl_generator_py.dir/rosidl_generator_py/dsr_msgs2/srv/_robotiq2_f_open_s.c.o[0m
[56.923s] [ 99%] [32mBuilding C object CMakeFiles/dsr_msgs2__rosidl_generator_py.dir/rosidl_generator_py/dsr_msgs2/srv/_robotiq2_f_move_s.c.o[0m
[56.925s] [ 99%] [32mBuilding C object CMakeFiles/dsr_msgs2__rosidl_generator_py.dir/rosidl_generator_py/dsr_msgs2/srv/_serial_send_data_s.c.o[0m
[56.937s] [ 99%] [32mBuilding C object CMakeFiles/dsr_msgs2__rosidl_generator_py.dir/rosidl_generator_py/dsr_msgs2/srv/_connect_rt_control_s.c.o[0m
[56.948s] [ 99%] [32mBuilding C object CMakeFiles/dsr_msgs2__rosidl_generator_py.dir/rosidl_generator_py/dsr_msgs2/srv/_disconnect_rt_control_s.c.o[0m
[56.950s] [ 99%] [32mBuilding C object CMakeFiles/dsr_msgs2__rosidl_generator_py.dir/rosidl_generator_py/dsr_msgs2/srv/_get_rt_control_input_version_list_s.c.o[0m
[56.950s] [ 99%] [32mBuilding C object CMakeFiles/dsr_msgs2__rosidl_generator_py.dir/rosidl_generator_py/dsr_msgs2/srv/_get_rt_control_input_data_list_s.c.o[0m
[56.953s] [ 99%] [32mBuilding C object CMakeFiles/dsr_msgs2__rosidl_generator_py.dir/rosidl_generator_py/dsr_msgs2/srv/_get_rt_control_output_data_list_s.c.o[0m
[56.971s] [100%] [32mBuilding C object CMakeFiles/dsr_msgs2__rosidl_generator_py.dir/rosidl_generator_py/dsr_msgs2/srv/_get_rt_control_output_version_list_s.c.o[0m
[56.979s] [100%] [32mBuilding C object CMakeFiles/dsr_msgs2__rosidl_generator_py.dir/rosidl_generator_py/dsr_msgs2/srv/_read_data_rt_s.c.o[0m
[56.993s] [100%] [32mBuilding C object CMakeFiles/dsr_msgs2__rosidl_generator_py.dir/rosidl_generator_py/dsr_msgs2/srv/_set_accj_rt_s.c.o[0m
[57.008s] [100%] [32mBuilding C object CMakeFiles/dsr_msgs2__rosidl_generator_py.dir/rosidl_generator_py/dsr_msgs2/srv/_set_accx_rt_s.c.o[0m
[57.016s] [100%] [32mBuilding C object CMakeFiles/dsr_msgs2__rosidl_generator_py.dir/rosidl_generator_py/dsr_msgs2/srv/_set_rt_control_input_s.c.o[0m
[57.033s] [100%] [32mBuilding C object CMakeFiles/dsr_msgs2__rosidl_generator_py.dir/rosidl_generator_py/dsr_msgs2/srv/_set_velj_rt_s.c.o[0m
[57.033s] [100%] [32mBuilding C object CMakeFiles/dsr_msgs2__rosidl_generator_py.dir/rosidl_generator_py/dsr_msgs2/srv/_set_velx_rt_s.c.o[0m
[57.034s] [100%] [32mBuilding C object CMakeFiles/dsr_msgs2__rosidl_generator_py.dir/rosidl_generator_py/dsr_msgs2/srv/_set_rt_control_output_s.c.o[0m
[57.043s] [100%] [32mBuilding C object CMakeFiles/dsr_msgs2__rosidl_generator_py.dir/rosidl_generator_py/dsr_msgs2/srv/_start_rt_control_s.c.o[0m
[57.045s] [100%] [32mBuilding C object CMakeFiles/dsr_msgs2__rosidl_generator_py.dir/rosidl_generator_py/dsr_msgs2/srv/_stop_rt_control_s.c.o[0m
[57.055s] [100%] [32mBuilding C object CMakeFiles/dsr_msgs2__rosidl_generator_py.dir/rosidl_generator_py/dsr_msgs2/srv/_write_data_rt_s.c.o[0m
[57.147s] [100%] [32m[1mLinking C shared library rosidl_generator_py/dsr_msgs2/libdsr_msgs2__rosidl_generator_py.so[0m
[57.220s] [100%] Built target dsr_msgs2__rosidl_generator_py
[57.234s] [100%] [32mBuilding C object CMakeFiles/dsr_msgs2__rosidl_typesupport_c__pyext.dir/rosidl_generator_py/dsr_msgs2/_dsr_msgs2_s.ep.rosidl_typesupport_c.c.o[0m
[57.237s] [100%] [32mBuilding C object CMakeFiles/dsr_msgs2__rosidl_typesupport_fastrtps_c__pyext.dir/rosidl_generator_py/dsr_msgs2/_dsr_msgs2_s.ep.rosidl_typesupport_fastrtps_c.c.o[0m
[57.237s] [100%] [32mBuilding C object CMakeFiles/dsr_msgs2__rosidl_typesupport_introspection_c__pyext.dir/rosidl_generator_py/dsr_msgs2/_dsr_msgs2_s.ep.rosidl_typesupport_introspection_c.c.o[0m
[57.861s] [100%] [32m[1mLinking C shared library rosidl_generator_py/dsr_msgs2/dsr_msgs2_s__rosidl_typesupport_c.cpython-310-x86_64-linux-gnu.so[0m
[57.865s] [100%] [32m[1mLinking C shared library rosidl_generator_py/dsr_msgs2/dsr_msgs2_s__rosidl_typesupport_introspection_c.cpython-310-x86_64-linux-gnu.so[0m
[57.876s] [100%] [32m[1mLinking C shared library rosidl_generator_py/dsr_msgs2/dsr_msgs2_s__rosidl_typesupport_fastrtps_c.cpython-310-x86_64-linux-gnu.so[0m
[57.902s] [100%] Built target dsr_msgs2__rosidl_typesupport_c__pyext
[57.904s] [100%] Built target dsr_msgs2__rosidl_typesupport_introspection_c__pyext
[57.917s] [100%] Built target dsr_msgs2__rosidl_typesupport_fastrtps_c__pyext
[57.926s] Invoked command in '/home/rokey/ros2_ws/build/dsr_msgs2' returned '0': CMAKE_PREFIX_PATH=/opt/ros/humble /usr/bin/cmake --build /home/rokey/ros2_ws/build/dsr_msgs2 -- -j16 -l16
[57.927s] Invoking command in '/home/rokey/ros2_ws/build/dsr_msgs2': CMAKE_PREFIX_PATH=/opt/ros/humble /usr/bin/cmake --install /home/rokey/ros2_ws/build/dsr_msgs2
[57.940s] -- Install configuration: ""
[57.940s] -- Installing: /home/rokey/ros2_ws/install/dsr_msgs2/share/ament_index/resource_index/rosidl_interfaces/dsr_msgs2
[57.940s] -- Installing: /home/rokey/ros2_ws/install/dsr_msgs2/include/dsr_msgs2/dsr_msgs2
[57.940s] -- Installing: /home/rokey/ros2_ws/install/dsr_msgs2/include/dsr_msgs2/dsr_msgs2/msg
[57.941s] -- Installing: /home/rokey/ros2_ws/install/dsr_msgs2/include/dsr_msgs2/dsr_msgs2/msg/speedl_stream.h
[57.941s] -- Installing: /home/rokey/ros2_ws/install/dsr_msgs2/include/dsr_msgs2/dsr_msgs2/msg/speedj_stream.h
[57.941s] -- Installing: /home/rokey/ros2_ws/install/dsr_msgs2/include/dsr_msgs2/dsr_msgs2/msg/servol_rt_stream.h
[57.941s] -- Installing: /home/rokey/ros2_ws/install/dsr_msgs2/include/dsr_msgs2/dsr_msgs2/msg/servol_stream.h
[57.941s] -- Installing: /home/rokey/ros2_ws/install/dsr_msgs2/include/dsr_msgs2/dsr_msgs2/msg/robot_state.h
[57.941s] -- Installing: /home/rokey/ros2_ws/install/dsr_msgs2/include/dsr_msgs2/dsr_msgs2/msg/rosidl_generator_c__visibility_control.h
[57.941s] -- Installing: /home/rokey/ros2_ws/install/dsr_msgs2/include/dsr_msgs2/dsr_msgs2/msg/robot_error.h
[57.941s] -- Installing: /home/rokey/ros2_ws/install/dsr_msgs2/include/dsr_msgs2/dsr_msgs2/msg/speedj_rt_stream.h
[57.941s] -- Installing: /home/rokey/ros2_ws/install/dsr_msgs2/include/dsr_msgs2/dsr_msgs2/msg/speedl_rt_stream.h
[57.941s] -- Installing: /home/rokey/ros2_ws/install/dsr_msgs2/include/dsr_msgs2/dsr_msgs2/msg/robot_state_rt.h
[57.941s] -- Installing: /home/rokey/ros2_ws/install/dsr_msgs2/include/dsr_msgs2/dsr_msgs2/msg/torque_rt_stream.h
[57.941s] -- Installing: /home/rokey/ros2_ws/install/dsr_msgs2/include/dsr_msgs2/dsr_msgs2/msg/jog_multi_axis.h
[57.941s] -- Installing: /home/rokey/ros2_ws/install/dsr_msgs2/include/dsr_msgs2/dsr_msgs2/msg/modbus_state.h
[57.942s] -- Installing: /home/rokey/ros2_ws/install/dsr_msgs2/include/dsr_msgs2/dsr_msgs2/msg/servoj_rt_stream.h
[57.942s] -- Installing: /home/rokey/ros2_ws/install/dsr_msgs2/include/dsr_msgs2/dsr_msgs2/msg/robot_stop.h
[57.942s] -- Installing: /home/rokey/ros2_ws/install/dsr_msgs2/include/dsr_msgs2/dsr_msgs2/msg/alter_motion_stream.h
[57.942s] -- Installing: /home/rokey/ros2_ws/install/dsr_msgs2/include/dsr_msgs2/dsr_msgs2/msg/log_alarm.h
[57.942s] -- Installing: /home/rokey/ros2_ws/install/dsr_msgs2/include/dsr_msgs2/dsr_msgs2/msg/detail
[57.942s] -- Installing: /home/rokey/ros2_ws/install/dsr_msgs2/include/dsr_msgs2/dsr_msgs2/msg/detail/torque_rt_stream__type_support.h
[57.942s] -- Installing: /home/rokey/ros2_ws/install/dsr_msgs2/include/dsr_msgs2/dsr_msgs2/msg/detail/servoj_rt_stream__functions.h
[57.942s] -- Installing: /home/rokey/ros2_ws/install/dsr_msgs2/include/dsr_msgs2/dsr_msgs2/msg/detail/alter_motion_stream__type_support.h
[57.942s] -- Installing: /home/rokey/ros2_ws/install/dsr_msgs2/include/dsr_msgs2/dsr_msgs2/msg/detail/servol_stream__functions.c
[57.942s] -- Installing: /home/rokey/ros2_ws/install/dsr_msgs2/include/dsr_msgs2/dsr_msgs2/msg/detail/alter_motion_stream__struct.h
[57.942s] -- Installing: /home/rokey/ros2_ws/install/dsr_msgs2/include/dsr_msgs2/dsr_msgs2/msg/detail/robot_error__struct.h
[57.943s] -- Installing: /home/rokey/ros2_ws/install/dsr_msgs2/include/dsr_msgs2/dsr_msgs2/msg/detail/log_alarm__functions.h
[57.943s] -- Installing: /home/rokey/ros2_ws/install/dsr_msgs2/include/dsr_msgs2/dsr_msgs2/msg/detail/servol_rt_stream__functions.c
[57.943s] -- Installing: /home/rokey/ros2_ws/install/dsr_msgs2/include/dsr_msgs2/dsr_msgs2/msg/detail/robot_stop__type_support.h
[57.943s] -- Installing: /home/rokey/ros2_ws/install/dsr_msgs2/include/dsr_msgs2/dsr_msgs2/msg/detail/robot_state_rt__functions.h
[57.943s] -- Installing: /home/rokey/ros2_ws/install/dsr_msgs2/include/dsr_msgs2/dsr_msgs2/msg/detail/robot_stop__functions.c
[57.943s] -- Installing: /home/rokey/ros2_ws/install/dsr_msgs2/include/dsr_msgs2/dsr_msgs2/msg/detail/speedj_rt_stream__type_support.h
[57.943s] -- Installing: /home/rokey/ros2_ws/install/dsr_msgs2/include/dsr_msgs2/dsr_msgs2/msg/detail/servoj_stream__functions.c
[57.943s] -- Installing: /home/rokey/ros2_ws/install/dsr_msgs2/include/dsr_msgs2/dsr_msgs2/msg/detail/servoj_rt_stream__functions.c
[57.943s] -- Installing: /home/rokey/ros2_ws/install/dsr_msgs2/include/dsr_msgs2/dsr_msgs2/msg/detail/jog_multi_axis__functions.h
[57.943s] -- Installing: /home/rokey/ros2_ws/install/dsr_msgs2/include/dsr_msgs2/dsr_msgs2/msg/detail/torque_rt_stream__struct.h
[57.943s] -- Installing: /home/rokey/ros2_ws/install/dsr_msgs2/include/dsr_msgs2/dsr_msgs2/msg/detail/log_alarm__type_support.h
[57.943s] -- Installing: /home/rokey/ros2_ws/install/dsr_msgs2/include/dsr_msgs2/dsr_msgs2/msg/detail/speedl_rt_stream__functions.h
[57.943s] -- Installing: /home/rokey/ros2_ws/install/dsr_msgs2/include/dsr_msgs2/dsr_msgs2/msg/detail/robot_error__functions.c
[57.943s] -- Installing: /home/rokey/ros2_ws/install/dsr_msgs2/include/dsr_msgs2/dsr_msgs2/msg/detail/log_alarm__functions.c
[57.943s] -- Installing: /home/rokey/ros2_ws/install/dsr_msgs2/include/dsr_msgs2/dsr_msgs2/msg/detail/speedj_stream__functions.c
[57.943s] -- Installing: /home/rokey/ros2_ws/install/dsr_msgs2/include/dsr_msgs2/dsr_msgs2/msg/detail/alter_motion_stream__functions.c
[57.944s] -- Installing: /home/rokey/ros2_ws/install/dsr_msgs2/include/dsr_msgs2/dsr_msgs2/msg/detail/jog_multi_axis__struct.h
[57.944s] -- Installing: /home/rokey/ros2_ws/install/dsr_msgs2/include/dsr_msgs2/dsr_msgs2/msg/detail/servoj_rt_stream__type_support.h
[57.944s] -- Installing: /home/rokey/ros2_ws/install/dsr_msgs2/include/dsr_msgs2/dsr_msgs2/msg/detail/robot_error__functions.h
[57.944s] -- Installing: /home/rokey/ros2_ws/install/dsr_msgs2/include/dsr_msgs2/dsr_msgs2/msg/detail/speedl_stream__struct.h
[57.944s] -- Installing: /home/rokey/ros2_ws/install/dsr_msgs2/include/dsr_msgs2/dsr_msgs2/msg/detail/speedj_rt_stream__functions.h
[57.944s] -- Installing: /home/rokey/ros2_ws/install/dsr_msgs2/include/dsr_msgs2/dsr_msgs2/msg/detail/speedj_rt_stream__struct.h
[57.944s] -- Installing: /home/rokey/ros2_ws/install/dsr_msgs2/include/dsr_msgs2/dsr_msgs2/msg/detail/servoj_stream__type_support.h
[57.944s] -- Installing: /home/rokey/ros2_ws/install/dsr_msgs2/include/dsr_msgs2/dsr_msgs2/msg/detail/jog_multi_axis__type_support.h
[57.944s] -- Installing: /home/rokey/ros2_ws/install/dsr_msgs2/include/dsr_msgs2/dsr_msgs2/msg/detail/servoj_stream__struct.h
[57.944s] -- Installing: /home/rokey/ros2_ws/install/dsr_msgs2/include/dsr_msgs2/dsr_msgs2/msg/detail/robot_state_rt__struct.h
[57.944s] -- Installing: /home/rokey/ros2_ws/install/dsr_msgs2/include/dsr_msgs2/dsr_msgs2/msg/detail/jog_multi_axis__functions.c
[57.944s] -- Installing: /home/rokey/ros2_ws/install/dsr_msgs2/include/dsr_msgs2/dsr_msgs2/msg/detail/torque_rt_stream__functions.h
[57.944s] -- Installing: /home/rokey/ros2_ws/install/dsr_msgs2/include/dsr_msgs2/dsr_msgs2/msg/detail/servol_rt_stream__functions.h
[57.944s] -- Installing: /home/rokey/ros2_ws/install/dsr_msgs2/include/dsr_msgs2/dsr_msgs2/msg/detail/modbus_state__functions.c
[57.944s] -- Installing: /home/rokey/ros2_ws/install/dsr_msgs2/include/dsr_msgs2/dsr_msgs2/msg/detail/alter_motion_stream__functions.h
[57.945s] -- Installing: /home/rokey/ros2_ws/install/dsr_msgs2/include/dsr_msgs2/dsr_msgs2/msg/detail/servol_rt_stream__type_support.h
[57.945s] -- Installing: /home/rokey/ros2_ws/install/dsr_msgs2/include/dsr_msgs2/dsr_msgs2/msg/detail/servoj_rt_stream__struct.h
[57.945s] -- Installing: /home/rokey/ros2_ws/install/dsr_msgs2/include/dsr_msgs2/dsr_msgs2/msg/detail/modbus_state__functions.h
[57.945s] -- Installing: /home/rokey/ros2_ws/install/dsr_msgs2/include/dsr_msgs2/dsr_msgs2/msg/detail/servol_stream__struct.h
[57.945s] -- Installing: /home/rokey/ros2_ws/install/dsr_msgs2/include/dsr_msgs2/dsr_msgs2/msg/detail/servol_stream__type_support.h
[57.945s] -- Installing: /home/rokey/ros2_ws/install/dsr_msgs2/include/dsr_msgs2/dsr_msgs2/msg/detail/speedj_rt_stream__functions.c
[57.945s] -- Installing: /home/rokey/ros2_ws/install/dsr_msgs2/include/dsr_msgs2/dsr_msgs2/msg/detail/robot_state__type_support.h
[57.945s] -- Installing: /home/rokey/ros2_ws/install/dsr_msgs2/include/dsr_msgs2/dsr_msgs2/msg/detail/speedl_rt_stream__type_support.h
[57.945s] -- Installing: /home/rokey/ros2_ws/install/dsr_msgs2/include/dsr_msgs2/dsr_msgs2/msg/detail/robot_state__functions.c
[57.945s] -- Installing: /home/rokey/ros2_ws/install/dsr_msgs2/include/dsr_msgs2/dsr_msgs2/msg/detail/robot_state__struct.h
[57.945s] -- Installing: /home/rokey/ros2_ws/install/dsr_msgs2/include/dsr_msgs2/dsr_msgs2/msg/detail/robot_state__functions.h
[57.945s] -- Installing: /home/rokey/ros2_ws/install/dsr_msgs2/include/dsr_msgs2/dsr_msgs2/msg/detail/speedj_stream__type_support.h
[57.945s] -- Installing: /home/rokey/ros2_ws/install/dsr_msgs2/include/dsr_msgs2/dsr_msgs2/msg/detail/servoj_stream__functions.h
[57.946s] -- Installing: /home/rokey/ros2_ws/install/dsr_msgs2/include/dsr_msgs2/dsr_msgs2/msg/detail/speedl_rt_stream__functions.c
[57.946s] -- Installing: /home/rokey/ros2_ws/install/dsr_msgs2/include/dsr_msgs2/dsr_msgs2/msg/detail/robot_stop__functions.h
[57.946s] -- Installing: /home/rokey/ros2_ws/install/dsr_msgs2/include/dsr_msgs2/dsr_msgs2/msg/detail/robot_error__type_support.h
[57.946s] -- Installing: /home/rokey/ros2_ws/install/dsr_msgs2/include/dsr_msgs2/dsr_msgs2/msg/detail/robot_state_rt__functions.c
[57.946s] -- Installing: /home/rokey/ros2_ws/install/dsr_msgs2/include/dsr_msgs2/dsr_msgs2/msg/detail/modbus_state__type_support.h
[57.946s] -- Installing: /home/rokey/ros2_ws/install/dsr_msgs2/include/dsr_msgs2/dsr_msgs2/msg/detail/speedl_stream__functions.h
[57.946s] -- Installing: /home/rokey/ros2_ws/install/dsr_msgs2/include/dsr_msgs2/dsr_msgs2/msg/detail/servol_stream__functions.h
[57.946s] -- Installing: /home/rokey/ros2_ws/install/dsr_msgs2/include/dsr_msgs2/dsr_msgs2/msg/detail/speedl_stream__type_support.h
[57.946s] -- Installing: /home/rokey/ros2_ws/install/dsr_msgs2/include/dsr_msgs2/dsr_msgs2/msg/detail/torque_rt_stream__functions.c
[57.946s] -- Installing: /home/rokey/ros2_ws/install/dsr_msgs2/include/dsr_msgs2/dsr_msgs2/msg/detail/servol_rt_stream__struct.h
[57.947s] -- Installing: /home/rokey/ros2_ws/install/dsr_msgs2/include/dsr_msgs2/dsr_msgs2/msg/detail/modbus_state__struct.h
[57.947s] -- Installing: /home/rokey/ros2_ws/install/dsr_msgs2/include/dsr_msgs2/dsr_msgs2/msg/detail/speedj_stream__functions.h
[57.947s] -- Installing: /home/rokey/ros2_ws/install/dsr_msgs2/include/dsr_msgs2/dsr_msgs2/msg/detail/speedl_rt_stream__struct.h
[57.947s] -- Installing: /home/rokey/ros2_ws/install/dsr_msgs2/include/dsr_msgs2/dsr_msgs2/msg/detail/speedj_stream__struct.h
[57.947s] -- Installing: /home/rokey/ros2_ws/install/dsr_msgs2/include/dsr_msgs2/dsr_msgs2/msg/detail/robot_state_rt__type_support.h
[57.947s] -- Installing: /home/rokey/ros2_ws/install/dsr_msgs2/include/dsr_msgs2/dsr_msgs2/msg/detail/speedl_stream__functions.c
[57.947s] -- Installing: /home/rokey/ros2_ws/install/dsr_msgs2/include/dsr_msgs2/dsr_msgs2/msg/detail/log_alarm__struct.h
[57.947s] -- Installing: /home/rokey/ros2_ws/install/dsr_msgs2/include/dsr_msgs2/dsr_msgs2/msg/detail/robot_stop__struct.h
[57.947s] -- Installing: /home/rokey/ros2_ws/install/dsr_msgs2/include/dsr_msgs2/dsr_msgs2/msg/servoj_stream.h
[57.947s] -- Installing: /home/rokey/ros2_ws/install/dsr_msgs2/include/dsr_msgs2/dsr_msgs2/srv
[57.948s] -- Installing: /home/rokey/ros2_ws/install/dsr_msgs2/include/dsr_msgs2/dsr_msgs2/srv/is_done_bolt_tightening.h
[57.948s] -- Installing: /home/rokey/ros2_ws/install/dsr_msgs2/include/dsr_msgs2/dsr_msgs2/srv/get_rt_control_output_version_list.h
[57.948s] -- Installing: /home/rokey/ros2_ws/install/dsr_msgs2/include/dsr_msgs2/dsr_msgs2/srv/check_motion.h
[57.948s] -- Installing: /home/rokey/ros2_ws/install/dsr_msgs2/include/dsr_msgs2/dsr_msgs2/srv/get_current_solution_space.h
[57.948s] -- Installing: /home/rokey/ros2_ws/install/dsr_msgs2/include/dsr_msgs2/dsr_msgs2/srv/get_desired_velj.h
[57.948s] -- Installing: /home/rokey/ros2_ws/install/dsr_msgs2/include/dsr_msgs2/dsr_msgs2/srv/get_tool_digital_output.h
[57.948s] -- Installing: /home/rokey/ros2_ws/install/dsr_msgs2/include/dsr_msgs2/dsr_msgs2/srv/get_desired_posx.h
[57.948s] -- Installing: /home/rokey/ros2_ws/install/dsr_msgs2/include/dsr_msgs2/dsr_msgs2/srv/set_singularity_handling.h
[57.949s] -- Installing: /home/rokey/ros2_ws/install/dsr_msgs2/include/dsr_msgs2/dsr_msgs2/srv/drl_start.h
[57.949s] -- Installing: /home/rokey/ros2_ws/install/dsr_msgs2/include/dsr_msgs2/dsr_msgs2/srv/get_desired_velx.h
[57.949s] -- Installing: /home/rokey/ros2_ws/install/dsr_msgs2/include/dsr_msgs2/dsr_msgs2/srv/get_solution_space.h
[57.949s] -- Installing: /home/rokey/ros2_ws/install/dsr_msgs2/include/dsr_msgs2/dsr_msgs2/srv/release_compliance_ctrl.h
[57.949s] -- Installing: /home/rokey/ros2_ws/install/dsr_msgs2/include/dsr_msgs2/dsr_msgs2/srv/fkin.h
[57.949s] -- Installing: /home/rokey/ros2_ws/install/dsr_msgs2/include/dsr_msgs2/dsr_msgs2/srv/servo_off.h
[57.949s] -- Installing: /home/rokey/ros2_ws/install/dsr_msgs2/include/dsr_msgs2/dsr_msgs2/srv/check_position_condition.h
[57.949s] -- Installing: /home/rokey/ros2_ws/install/dsr_msgs2/include/dsr_msgs2/dsr_msgs2/srv/serial_send_data.h
[57.949s] -- Installing: /home/rokey/ros2_ws/install/dsr_msgs2/include/dsr_msgs2/dsr_msgs2/srv/drl_stop.h
[57.949s] -- Installing: /home/rokey/ros2_ws/install/dsr_msgs2/include/dsr_msgs2/dsr_msgs2/srv/get_rt_control_input_data_list.h
[57.949s] -- Installing: /home/rokey/ros2_ws/install/dsr_msgs2/include/dsr_msgs2/dsr_msgs2/srv/set_robot_control.h
[57.949s] -- Installing: /home/rokey/ros2_ws/install/dsr_msgs2/include/dsr_msgs2/dsr_msgs2/srv/robotiq2_f_move.h
[57.949s] -- Installing: /home/rokey/ros2_ws/install/dsr_msgs2/include/dsr_msgs2/dsr_msgs2/srv/set_accx_rt.h
[57.949s] -- Installing: /home/rokey/ros2_ws/install/dsr_msgs2/include/dsr_msgs2/dsr_msgs2/srv/get_robot_state.h
[57.950s] -- Installing: /home/rokey/ros2_ws/install/dsr_msgs2/include/dsr_msgs2/dsr_msgs2/srv/set_rt_control_input.h
[57.950s] -- Installing: /home/rokey/ros2_ws/install/dsr_msgs2/include/dsr_msgs2/dsr_msgs2/srv/align_axis1.h
[57.950s] -- Installing: /home/rokey/ros2_ws/install/dsr_msgs2/include/dsr_msgs2/dsr_msgs2/srv/set_robot_system.h
[57.950s] -- Installing: /home/rokey/ros2_ws/install/dsr_msgs2/include/dsr_msgs2/dsr_msgs2/srv/get_control_space.h
[57.950s] -- Installing: /home/rokey/ros2_ws/install/dsr_msgs2/include/dsr_msgs2/dsr_msgs2/srv/enable_alter_motion.h
[57.950s] -- Installing: /home/rokey/ros2_ws/install/dsr_msgs2/include/dsr_msgs2/dsr_msgs2/srv/get_user_cart_coord.h
[57.950s] -- Installing: /home/rokey/ros2_ws/install/dsr_msgs2/include/dsr_msgs2/dsr_msgs2/srv/get_robot_speed_mode.h
[57.950s] -- Installing: /home/rokey/ros2_ws/install/dsr_msgs2/include/dsr_msgs2/dsr_msgs2/srv/get_tool_digital_input.h
[57.950s] -- Installing: /home/rokey/ros2_ws/install/dsr_msgs2/include/dsr_msgs2/dsr_msgs2/srv/get_robot_mode.h
[57.950s] -- Installing: /home/rokey/ros2_ws/install/dsr_msgs2/include/dsr_msgs2/dsr_msgs2/srv/disable_alter_motion.h
[57.950s] -- Installing: /home/rokey/ros2_ws/install/dsr_msgs2/include/dsr_msgs2/dsr_msgs2/srv/get_robot_system.h
[57.950s] -- Installing: /home/rokey/ros2_ws/install/dsr_msgs2/include/dsr_msgs2/dsr_msgs2/srv/set_user_cart_coord1.h
[57.950s] -- Installing: /home/rokey/ros2_ws/install/dsr_msgs2/include/dsr_msgs2/dsr_msgs2/srv/config_delete_tcp.h
[57.950s] -- Installing: /home/rokey/ros2_ws/install/dsr_msgs2/include/dsr_msgs2/dsr_msgs2/srv/change_collision_sensitivity.h
[57.951s] -- Installing: /home/rokey/ros2_ws/install/dsr_msgs2/include/dsr_msgs2/dsr_msgs2/srv/set_desired_force.h
[57.951s] -- Installing: /home/rokey/ros2_ws/install/dsr_msgs2/include/dsr_msgs2/dsr_msgs2/srv/get_current_velx.h
[57.951s] -- Installing: /home/rokey/ros2_ws/install/dsr_msgs2/include/dsr_msgs2/dsr_msgs2/srv/set_velj_rt.h
[57.951s] -- Installing: /home/rokey/ros2_ws/install/dsr_msgs2/include/dsr_msgs2/dsr_msgs2/srv/set_user_cart_coord2.h
[57.951s] -- Installing: /home/rokey/ros2_ws/install/dsr_msgs2/include/dsr_msgs2/dsr_msgs2/srv/get_current_tool.h
[57.951s] -- Installing: /home/rokey/ros2_ws/install/dsr_msgs2/include/dsr_msgs2/dsr_msgs2/srv/get_desired_posj.h
[57.951s] -- Installing: /home/rokey/ros2_ws/install/dsr_msgs2/include/dsr_msgs2/dsr_msgs2/srv/config_create_tcp.h
[57.951s] -- Installing: /home/rokey/ros2_ws/install/dsr_msgs2/include/dsr_msgs2/dsr_msgs2/srv/move_stop.h
[57.951s] -- Installing: /home/rokey/ros2_ws/install/dsr_msgs2/include/dsr_msgs2/dsr_msgs2/srv/move_jointx.h
[57.951s] -- Installing: /home/rokey/ros2_ws/install/dsr_msgs2/include/dsr_msgs2/dsr_msgs2/srv/align_axis2.h
[57.951s] -- Installing: /home/rokey/ros2_ws/install/dsr_msgs2/include/dsr_msgs2/dsr_msgs2/srv/get_ctrl_box_analog_input.h
[57.951s] -- Installing: /home/rokey/ros2_ws/install/dsr_msgs2/include/dsr_msgs2/dsr_msgs2/srv/write_data_rt.h
[57.951s] -- Installing: /home/rokey/ros2_ws/install/dsr_msgs2/include/dsr_msgs2/dsr_msgs2/srv/set_tool_shape.h
[57.951s] -- Installing: /home/rokey/ros2_ws/install/dsr_msgs2/include/dsr_msgs2/dsr_msgs2/srv/get_orientation_error.h
[57.952s] -- Installing: /home/rokey/ros2_ws/install/dsr_msgs2/include/dsr_msgs2/dsr_msgs2/srv/set_robot_speed_mode.h
[57.952s] -- Installing: /home/rokey/ros2_ws/install/dsr_msgs2/include/dsr_msgs2/dsr_msgs2/srv/get_workpiece_weight.h
[57.952s] -- Installing: /home/rokey/ros2_ws/install/dsr_msgs2/include/dsr_msgs2/dsr_msgs2/srv/robotiq2_f_open.h
[57.952s] -- Installing: /home/rokey/ros2_ws/install/dsr_msgs2/include/dsr_msgs2/dsr_msgs2/srv/set_stiffnessx.h
[57.952s] -- Installing: /home/rokey/ros2_ws/install/dsr_msgs2/include/dsr_msgs2/dsr_msgs2/srv/config_create_modbus.h
[57.952s] -- Installing: /home/rokey/ros2_ws/install/dsr_msgs2/include/dsr_msgs2/dsr_msgs2/srv/check_orientation_condition2.h
[57.952s] -- Installing: /home/rokey/ros2_ws/install/dsr_msgs2/include/dsr_msgs2/dsr_msgs2/srv/read_data_rt.h
[57.952s] -- Installing: /home/rokey/ros2_ws/install/dsr_msgs2/include/dsr_msgs2/dsr_msgs2/srv/get_rt_control_output_data_list.h
[57.952s] -- Installing: /home/rokey/ros2_ws/install/dsr_msgs2/include/dsr_msgs2/dsr_msgs2/srv/set_safety_mode.h
[57.952s] -- Installing: /home/rokey/ros2_ws/install/dsr_msgs2/include/dsr_msgs2/dsr_msgs2/srv/change_operation_speed.h
[57.952s] -- Installing: /home/rokey/ros2_ws/install/dsr_msgs2/include/dsr_msgs2/dsr_msgs2/srv/calc_coord.h
[57.952s] -- Installing: /home/rokey/ros2_ws/install/dsr_msgs2/include/dsr_msgs2/dsr_msgs2/srv/check_orientation_condition1.h
[57.952s] -- Installing: /home/rokey/ros2_ws/install/dsr_msgs2/include/dsr_msgs2/dsr_msgs2/srv/set_ctrl_box_digital_output.h
[57.952s] -- Installing: /home/rokey/ros2_ws/install/dsr_msgs2/include/dsr_msgs2/dsr_msgs2/srv/set_modbus_output.h
[57.952s] -- Installing: /home/rokey/ros2_ws/install/dsr_msgs2/include/dsr_msgs2/dsr_msgs2/srv/set_robot_mode.h
[57.953s] -- Installing: /home/rokey/ros2_ws/install/dsr_msgs2/include/dsr_msgs2/dsr_msgs2/srv/get_current_tool_flange_posx.h
[57.953s] -- Installing: /home/rokey/ros2_ws/install/dsr_msgs2/include/dsr_msgs2/dsr_msgs2/srv/parallel_axis2.h
[57.953s] -- Installing: /home/rokey/ros2_ws/install/dsr_msgs2/include/dsr_msgs2/dsr_msgs2/srv/get_modbus_input.h
[57.953s] -- Installing: /home/rokey/ros2_ws/install/dsr_msgs2/include/dsr_msgs2/dsr_msgs2/srv/alter_motion.h
[57.953s] -- Installing: /home/rokey/ros2_ws/install/dsr_msgs2/include/dsr_msgs2/dsr_msgs2/srv/jog_multi.h
[57.953s] -- Installing: /home/rokey/ros2_ws/install/dsr_msgs2/include/dsr_msgs2/dsr_msgs2/srv/move_periodic.h
[57.953s] -- Installing: /home/rokey/ros2_ws/install/dsr_msgs2/include/dsr_msgs2/dsr_msgs2/srv/config_delete_modbus.h
[57.953s] -- Installing: /home/rokey/ros2_ws/install/dsr_msgs2/include/dsr_msgs2/dsr_msgs2/srv/get_current_tcp.h
[57.953s] -- Installing: /home/rokey/ros2_ws/install/dsr_msgs2/include/dsr_msgs2/dsr_msgs2/srv/release_force.h
[57.953s] -- Installing: /home/rokey/ros2_ws/install/dsr_msgs2/include/dsr_msgs2/dsr_msgs2/srv/drl_pause.h
[57.953s] -- Installing: /home/rokey/ros2_ws/install/dsr_msgs2/include/dsr_msgs2/dsr_msgs2/srv/set_ctrl_box_analog_output_type.h
[57.953s] -- Installing: /home/rokey/ros2_ws/install/dsr_msgs2/include/dsr_msgs2/dsr_msgs2/srv/coord_transform.h
[57.953s] -- Installing: /home/rokey/ros2_ws/install/dsr_msgs2/include/dsr_msgs2/dsr_msgs2/srv/stop_rt_control.h
[57.953s] -- Installing: /home/rokey/ros2_ws/install/dsr_msgs2/include/dsr_msgs2/dsr_msgs2/srv/move_resume.h
[57.953s] -- Installing: /home/rokey/ros2_ws/install/dsr_msgs2/include/dsr_msgs2/dsr_msgs2/srv/get_ctrl_box_digital_input.h
[57.953s] -- Installing: /home/rokey/ros2_ws/install/dsr_msgs2/include/dsr_msgs2/dsr_msgs2/srv/set_ref_coord.h
[57.953s] -- Installing: /home/rokey/ros2_ws/install/dsr_msgs2/include/dsr_msgs2/dsr_msgs2/srv/robotiq2_f_close.h
[57.954s] -- Installing: /home/rokey/ros2_ws/install/dsr_msgs2/include/dsr_msgs2/dsr_msgs2/srv/move_spline_joint.h
[57.954s] -- Installing: /home/rokey/ros2_ws/install/dsr_msgs2/include/dsr_msgs2/dsr_msgs2/srv/set_ctrl_box_analog_input_type.h
[57.954s] -- Installing: /home/rokey/ros2_ws/install/dsr_msgs2/include/dsr_msgs2/dsr_msgs2/srv/get_tool_force.h
[57.954s] -- Installing: /home/rokey/ros2_ws/install/dsr_msgs2/include/dsr_msgs2/dsr_msgs2/srv/move_pause.h
[57.954s] -- Installing: /home/rokey/ros2_ws/install/dsr_msgs2/include/dsr_msgs2/dsr_msgs2/srv/set_safe_stop_reset_type.h
[57.954s] -- Installing: /home/rokey/ros2_ws/install/dsr_msgs2/include/dsr_msgs2/dsr_msgs2/srv/get_ctrl_box_digital_output.h
[57.954s] -- Installing: /home/rokey/ros2_ws/install/dsr_msgs2/include/dsr_msgs2/dsr_msgs2/srv/get_last_alarm.h
[57.954s] -- Installing: /home/rokey/ros2_ws/install/dsr_msgs2/include/dsr_msgs2/dsr_msgs2/srv/get_rt_control_input_version_list.h
[57.954s] -- Installing: /home/rokey/ros2_ws/install/dsr_msgs2/include/dsr_msgs2/dsr_msgs2/srv/reset_workpiece_weight.h
[57.954s] -- Installing: /home/rokey/ros2_ws/install/dsr_msgs2/include/dsr_msgs2/dsr_msgs2/srv/set_current_tool.h
[57.954s] -- Installing: /home/rokey/ros2_ws/install/dsr_msgs2/include/dsr_msgs2/dsr_msgs2/srv/get_current_rotm.h
[57.954s] -- Installing: /home/rokey/ros2_ws/install/dsr_msgs2/include/dsr_msgs2/dsr_msgs2/srv/move_home.h
[57.954s] -- Installing: /home/rokey/ros2_ws/install/dsr_msgs2/include/dsr_msgs2/dsr_msgs2/srv/disconnect_rt_control.h
[57.954s] -- Installing: /home/rokey/ros2_ws/install/dsr_msgs2/include/dsr_msgs2/dsr_msgs2/srv/set_rt_control_output.h
[57.954s] -- Installing: /home/rokey/ros2_ws/install/dsr_msgs2/include/dsr_msgs2/dsr_msgs2/srv/set_current_tcp.h
[57.954s] -- Installing: /home/rokey/ros2_ws/install/dsr_msgs2/include/dsr_msgs2/dsr_msgs2/srv/get_external_torque.h
[57.954s] -- Installing: /home/rokey/ros2_ws/install/dsr_msgs2/include/dsr_msgs2/dsr_msgs2/srv/get_joint_torque.h
[57.955s] -- Installing: /home/rokey/ros2_ws/install/dsr_msgs2/include/dsr_msgs2/dsr_msgs2/srv/overwrite_user_cart_coord.h
[57.955s] -- Installing: /home/rokey/ros2_ws/install/dsr_msgs2/include/dsr_msgs2/dsr_msgs2/srv/set_user_cart_coord3.h
[57.955s] -- Installing: /home/rokey/ros2_ws/install/dsr_msgs2/include/dsr_msgs2/dsr_msgs2/srv/set_ctrl_box_analog_output.h
[57.955s] -- Installing: /home/rokey/ros2_ws/install/dsr_msgs2/include/dsr_msgs2/dsr_msgs2/srv/move_wait.h
[57.955s] -- Installing: /home/rokey/ros2_ws/install/dsr_msgs2/include/dsr_msgs2/dsr_msgs2/srv/move_joint.h
[57.955s] -- Installing: /home/rokey/ros2_ws/install/dsr_msgs2/include/dsr_msgs2/dsr_msgs2/srv/ikin.h
[57.955s] -- Installing: /home/rokey/ros2_ws/install/dsr_msgs2/include/dsr_msgs2/dsr_msgs2/srv/trans.h
[57.955s] -- Installing: /home/rokey/ros2_ws/install/dsr_msgs2/include/dsr_msgs2/dsr_msgs2/srv/detail
[57.955s] -- Installing: /home/rokey/ros2_ws/install/dsr_msgs2/include/dsr_msgs2/dsr_msgs2/srv/detail/get_current_tool__functions.h
[57.955s] -- Installing: /home/rokey/ros2_ws/install/dsr_msgs2/include/dsr_msgs2/dsr_msgs2/srv/detail/get_orientation_error__struct.h
[57.955s] -- Installing: /home/rokey/ros2_ws/install/dsr_msgs2/include/dsr_msgs2/dsr_msgs2/srv/detail/set_ctrl_box_analog_output_type__type_support.h
[57.955s] -- Installing: /home/rokey/ros2_ws/install/dsr_msgs2/include/dsr_msgs2/dsr_msgs2/srv/detail/stop_rt_control__type_support.h
[57.955s] -- Installing: /home/rokey/ros2_ws/install/dsr_msgs2/include/dsr_msgs2/dsr_msgs2/srv/detail/set_tool_shape__functions.h
[57.956s] -- Installing: /home/rokey/ros2_ws/install/dsr_msgs2/include/dsr_msgs2/dsr_msgs2/srv/detail/get_rt_control_input_version_list__struct.h
[57.956s] -- Installing: /home/rokey/ros2_ws/install/dsr_msgs2/include/dsr_msgs2/dsr_msgs2/srv/detail/get_rt_control_input_data_list__functions.c
[57.956s] -- Installing: /home/rokey/ros2_ws/install/dsr_msgs2/include/dsr_msgs2/dsr_msgs2/srv/detail/get_ctrl_box_digital_input__functions.c
[57.956s] -- Installing: /home/rokey/ros2_ws/install/dsr_msgs2/include/dsr_msgs2/dsr_msgs2/srv/detail/get_current_tool__struct.h
[57.956s] -- Installing: /home/rokey/ros2_ws/install/dsr_msgs2/include/dsr_msgs2/dsr_msgs2/srv/detail/drl_resume__functions.h
[57.956s] -- Installing: /home/rokey/ros2_ws/install/dsr_msgs2/include/dsr_msgs2/dsr_msgs2/srv/detail/get_desired_posx__functions.h
[57.956s] -- Installing: /home/rokey/ros2_ws/install/dsr_msgs2/include/dsr_msgs2/dsr_msgs2/srv/detail/align_axis2__functions.c
[57.956s] -- Installing: /home/rokey/ros2_ws/install/dsr_msgs2/include/dsr_msgs2/dsr_msgs2/srv/detail/parallel_axis1__type_support.h
[57.956s] -- Installing: /home/rokey/ros2_ws/install/dsr_msgs2/include/dsr_msgs2/dsr_msgs2/srv/detail/get_modbus_input__struct.h
[57.956s] -- Installing: /home/rokey/ros2_ws/install/dsr_msgs2/include/dsr_msgs2/dsr_msgs2/srv/detail/set_current_tool__functions.c
[57.956s] -- Installing: /home/rokey/ros2_ws/install/dsr_msgs2/include/dsr_msgs2/dsr_msgs2/srv/detail/get_rt_control_input_data_list__struct.h
[57.956s] -- Installing: /home/rokey/ros2_ws/install/dsr_msgs2/include/dsr_msgs2/dsr_msgs2/srv/detail/robotiq2_f_open__type_support.h
[57.956s] -- Installing: /home/rokey/ros2_ws/install/dsr_msgs2/include/dsr_msgs2/dsr_msgs2/srv/detail/fkin__functions.c
[57.956s] -- Installing: /home/rokey/ros2_ws/install/dsr_msgs2/include/dsr_msgs2/dsr_msgs2/srv/detail/get_rt_control_output_data_list__struct.h
[57.956s] -- Installing: /home/rokey/ros2_ws/install/dsr_msgs2/include/dsr_msgs2/dsr_msgs2/srv/detail/move_spline_task__type_support.h
[57.956s] -- Installing: /home/rokey/ros2_ws/install/dsr_msgs2/include/dsr_msgs2/dsr_msgs2/srv/detail/write_data_rt__functions.c
[57.956s] -- Installing: /home/rokey/ros2_ws/install/dsr_msgs2/include/dsr_msgs2/dsr_msgs2/srv/detail/set_tool_shape__struct.h
[57.956s] -- Installing: /home/rokey/ros2_ws/install/dsr_msgs2/include/dsr_msgs2/dsr_msgs2/srv/detail/check_motion__struct.h
[57.956s] -- Installing: /home/rokey/ros2_ws/install/dsr_msgs2/include/dsr_msgs2/dsr_msgs2/srv/detail/move_circle__functions.h
[57.956s] -- Installing: /home/rokey/ros2_ws/install/dsr_msgs2/include/dsr_msgs2/dsr_msgs2/srv/detail/get_current_tcp__struct.h
[57.956s] -- Installing: /home/rokey/ros2_ws/install/dsr_msgs2/include/dsr_msgs2/dsr_msgs2/srv/detail/calc_coord__functions.h
[57.956s] -- Installing: /home/rokey/ros2_ws/install/dsr_msgs2/include/dsr_msgs2/dsr_msgs2/srv/detail/change_collision_sensitivity__functions.h
[57.956s] -- Installing: /home/rokey/ros2_ws/install/dsr_msgs2/include/dsr_msgs2/dsr_msgs2/srv/detail/get_external_torque__functions.h
[57.956s] -- Installing: /home/rokey/ros2_ws/install/dsr_msgs2/include/dsr_msgs2/dsr_msgs2/srv/detail/read_data_rt__type_support.h
[57.957s] -- Installing: /home/rokey/ros2_ws/install/dsr_msgs2/include/dsr_msgs2/dsr_msgs2/srv/detail/release_force__functions.h
[57.957s] -- Installing: /home/rokey/ros2_ws/install/dsr_msgs2/include/dsr_msgs2/dsr_msgs2/srv/detail/get_user_cart_coord__type_support.h
[57.957s] -- Installing: /home/rokey/ros2_ws/install/dsr_msgs2/include/dsr_msgs2/dsr_msgs2/srv/detail/get_robot_speed_mode__functions.c
[57.957s] -- Installing: /home/rokey/ros2_ws/install/dsr_msgs2/include/dsr_msgs2/dsr_msgs2/srv/detail/set_accj_rt__functions.h
[57.957s] -- Installing: /home/rokey/ros2_ws/install/dsr_msgs2/include/dsr_msgs2/dsr_msgs2/srv/detail/release_force__type_support.h
[57.957s] -- Installing: /home/rokey/ros2_ws/install/dsr_msgs2/include/dsr_msgs2/dsr_msgs2/srv/detail/get_tool_force__type_support.h
[57.957s] -- Installing: /home/rokey/ros2_ws/install/dsr_msgs2/include/dsr_msgs2/dsr_msgs2/srv/detail/move_blending__struct.h
[57.957s] -- Installing: /home/rokey/ros2_ws/install/dsr_msgs2/include/dsr_msgs2/dsr_msgs2/srv/detail/set_safety_mode__type_support.h
[57.957s] -- Installing: /home/rokey/ros2_ws/install/dsr_msgs2/include/dsr_msgs2/dsr_msgs2/srv/detail/get_drl_state__struct.h
[57.957s] -- Installing: /home/rokey/ros2_ws/install/dsr_msgs2/include/dsr_msgs2/dsr_msgs2/srv/detail/parallel_axis2__functions.h
[57.957s] -- Installing: /home/rokey/ros2_ws/install/dsr_msgs2/include/dsr_msgs2/dsr_msgs2/srv/detail/fkin__type_support.h
[57.957s] -- Installing: /home/rokey/ros2_ws/install/dsr_msgs2/include/dsr_msgs2/dsr_msgs2/srv/detail/move_resume__type_support.h
[57.957s] -- Installing: /home/rokey/ros2_ws/install/dsr_msgs2/include/dsr_msgs2/dsr_msgs2/srv/detail/get_tool_digital_input__functions.c
[57.957s] -- Installing: /home/rokey/ros2_ws/install/dsr_msgs2/include/dsr_msgs2/dsr_msgs2/srv/detail/get_current_rotm__functions.c
[57.957s] -- Installing: /home/rokey/ros2_ws/install/dsr_msgs2/include/dsr_msgs2/dsr_msgs2/srv/detail/set_tool_digital_output__functions.h
[57.957s] -- Installing: /home/rokey/ros2_ws/install/dsr_msgs2/include/dsr_msgs2/dsr_msgs2/srv/detail/start_rt_control__type_support.h
[57.957s] -- Installing: /home/rokey/ros2_ws/install/dsr_msgs2/include/dsr_msgs2/dsr_msgs2/srv/detail/robotiq2_f_open__functions.h
[57.957s] -- Installing: /home/rokey/ros2_ws/install/dsr_msgs2/include/dsr_msgs2/dsr_msgs2/srv/detail/move_home__functions.c
[57.957s] -- Installing: /home/rokey/ros2_ws/install/dsr_msgs2/include/dsr_msgs2/dsr_msgs2/srv/detail/get_control_mode__functions.h
[57.957s] -- Installing: /home/rokey/ros2_ws/install/dsr_msgs2/include/dsr_msgs2/dsr_msgs2/srv/detail/get_workpiece_weight__struct.h
[57.957s] -- Installing: /home/rokey/ros2_ws/install/dsr_msgs2/include/dsr_msgs2/dsr_msgs2/srv/detail/get_desired_velj__type_support.h
[57.957s] -- Installing: /home/rokey/ros2_ws/install/dsr_msgs2/include/dsr_msgs2/dsr_msgs2/srv/detail/move_blending__functions.c
[57.957s] -- Installing: /home/rokey/ros2_ws/install/dsr_msgs2/include/dsr_msgs2/dsr_msgs2/srv/detail/move_periodic__functions.h
[57.958s] -- Installing: /home/rokey/ros2_ws/install/dsr_msgs2/include/dsr_msgs2/dsr_msgs2/srv/detail/get_joint_torque__functions.c
[57.958s] -- Installing: /home/rokey/ros2_ws/install/dsr_msgs2/include/dsr_msgs2/dsr_msgs2/srv/detail/set_rt_control_input__type_support.h
[57.958s] -- Installing: /home/rokey/ros2_ws/install/dsr_msgs2/include/dsr_msgs2/dsr_msgs2/srv/detail/move_home__functions.h
[57.958s] -- Installing: /home/rokey/ros2_ws/install/dsr_msgs2/include/dsr_msgs2/dsr_msgs2/srv/detail/jog__functions.c
[57.958s] -- Installing: /home/rokey/ros2_ws/install/dsr_msgs2/include/dsr_msgs2/dsr_msgs2/srv/detail/get_tool_force__struct.h
[57.958s] -- Installing: /home/rokey/ros2_ws/install/dsr_msgs2/include/dsr_msgs2/dsr_msgs2/srv/detail/move_circle__struct.h
[57.958s] -- Installing: /home/rokey/ros2_ws/install/dsr_msgs2/include/dsr_msgs2/dsr_msgs2/srv/detail/move_resume__functions.h
[57.958s] -- Installing: /home/rokey/ros2_ws/install/dsr_msgs2/include/dsr_msgs2/dsr_msgs2/srv/detail/get_rt_control_input_version_list__functions.c
[57.958s] -- Installing: /home/rokey/ros2_ws/install/dsr_msgs2/include/dsr_msgs2/dsr_msgs2/srv/detail/get_tool_digital_output__type_support.h
[57.958s] -- Installing: /home/rokey/ros2_ws/install/dsr_msgs2/include/dsr_msgs2/dsr_msgs2/srv/detail/get_current_rotm__type_support.h
[57.958s] -- Installing: /home/rokey/ros2_ws/install/dsr_msgs2/include/dsr_msgs2/dsr_msgs2/srv/detail/start_rt_control__functions.h
[57.958s] -- Installing: /home/rokey/ros2_ws/install/dsr_msgs2/include/dsr_msgs2/dsr_msgs2/srv/detail/config_create_tcp__type_support.h
[57.958s] -- Installing: /home/rokey/ros2_ws/install/dsr_msgs2/include/dsr_msgs2/dsr_msgs2/srv/detail/get_desired_velj__functions.c
[57.958s] -- Installing: /home/rokey/ros2_ws/install/dsr_msgs2/include/dsr_msgs2/dsr_msgs2/srv/detail/get_ctrl_box_analog_input__struct.h
[57.958s] -- Installing: /home/rokey/ros2_ws/install/dsr_msgs2/include/dsr_msgs2/dsr_msgs2/srv/detail/drl_resume__type_support.h
[57.958s] -- Installing: /home/rokey/ros2_ws/install/dsr_msgs2/include/dsr_msgs2/dsr_msgs2/srv/detail/set_robot_control__struct.h
[57.958s] -- Installing: /home/rokey/ros2_ws/install/dsr_msgs2/include/dsr_msgs2/dsr_msgs2/srv/detail/get_current_tool_flange_posx__type_support.h
[57.958s] -- Installing: /home/rokey/ros2_ws/install/dsr_msgs2/include/dsr_msgs2/dsr_msgs2/srv/detail/get_current_posx__struct.h
[57.958s] -- Installing: /home/rokey/ros2_ws/install/dsr_msgs2/include/dsr_msgs2/dsr_msgs2/srv/detail/config_create_tool__type_support.h
[57.958s] -- Installing: /home/rokey/ros2_ws/install/dsr_msgs2/include/dsr_msgs2/dsr_msgs2/srv/detail/move_spline_task__functions.c
[57.958s] -- Installing: /home/rokey/ros2_ws/install/dsr_msgs2/include/dsr_msgs2/dsr_msgs2/srv/detail/set_ctrl_box_analog_output_type__functions.h
[57.958s] -- Installing: /home/rokey/ros2_ws/install/dsr_msgs2/include/dsr_msgs2/dsr_msgs2/srv/detail/set_ctrl_box_analog_output__type_support.h
[57.958s] -- Installing: /home/rokey/ros2_ws/install/dsr_msgs2/include/dsr_msgs2/dsr_msgs2/srv/detail/get_robot_state__functions.h
[57.959s] -- Installing: /home/rokey/ros2_ws/install/dsr_msgs2/include/dsr_msgs2/dsr_msgs2/srv/detail/get_tool_digital_input__functions.h
[57.959s] -- Installing: /home/rokey/ros2_ws/install/dsr_msgs2/include/dsr_msgs2/dsr_msgs2/srv/detail/config_create_tool__struct.h
[57.959s] -- Installing: /home/rokey/ros2_ws/install/dsr_msgs2/include/dsr_msgs2/dsr_msgs2/srv/detail/get_rt_control_input_data_list__functions.h
[57.959s] -- Installing: /home/rokey/ros2_ws/install/dsr_msgs2/include/dsr_msgs2/dsr_msgs2/srv/detail/get_current_posx__functions.h
[57.959s] -- Installing: /home/rokey/ros2_ws/install/dsr_msgs2/include/dsr_msgs2/dsr_msgs2/srv/detail/get_rt_control_output_data_list__functions.h
[57.959s] -- Installing: /home/rokey/ros2_ws/install/dsr_msgs2/include/dsr_msgs2/dsr_msgs2/srv/detail/disconnect_rt_control__functions.c
[57.959s] -- Installing: /home/rokey/ros2_ws/install/dsr_msgs2/include/dsr_msgs2/dsr_msgs2/srv/detail/set_user_cart_coord1__type_support.h
[57.959s] -- Installing: /home/rokey/ros2_ws/install/dsr_msgs2/include/dsr_msgs2/dsr_msgs2/srv/detail/servo_off__functions.h
[57.959s] -- Installing: /home/rokey/ros2_ws/install/dsr_msgs2/include/dsr_msgs2/dsr_msgs2/srv/detail/set_accx_rt__functions.h
[57.959s] -- Installing: /home/rokey/ros2_ws/install/dsr_msgs2/include/dsr_msgs2/dsr_msgs2/srv/detail/set_ctrl_box_analog_output__struct.h
[57.959s] -- Installing: /home/rokey/ros2_ws/install/dsr_msgs2/include/dsr_msgs2/dsr_msgs2/srv/detail/drl_pause__functions.h
[57.959s] -- Installing: /home/rokey/ros2_ws/install/dsr_msgs2/include/dsr_msgs2/dsr_msgs2/srv/detail/get_robot_state__type_support.h
[57.959s] -- Installing: /home/rokey/ros2_ws/install/dsr_msgs2/include/dsr_msgs2/dsr_msgs2/srv/detail/get_current_tool_flange_posx__functions.c
[57.959s] -- Installing: /home/rokey/ros2_ws/install/dsr_msgs2/include/dsr_msgs2/dsr_msgs2/srv/detail/get_current_posj__type_support.h
[57.959s] -- Installing: /home/rokey/ros2_ws/install/dsr_msgs2/include/dsr_msgs2/dsr_msgs2/srv/detail/get_robot_system__struct.h
[57.959s] -- Installing: /home/rokey/ros2_ws/install/dsr_msgs2/include/dsr_msgs2/dsr_msgs2/srv/detail/set_user_cart_coord1__struct.h
[57.959s] -- Installing: /home/rokey/ros2_ws/install/dsr_msgs2/include/dsr_msgs2/dsr_msgs2/srv/detail/set_velj_rt__functions.h
[57.959s] -- Installing: /home/rokey/ros2_ws/install/dsr_msgs2/include/dsr_msgs2/dsr_msgs2/srv/detail/get_robot_speed_mode__struct.h
[57.959s] -- Installing: /home/rokey/ros2_ws/install/dsr_msgs2/include/dsr_msgs2/dsr_msgs2/srv/detail/task_compliance_ctrl__functions.c
[57.959s] -- Installing: /home/rokey/ros2_ws/install/dsr_msgs2/include/dsr_msgs2/dsr_msgs2/srv/detail/config_create_modbus__functions.h
[57.959s] -- Installing: /home/rokey/ros2_ws/install/dsr_msgs2/include/dsr_msgs2/dsr_msgs2/srv/detail/change_operation_speed__type_support.h
[57.960s] -- Installing: /home/rokey/ros2_ws/install/dsr_msgs2/include/dsr_msgs2/dsr_msgs2/srv/detail/set_tool_shape__functions.c
[57.960s] -- Installing: /home/rokey/ros2_ws/install/dsr_msgs2/include/dsr_msgs2/dsr_msgs2/srv/detail/check_position_condition__type_support.h
[57.960s] -- Installing: /home/rokey/ros2_ws/install/dsr_msgs2/include/dsr_msgs2/dsr_msgs2/srv/detail/set_desired_force__type_support.h
[57.960s] -- Installing: /home/rokey/ros2_ws/install/dsr_msgs2/include/dsr_msgs2/dsr_msgs2/srv/detail/set_robot_control__functions.c
[57.960s] -- Installing: /home/rokey/ros2_ws/install/dsr_msgs2/include/dsr_msgs2/dsr_msgs2/srv/detail/set_safety_mode__struct.h
[57.960s] -- Installing: /home/rokey/ros2_ws/install/dsr_msgs2/include/dsr_msgs2/dsr_msgs2/srv/detail/set_accx_rt__functions.c
[57.960s] -- Installing: /home/rokey/ros2_ws/install/dsr_msgs2/include/dsr_msgs2/dsr_msgs2/srv/detail/get_rt_control_output_version_list__functions.h
[57.960s] -- Installing: /home/rokey/ros2_ws/install/dsr_msgs2/include/dsr_msgs2/dsr_msgs2/srv/detail/set_user_cart_coord3__functions.c
[57.960s] -- Installing: /home/rokey/ros2_ws/install/dsr_msgs2/include/dsr_msgs2/dsr_msgs2/srv/detail/release_compliance_ctrl__functions.h
[57.960s] -- Installing: /home/rokey/ros2_ws/install/dsr_msgs2/include/dsr_msgs2/dsr_msgs2/srv/detail/coord_transform__struct.h
[57.960s] -- Installing: /home/rokey/ros2_ws/install/dsr_msgs2/include/dsr_msgs2/dsr_msgs2/srv/detail/get_desired_velx__functions.c
[57.960s] -- Installing: /home/rokey/ros2_ws/install/dsr_msgs2/include/dsr_msgs2/dsr_msgs2/srv/detail/set_singularity_handling__struct.h
[57.960s] -- Installing: /home/rokey/ros2_ws/install/dsr_msgs2/include/dsr_msgs2/dsr_msgs2/srv/detail/set_ctrl_box_digital_output__struct.h
[57.960s] -- Installing: /home/rokey/ros2_ws/install/dsr_msgs2/include/dsr_msgs2/dsr_msgs2/srv/detail/task_compliance_ctrl__type_support.h
[57.960s] -- Installing: /home/rokey/ros2_ws/install/dsr_msgs2/include/dsr_msgs2/dsr_msgs2/srv/detail/move_jointx__functions.h
[57.960s] -- Installing: /home/rokey/ros2_ws/install/dsr_msgs2/include/dsr_msgs2/dsr_msgs2/srv/detail/set_stiffnessx__type_support.h
[57.960s] -- Installing: /home/rokey/ros2_ws/install/dsr_msgs2/include/dsr_msgs2/dsr_msgs2/srv/detail/get_solution_space__functions.c
[57.960s] -- Installing: /home/rokey/ros2_ws/install/dsr_msgs2/include/dsr_msgs2/dsr_msgs2/srv/detail/enable_alter_motion__functions.h
[57.960s] -- Installing: /home/rokey/ros2_ws/install/dsr_msgs2/include/dsr_msgs2/dsr_msgs2/srv/detail/overwrite_user_cart_coord__functions.c
[57.960s] -- Installing: /home/rokey/ros2_ws/install/dsr_msgs2/include/dsr_msgs2/dsr_msgs2/srv/detail/get_ctrl_box_digital_input__type_support.h
[57.960s] -- Installing: /home/rokey/ros2_ws/install/dsr_msgs2/include/dsr_msgs2/dsr_msgs2/srv/detail/get_last_alarm__functions.h
[57.960s] -- Installing: /home/rokey/ros2_ws/install/dsr_msgs2/include/dsr_msgs2/dsr_msgs2/srv/detail/set_velx_rt__functions.c
[57.961s] -- Installing: /home/rokey/ros2_ws/install/dsr_msgs2/include/dsr_msgs2/dsr_msgs2/srv/detail/servo_off__type_support.h
[57.961s] -- Installing: /home/rokey/ros2_ws/install/dsr_msgs2/include/dsr_msgs2/dsr_msgs2/srv/detail/release_force__struct.h
[57.961s] -- Installing: /home/rokey/ros2_ws/install/dsr_msgs2/include/dsr_msgs2/dsr_msgs2/srv/detail/set_user_cart_coord2__type_support.h
[57.961s] -- Installing: /home/rokey/ros2_ws/install/dsr_msgs2/include/dsr_msgs2/dsr_msgs2/srv/detail/get_current_velj__functions.h
[57.961s] -- Installing: /home/rokey/ros2_ws/install/dsr_msgs2/include/dsr_msgs2/dsr_msgs2/srv/detail/get_control_mode__type_support.h
[57.961s] -- Installing: /home/rokey/ros2_ws/install/dsr_msgs2/include/dsr_msgs2/dsr_msgs2/srv/detail/get_robot_system__functions.h
[57.961s] -- Installing: /home/rokey/ros2_ws/install/dsr_msgs2/include/dsr_msgs2/dsr_msgs2/srv/detail/get_last_alarm__struct.h
[57.961s] -- Installing: /home/rokey/ros2_ws/install/dsr_msgs2/include/dsr_msgs2/dsr_msgs2/srv/detail/check_position_condition__functions.h
[57.961s] -- Installing: /home/rokey/ros2_ws/install/dsr_msgs2/include/dsr_msgs2/dsr_msgs2/srv/detail/set_ctrl_box_analog_output_type__functions.c
[57.961s] -- Installing: /home/rokey/ros2_ws/install/dsr_msgs2/include/dsr_msgs2/dsr_msgs2/srv/detail/set_current_tcp__struct.h
[57.961s] -- Installing: /home/rokey/ros2_ws/install/dsr_msgs2/include/dsr_msgs2/dsr_msgs2/srv/detail/alter_motion__type_support.h
[57.961s] -- Installing: /home/rokey/ros2_ws/install/dsr_msgs2/include/dsr_msgs2/dsr_msgs2/srv/detail/get_current_tool__type_support.h
[57.961s] -- Installing: /home/rokey/ros2_ws/install/dsr_msgs2/include/dsr_msgs2/dsr_msgs2/srv/detail/get_ctrl_box_digital_output__functions.c
[57.961s] -- Installing: /home/rokey/ros2_ws/install/dsr_msgs2/include/dsr_msgs2/dsr_msgs2/srv/detail/stop_rt_control__functions.c
[57.961s] -- Installing: /home/rokey/ros2_ws/install/dsr_msgs2/include/dsr_msgs2/dsr_msgs2/srv/detail/move_periodic__struct.h
[57.961s] -- Installing: /home/rokey/ros2_ws/install/dsr_msgs2/include/dsr_msgs2/dsr_msgs2/srv/detail/move_spline_joint__functions.h
[57.961s] -- Installing: /home/rokey/ros2_ws/install/dsr_msgs2/include/dsr_msgs2/dsr_msgs2/srv/detail/set_robot_mode__functions.c
[57.961s] -- Installing: /home/rokey/ros2_ws/install/dsr_msgs2/include/dsr_msgs2/dsr_msgs2/srv/detail/move_spiral__functions.c
[57.961s] -- Installing: /home/rokey/ros2_ws/install/dsr_msgs2/include/dsr_msgs2/dsr_msgs2/srv/detail/alter_motion__functions.h
[57.961s] -- Installing: /home/rokey/ros2_ws/install/dsr_msgs2/include/dsr_msgs2/dsr_msgs2/srv/detail/get_control_mode__functions.c
[57.961s] -- Installing: /home/rokey/ros2_ws/install/dsr_msgs2/include/dsr_msgs2/dsr_msgs2/srv/detail/get_desired_velx__functions.h
[57.961s] -- Installing: /home/rokey/ros2_ws/install/dsr_msgs2/include/dsr_msgs2/dsr_msgs2/srv/detail/move_stop__functions.h
[57.962s] -- Installing: /home/rokey/ros2_ws/install/dsr_msgs2/include/dsr_msgs2/dsr_msgs2/srv/detail/set_rt_control_output__functions.c
[57.962s] -- Installing: /home/rokey/ros2_ws/install/dsr_msgs2/include/dsr_msgs2/dsr_msgs2/srv/detail/move_joint__functions.h
[57.962s] -- Installing: /home/rokey/ros2_ws/install/dsr_msgs2/include/dsr_msgs2/dsr_msgs2/srv/detail/get_current_posj__functions.h
[57.962s] -- Installing: /home/rokey/ros2_ws/install/dsr_msgs2/include/dsr_msgs2/dsr_msgs2/srv/detail/set_modbus_output__functions.h
[57.962s] -- Installing: /home/rokey/ros2_ws/install/dsr_msgs2/include/dsr_msgs2/dsr_msgs2/srv/detail/write_data_rt__struct.h
[57.962s] -- Installing: /home/rokey/ros2_ws/install/dsr_msgs2/include/dsr_msgs2/dsr_msgs2/srv/detail/move_home__type_support.h
[57.962s] -- Installing: /home/rokey/ros2_ws/install/dsr_msgs2/include/dsr_msgs2/dsr_msgs2/srv/detail/connect_rt_control__type_support.h
[57.962s] -- Installing: /home/rokey/ros2_ws/install/dsr_msgs2/include/dsr_msgs2/dsr_msgs2/srv/detail/get_robot_system__type_support.h
[57.962s] -- Installing: /home/rokey/ros2_ws/install/dsr_msgs2/include/dsr_msgs2/dsr_msgs2/srv/detail/start_rt_control__functions.c
[57.962s] -- Installing: /home/rokey/ros2_ws/install/dsr_msgs2/include/dsr_msgs2/dsr_msgs2/srv/detail/drl_start__struct.h
[57.962s] -- Installing: /home/rokey/ros2_ws/install/dsr_msgs2/include/dsr_msgs2/dsr_msgs2/srv/detail/get_tool_digital_output__functions.h
[57.962s] -- Installing: /home/rokey/ros2_ws/install/dsr_msgs2/include/dsr_msgs2/dsr_msgs2/srv/detail/get_current_posx__functions.c
[57.962s] -- Installing: /home/rokey/ros2_ws/install/dsr_msgs2/include/dsr_msgs2/dsr_msgs2/srv/detail/set_robot_system__type_support.h
[57.962s] -- Installing: /home/rokey/ros2_ws/install/dsr_msgs2/include/dsr_msgs2/dsr_msgs2/srv/detail/get_current_tool__functions.c
[57.962s] -- Installing: /home/rokey/ros2_ws/install/dsr_msgs2/include/dsr_msgs2/dsr_msgs2/srv/detail/get_user_cart_coord__struct.h
[57.962s] -- Installing: /home/rokey/ros2_ws/install/dsr_msgs2/include/dsr_msgs2/dsr_msgs2/srv/detail/get_drl_state__functions.h
[57.962s] -- Installing: /home/rokey/ros2_ws/install/dsr_msgs2/include/dsr_msgs2/dsr_msgs2/srv/detail/get_external_torque__functions.c
[57.962s] -- Installing: /home/rokey/ros2_ws/install/dsr_msgs2/include/dsr_msgs2/dsr_msgs2/srv/detail/get_robot_mode__functions.c
[57.962s] -- Installing: /home/rokey/ros2_ws/install/dsr_msgs2/include/dsr_msgs2/dsr_msgs2/srv/detail/get_rt_control_output_version_list__type_support.h
[57.962s] -- Installing: /home/rokey/ros2_ws/install/dsr_msgs2/include/dsr_msgs2/dsr_msgs2/srv/detail/set_rt_control_output__type_support.h
[57.962s] -- Installing: /home/rokey/ros2_ws/install/dsr_msgs2/include/dsr_msgs2/dsr_msgs2/srv/detail/set_velj_rt__type_support.h
[57.962s] -- Installing: /home/rokey/ros2_ws/install/dsr_msgs2/include/dsr_msgs2/dsr_msgs2/srv/detail/coord_transform__functions.c
[57.963s] -- Installing: /home/rokey/ros2_ws/install/dsr_msgs2/include/dsr_msgs2/dsr_msgs2/srv/detail/set_ref_coord__type_support.h
[57.963s] -- Installing: /home/rokey/ros2_ws/install/dsr_msgs2/include/dsr_msgs2/dsr_msgs2/srv/detail/jog__struct.h
[57.963s] -- Installing: /home/rokey/ros2_ws/install/dsr_msgs2/include/dsr_msgs2/dsr_msgs2/srv/detail/get_solution_space__struct.h
[57.963s] -- Installing: /home/rokey/ros2_ws/install/dsr_msgs2/include/dsr_msgs2/dsr_msgs2/srv/detail/get_desired_velx__type_support.h
[57.963s] -- Installing: /home/rokey/ros2_ws/install/dsr_msgs2/include/dsr_msgs2/dsr_msgs2/srv/detail/get_orientation_error__functions.c
[57.963s] -- Installing: /home/rokey/ros2_ws/install/dsr_msgs2/include/dsr_msgs2/dsr_msgs2/srv/detail/change_collision_sensitivity__functions.c
[57.963s] -- Installing: /home/rokey/ros2_ws/install/dsr_msgs2/include/dsr_msgs2/dsr_msgs2/srv/detail/get_robot_mode__functions.h
[57.963s] -- Installing: /home/rokey/ros2_ws/install/dsr_msgs2/include/dsr_msgs2/dsr_msgs2/srv/detail/get_control_space__struct.h
[57.963s] -- Installing: /home/rokey/ros2_ws/install/dsr_msgs2/include/dsr_msgs2/dsr_msgs2/srv/detail/get_tool_digital_input__struct.h
[57.963s] -- Installing: /home/rokey/ros2_ws/install/dsr_msgs2/include/dsr_msgs2/dsr_msgs2/srv/detail/get_current_tcp__functions.h
[57.963s] -- Installing: /home/rokey/ros2_ws/install/dsr_msgs2/include/dsr_msgs2/dsr_msgs2/srv/detail/set_user_cart_coord2__functions.h
[57.963s] -- Installing: /home/rokey/ros2_ws/install/dsr_msgs2/include/dsr_msgs2/dsr_msgs2/srv/detail/write_data_rt__type_support.h
[57.963s] -- Installing: /home/rokey/ros2_ws/install/dsr_msgs2/include/dsr_msgs2/dsr_msgs2/srv/detail/align_axis1__functions.h
[57.963s] -- Installing: /home/rokey/ros2_ws/install/dsr_msgs2/include/dsr_msgs2/dsr_msgs2/srv/detail/move_wait__struct.h
[57.963s] -- Installing: /home/rokey/ros2_ws/install/dsr_msgs2/include/dsr_msgs2/dsr_msgs2/srv/detail/set_ref_coord__struct.h
[57.963s] -- Installing: /home/rokey/ros2_ws/install/dsr_msgs2/include/dsr_msgs2/dsr_msgs2/srv/detail/set_safe_stop_reset_type__functions.c
[57.963s] -- Installing: /home/rokey/ros2_ws/install/dsr_msgs2/include/dsr_msgs2/dsr_msgs2/srv/detail/get_ctrl_box_analog_input__type_support.h
[57.963s] -- Installing: /home/rokey/ros2_ws/install/dsr_msgs2/include/dsr_msgs2/dsr_msgs2/srv/detail/get_current_velx__type_support.h
[57.963s] -- Installing: /home/rokey/ros2_ws/install/dsr_msgs2/include/dsr_msgs2/dsr_msgs2/srv/detail/set_tool_digital_output__functions.c
[57.963s] -- Installing: /home/rokey/ros2_ws/install/dsr_msgs2/include/dsr_msgs2/dsr_msgs2/srv/detail/move_wait__type_support.h
[57.963s] -- Installing: /home/rokey/ros2_ws/install/dsr_msgs2/include/dsr_msgs2/dsr_msgs2/srv/detail/move_periodic__functions.c
[57.964s] -- Installing: /home/rokey/ros2_ws/install/dsr_msgs2/include/dsr_msgs2/dsr_msgs2/srv/detail/set_accj_rt__struct.h
[57.964s] -- Installing: /home/rokey/ros2_ws/install/dsr_msgs2/include/dsr_msgs2/dsr_msgs2/srv/detail/check_orientation_condition1__type_support.h
[57.964s] -- Installing: /home/rokey/ros2_ws/install/dsr_msgs2/include/dsr_msgs2/dsr_msgs2/srv/detail/align_axis1__type_support.h
[57.964s] -- Installing: /home/rokey/ros2_ws/install/dsr_msgs2/include/dsr_msgs2/dsr_msgs2/srv/detail/ikin__functions.c
[57.964s] -- Installing: /home/rokey/ros2_ws/install/dsr_msgs2/include/dsr_msgs2/dsr_msgs2/srv/detail/ikin__functions.h
[57.964s] -- Installing: /home/rokey/ros2_ws/install/dsr_msgs2/include/dsr_msgs2/dsr_msgs2/srv/detail/set_user_cart_coord3__type_support.h
[57.964s] -- Installing: /home/rokey/ros2_ws/install/dsr_msgs2/include/dsr_msgs2/dsr_msgs2/srv/detail/set_safety_mode__functions.h
[57.964s] -- Installing: /home/rokey/ros2_ws/install/dsr_msgs2/include/dsr_msgs2/dsr_msgs2/srv/detail/set_modbus_output__type_support.h
[57.964s] -- Installing: /home/rokey/ros2_ws/install/dsr_msgs2/include/dsr_msgs2/dsr_msgs2/srv/detail/move_stop__struct.h
[57.964s] -- Installing: /home/rokey/ros2_ws/install/dsr_msgs2/include/dsr_msgs2/dsr_msgs2/srv/detail/drl_stop__functions.c
[57.964s] -- Installing: /home/rokey/ros2_ws/install/dsr_msgs2/include/dsr_msgs2/dsr_msgs2/srv/detail/task_compliance_ctrl__functions.h
[57.964s] -- Installing: /home/rokey/ros2_ws/install/dsr_msgs2/include/dsr_msgs2/dsr_msgs2/srv/detail/move_spiral__functions.h
[57.964s] -- Installing: /home/rokey/ros2_ws/install/dsr_msgs2/include/dsr_msgs2/dsr_msgs2/srv/detail/config_delete_tool__struct.h
[57.964s] -- Installing: /home/rokey/ros2_ws/install/dsr_msgs2/include/dsr_msgs2/dsr_msgs2/srv/detail/jog_multi__functions.c
[57.964s] -- Installing: /home/rokey/ros2_ws/install/dsr_msgs2/include/dsr_msgs2/dsr_msgs2/srv/detail/get_current_posx__type_support.h
[57.964s] -- Installing: /home/rokey/ros2_ws/install/dsr_msgs2/include/dsr_msgs2/dsr_msgs2/srv/detail/config_create_modbus__struct.h
[57.964s] -- Installing: /home/rokey/ros2_ws/install/dsr_msgs2/include/dsr_msgs2/dsr_msgs2/srv/detail/release_force__functions.c
[57.964s] -- Installing: /home/rokey/ros2_ws/install/dsr_msgs2/include/dsr_msgs2/dsr_msgs2/srv/detail/get_current_pose__struct.h
[57.964s] -- Installing: /home/rokey/ros2_ws/install/dsr_msgs2/include/dsr_msgs2/dsr_msgs2/srv/detail/config_delete_tool__functions.h
[57.964s] -- Installing: /home/rokey/ros2_ws/install/dsr_msgs2/include/dsr_msgs2/dsr_msgs2/srv/detail/move_line__type_support.h
[57.964s] -- Installing: /home/rokey/ros2_ws/install/dsr_msgs2/include/dsr_msgs2/dsr_msgs2/srv/detail/robotiq2_f_move__type_support.h
[57.964s] -- Installing: /home/rokey/ros2_ws/install/dsr_msgs2/include/dsr_msgs2/dsr_msgs2/srv/detail/servo_off__functions.c
[57.965s] -- Installing: /home/rokey/ros2_ws/install/dsr_msgs2/include/dsr_msgs2/dsr_msgs2/srv/detail/config_create_modbus__functions.c
[57.965s] -- Installing: /home/rokey/ros2_ws/install/dsr_msgs2/include/dsr_msgs2/dsr_msgs2/srv/detail/move_periodic__type_support.h
[57.965s] -- Installing: /home/rokey/ros2_ws/install/dsr_msgs2/include/dsr_msgs2/dsr_msgs2/srv/detail/stop_rt_control__struct.h
[57.965s] -- Installing: /home/rokey/ros2_ws/install/dsr_msgs2/include/dsr_msgs2/dsr_msgs2/srv/detail/calc_coord__type_support.h
[57.965s] -- Installing: /home/rokey/ros2_ws/install/dsr_msgs2/include/dsr_msgs2/dsr_msgs2/srv/detail/check_orientation_condition1__functions.c
[57.965s] -- Installing: /home/rokey/ros2_ws/install/dsr_msgs2/include/dsr_msgs2/dsr_msgs2/srv/detail/connect_rt_control__functions.h
[57.965s] -- Installing: /home/rokey/ros2_ws/install/dsr_msgs2/include/dsr_msgs2/dsr_msgs2/srv/detail/get_desired_posj__type_support.h
[57.965s] -- Installing: /home/rokey/ros2_ws/install/dsr_msgs2/include/dsr_msgs2/dsr_msgs2/srv/detail/drl_stop__type_support.h
[57.965s] -- Installing: /home/rokey/ros2_ws/install/dsr_msgs2/include/dsr_msgs2/dsr_msgs2/srv/detail/set_singularity_handling__functions.c
[57.965s] -- Installing: /home/rokey/ros2_ws/install/dsr_msgs2/include/dsr_msgs2/dsr_msgs2/srv/detail/set_accx_rt__struct.h
[57.965s] -- Installing: /home/rokey/ros2_ws/install/dsr_msgs2/include/dsr_msgs2/dsr_msgs2/srv/detail/get_robot_mode__type_support.h
[57.965s] -- Installing: /home/rokey/ros2_ws/install/dsr_msgs2/include/dsr_msgs2/dsr_msgs2/srv/detail/stop_rt_control__functions.h
[57.965s] -- Installing: /home/rokey/ros2_ws/install/dsr_msgs2/include/dsr_msgs2/dsr_msgs2/srv/detail/get_robot_mode__struct.h
[57.965s] -- Installing: /home/rokey/ros2_ws/install/dsr_msgs2/include/dsr_msgs2/dsr_msgs2/srv/detail/read_data_rt__functions.h
[57.965s] -- Installing: /home/rokey/ros2_ws/install/dsr_msgs2/include/dsr_msgs2/dsr_msgs2/srv/detail/get_ctrl_box_digital_input__functions.h
[57.965s] -- Installing: /home/rokey/ros2_ws/install/dsr_msgs2/include/dsr_msgs2/dsr_msgs2/srv/detail/config_delete_tool__type_support.h
[57.965s] -- Installing: /home/rokey/ros2_ws/install/dsr_msgs2/include/dsr_msgs2/dsr_msgs2/srv/detail/check_orientation_condition1__struct.h
[57.965s] -- Installing: /home/rokey/ros2_ws/install/dsr_msgs2/include/dsr_msgs2/dsr_msgs2/srv/detail/get_current_velj__struct.h
[57.965s] -- Installing: /home/rokey/ros2_ws/install/dsr_msgs2/include/dsr_msgs2/dsr_msgs2/srv/detail/robotiq2_f_open__struct.h
[57.965s] -- Installing: /home/rokey/ros2_ws/install/dsr_msgs2/include/dsr_msgs2/dsr_msgs2/srv/detail/get_robot_speed_mode__functions.h
[57.965s] -- Installing: /home/rokey/ros2_ws/install/dsr_msgs2/include/dsr_msgs2/dsr_msgs2/srv/detail/get_tool_digital_output__functions.c
[57.965s] -- Installing: /home/rokey/ros2_ws/install/dsr_msgs2/include/dsr_msgs2/dsr_msgs2/srv/detail/set_modbus_output__functions.c
[57.965s] -- Installing: /home/rokey/ros2_ws/install/dsr_msgs2/include/dsr_msgs2/dsr_msgs2/srv/detail/set_ctrl_box_analog_output__functions.h
[57.966s] -- Installing: /home/rokey/ros2_ws/install/dsr_msgs2/include/dsr_msgs2/dsr_msgs2/srv/detail/get_workpiece_weight__functions.h
[57.966s] -- Installing: /home/rokey/ros2_ws/install/dsr_msgs2/include/dsr_msgs2/dsr_msgs2/srv/detail/jog_multi__type_support.h
[57.966s] -- Installing: /home/rokey/ros2_ws/install/dsr_msgs2/include/dsr_msgs2/dsr_msgs2/srv/detail/set_user_cart_coord3__struct.h
[57.966s] -- Installing: /home/rokey/ros2_ws/install/dsr_msgs2/include/dsr_msgs2/dsr_msgs2/srv/detail/drl_start__type_support.h
[57.966s] -- Installing: /home/rokey/ros2_ws/install/dsr_msgs2/include/dsr_msgs2/dsr_msgs2/srv/detail/move_pause__functions.c
[57.966s] -- Installing: /home/rokey/ros2_ws/install/dsr_msgs2/include/dsr_msgs2/dsr_msgs2/srv/detail/get_rt_control_output_data_list__type_support.h
[57.966s] -- Installing: /home/rokey/ros2_ws/install/dsr_msgs2/include/dsr_msgs2/dsr_msgs2/srv/detail/config_create_tool__functions.c
[57.966s] -- Installing: /home/rokey/ros2_ws/install/dsr_msgs2/include/dsr_msgs2/dsr_msgs2/srv/detail/get_ctrl_box_digital_output__type_support.h
[57.966s] -- Installing: /home/rokey/ros2_ws/install/dsr_msgs2/include/dsr_msgs2/dsr_msgs2/srv/detail/drl_pause__functions.c
[57.966s] -- Installing: /home/rokey/ros2_ws/install/dsr_msgs2/include/dsr_msgs2/dsr_msgs2/srv/detail/set_modbus_output__struct.h
[57.966s] -- Installing: /home/rokey/ros2_ws/install/dsr_msgs2/include/dsr_msgs2/dsr_msgs2/srv/detail/alter_motion__struct.h
[57.966s] -- Installing: /home/rokey/ros2_ws/install/dsr_msgs2/include/dsr_msgs2/dsr_msgs2/srv/detail/change_collision_sensitivity__type_support.h
[57.966s] -- Installing: /home/rokey/ros2_ws/install/dsr_msgs2/include/dsr_msgs2/dsr_msgs2/srv/detail/get_orientation_error__type_support.h
[57.966s] -- Installing: /home/rokey/ros2_ws/install/dsr_msgs2/include/dsr_msgs2/dsr_msgs2/srv/detail/set_current_tool__functions.h
[57.966s] -- Installing: /home/rokey/ros2_ws/install/dsr_msgs2/include/dsr_msgs2/dsr_msgs2/srv/detail/reset_workpiece_weight__functions.h
[57.966s] -- Installing: /home/rokey/ros2_ws/install/dsr_msgs2/include/dsr_msgs2/dsr_msgs2/srv/detail/align_axis2__struct.h
[57.966s] -- Installing: /home/rokey/ros2_ws/install/dsr_msgs2/include/dsr_msgs2/dsr_msgs2/srv/detail/set_singularity_handling__type_support.h
[57.966s] -- Installing: /home/rokey/ros2_ws/install/dsr_msgs2/include/dsr_msgs2/dsr_msgs2/srv/detail/move_circle__type_support.h
[57.966s] -- Installing: /home/rokey/ros2_ws/install/dsr_msgs2/include/dsr_msgs2/dsr_msgs2/srv/detail/move_line__functions.h
[57.966s] -- Installing: /home/rokey/ros2_ws/install/dsr_msgs2/include/dsr_msgs2/dsr_msgs2/srv/detail/is_done_bolt_tightening__functions.h
[57.966s] -- Installing: /home/rokey/ros2_ws/install/dsr_msgs2/include/dsr_msgs2/dsr_msgs2/srv/detail/set_stiffnessx__functions.h
[57.966s] -- Installing: /home/rokey/ros2_ws/install/dsr_msgs2/include/dsr_msgs2/dsr_msgs2/srv/detail/move_jointx__struct.h
[57.967s] -- Installing: /home/rokey/ros2_ws/install/dsr_msgs2/include/dsr_msgs2/dsr_msgs2/srv/detail/set_rt_control_output__functions.h
[57.967s] -- Installing: /home/rokey/ros2_ws/install/dsr_msgs2/include/dsr_msgs2/dsr_msgs2/srv/detail/get_modbus_input__functions.h
[57.967s] -- Installing: /home/rokey/ros2_ws/install/dsr_msgs2/include/dsr_msgs2/dsr_msgs2/srv/detail/set_velj_rt__struct.h
[57.967s] -- Installing: /home/rokey/ros2_ws/install/dsr_msgs2/include/dsr_msgs2/dsr_msgs2/srv/detail/robotiq2_f_open__functions.c
[57.967s] -- Installing: /home/rokey/ros2_ws/install/dsr_msgs2/include/dsr_msgs2/dsr_msgs2/srv/detail/get_current_pose__functions.h
[57.967s] -- Installing: /home/rokey/ros2_ws/install/dsr_msgs2/include/dsr_msgs2/dsr_msgs2/srv/detail/get_current_solution_space__functions.c
[57.967s] -- Installing: /home/rokey/ros2_ws/install/dsr_msgs2/include/dsr_msgs2/dsr_msgs2/srv/detail/config_create_tcp__functions.c
[57.967s] -- Installing: /home/rokey/ros2_ws/install/dsr_msgs2/include/dsr_msgs2/dsr_msgs2/srv/detail/reset_workpiece_weight__functions.c
[57.967s] -- Installing: /home/rokey/ros2_ws/install/dsr_msgs2/include/dsr_msgs2/dsr_msgs2/srv/detail/set_accj_rt__functions.c
[57.967s] -- Installing: /home/rokey/ros2_ws/install/dsr_msgs2/include/dsr_msgs2/dsr_msgs2/srv/detail/robotiq2_f_close__type_support.h
[57.967s] -- Installing: /home/rokey/ros2_ws/install/dsr_msgs2/include/dsr_msgs2/dsr_msgs2/srv/detail/set_velx_rt__struct.h
[57.967s] -- Installing: /home/rokey/ros2_ws/install/dsr_msgs2/include/dsr_msgs2/dsr_msgs2/srv/detail/get_desired_velj__functions.h
[57.967s] -- Installing: /home/rokey/ros2_ws/install/dsr_msgs2/include/dsr_msgs2/dsr_msgs2/srv/detail/get_ctrl_box_digital_output__struct.h
[57.967s] -- Installing: /home/rokey/ros2_ws/install/dsr_msgs2/include/dsr_msgs2/dsr_msgs2/srv/detail/get_external_torque__struct.h
[57.967s] -- Installing: /home/rokey/ros2_ws/install/dsr_msgs2/include/dsr_msgs2/dsr_msgs2/srv/detail/config_create_modbus__type_support.h
[57.967s] -- Installing: /home/rokey/ros2_ws/install/dsr_msgs2/include/dsr_msgs2/dsr_msgs2/srv/detail/check_force_condition__functions.c
[57.967s] -- Installing: /home/rokey/ros2_ws/install/dsr_msgs2/include/dsr_msgs2/dsr_msgs2/srv/detail/get_current_tool_flange_posx__struct.h
[57.967s] -- Installing: /home/rokey/ros2_ws/install/dsr_msgs2/include/dsr_msgs2/dsr_msgs2/srv/detail/set_rt_control_output__struct.h
[57.967s] -- Installing: /home/rokey/ros2_ws/install/dsr_msgs2/include/dsr_msgs2/dsr_msgs2/srv/detail/set_tool_shape__type_support.h
[57.967s] -- Installing: /home/rokey/ros2_ws/install/dsr_msgs2/include/dsr_msgs2/dsr_msgs2/srv/detail/config_delete_tcp__functions.h
[57.967s] -- Installing: /home/rokey/ros2_ws/install/dsr_msgs2/include/dsr_msgs2/dsr_msgs2/srv/detail/check_orientation_condition2__functions.c
[57.967s] -- Installing: /home/rokey/ros2_ws/install/dsr_msgs2/include/dsr_msgs2/dsr_msgs2/srv/detail/set_current_tool__struct.h
[57.968s] -- Installing: /home/rokey/ros2_ws/install/dsr_msgs2/include/dsr_msgs2/dsr_msgs2/srv/detail/get_solution_space__type_support.h
[57.968s] -- Installing: /home/rokey/ros2_ws/install/dsr_msgs2/include/dsr_msgs2/dsr_msgs2/srv/detail/get_robot_state__functions.c
[57.968s] -- Installing: /home/rokey/ros2_ws/install/dsr_msgs2/include/dsr_msgs2/dsr_msgs2/srv/detail/drl_resume__functions.c
[57.968s] -- Installing: /home/rokey/ros2_ws/install/dsr_msgs2/include/dsr_msgs2/dsr_msgs2/srv/detail/drl_pause__struct.h
[57.968s] -- Installing: /home/rokey/ros2_ws/install/dsr_msgs2/include/dsr_msgs2/dsr_msgs2/srv/detail/set_user_cart_coord1__functions.c
[57.968s] -- Installing: /home/rokey/ros2_ws/install/dsr_msgs2/include/dsr_msgs2/dsr_msgs2/srv/detail/coord_transform__functions.h
[57.968s] -- Installing: /home/rokey/ros2_ws/install/dsr_msgs2/include/dsr_msgs2/dsr_msgs2/srv/detail/disconnect_rt_control__type_support.h
[57.968s] -- Installing: /home/rokey/ros2_ws/install/dsr_msgs2/include/dsr_msgs2/dsr_msgs2/srv/detail/set_robot_system__functions.c
[57.968s] -- Installing: /home/rokey/ros2_ws/install/dsr_msgs2/include/dsr_msgs2/dsr_msgs2/srv/detail/config_delete_modbus__functions.h
[57.968s] -- Installing: /home/rokey/ros2_ws/install/dsr_msgs2/include/dsr_msgs2/dsr_msgs2/srv/detail/get_current_pose__type_support.h
[57.968s] -- Installing: /home/rokey/ros2_ws/install/dsr_msgs2/include/dsr_msgs2/dsr_msgs2/srv/detail/set_velj_rt__functions.c
[57.968s] -- Installing: /home/rokey/ros2_ws/install/dsr_msgs2/include/dsr_msgs2/dsr_msgs2/srv/detail/set_ctrl_box_digital_output__type_support.h
[57.968s] -- Installing: /home/rokey/ros2_ws/install/dsr_msgs2/include/dsr_msgs2/dsr_msgs2/srv/detail/move_spiral__struct.h
[57.968s] -- Installing: /home/rokey/ros2_ws/install/dsr_msgs2/include/dsr_msgs2/dsr_msgs2/srv/detail/check_position_condition__struct.h
[57.968s] -- Installing: /home/rokey/ros2_ws/install/dsr_msgs2/include/dsr_msgs2/dsr_msgs2/srv/detail/get_ctrl_box_digital_output__functions.h
[57.968s] -- Installing: /home/rokey/ros2_ws/install/dsr_msgs2/include/dsr_msgs2/dsr_msgs2/srv/detail/is_done_bolt_tightening__functions.c
[57.968s] -- Installing: /home/rokey/ros2_ws/install/dsr_msgs2/include/dsr_msgs2/dsr_msgs2/srv/detail/set_rt_control_input__functions.h
[57.968s] -- Installing: /home/rokey/ros2_ws/install/dsr_msgs2/include/dsr_msgs2/dsr_msgs2/srv/detail/move_stop__functions.c
[57.968s] -- Installing: /home/rokey/ros2_ws/install/dsr_msgs2/include/dsr_msgs2/dsr_msgs2/srv/detail/set_user_cart_coord2__functions.c
[57.968s] -- Installing: /home/rokey/ros2_ws/install/dsr_msgs2/include/dsr_msgs2/dsr_msgs2/srv/detail/get_rt_control_output_data_list__functions.c
[57.968s] -- Installing: /home/rokey/ros2_ws/install/dsr_msgs2/include/dsr_msgs2/dsr_msgs2/srv/detail/get_control_space__type_support.h
[57.968s] -- Installing: /home/rokey/ros2_ws/install/dsr_msgs2/include/dsr_msgs2/dsr_msgs2/srv/detail/move_wait__functions.c
[57.969s] -- Installing: /home/rokey/ros2_ws/install/dsr_msgs2/include/dsr_msgs2/dsr_msgs2/srv/detail/get_last_alarm__functions.c
[57.969s] -- Installing: /home/rokey/ros2_ws/install/dsr_msgs2/include/dsr_msgs2/dsr_msgs2/srv/detail/get_rt_control_output_version_list__struct.h
[57.969s] -- Installing: /home/rokey/ros2_ws/install/dsr_msgs2/include/dsr_msgs2/dsr_msgs2/srv/detail/set_robot_speed_mode__functions.c
[57.969s] -- Installing: /home/rokey/ros2_ws/install/dsr_msgs2/include/dsr_msgs2/dsr_msgs2/srv/detail/get_desired_posx__struct.h
[57.969s] -- Installing: /home/rokey/ros2_ws/install/dsr_msgs2/include/dsr_msgs2/dsr_msgs2/srv/detail/set_stiffnessx__functions.c
[57.969s] -- Installing: /home/rokey/ros2_ws/install/dsr_msgs2/include/dsr_msgs2/dsr_msgs2/srv/detail/check_motion__functions.h
[57.969s] -- Installing: /home/rokey/ros2_ws/install/dsr_msgs2/include/dsr_msgs2/dsr_msgs2/srv/detail/get_current_velx__functions.h
[57.969s] -- Installing: /home/rokey/ros2_ws/install/dsr_msgs2/include/dsr_msgs2/dsr_msgs2/srv/detail/config_delete_modbus__functions.c
[57.969s] -- Installing: /home/rokey/ros2_ws/install/dsr_msgs2/include/dsr_msgs2/dsr_msgs2/srv/detail/check_orientation_condition1__functions.h
[57.969s] -- Installing: /home/rokey/ros2_ws/install/dsr_msgs2/include/dsr_msgs2/dsr_msgs2/srv/detail/check_position_condition__functions.c
[57.969s] -- Installing: /home/rokey/ros2_ws/install/dsr_msgs2/include/dsr_msgs2/dsr_msgs2/srv/detail/get_rt_control_input_version_list__functions.h
[57.969s] -- Installing: /home/rokey/ros2_ws/install/dsr_msgs2/include/dsr_msgs2/dsr_msgs2/srv/detail/enable_alter_motion__functions.c
[57.969s] -- Installing: /home/rokey/ros2_ws/install/dsr_msgs2/include/dsr_msgs2/dsr_msgs2/srv/detail/move_spline_joint__struct.h
[57.969s] -- Installing: /home/rokey/ros2_ws/install/dsr_msgs2/include/dsr_msgs2/dsr_msgs2/srv/detail/move_line__struct.h
[57.969s] -- Installing: /home/rokey/ros2_ws/install/dsr_msgs2/include/dsr_msgs2/dsr_msgs2/srv/detail/disconnect_rt_control__functions.h
[57.969s] -- Installing: /home/rokey/ros2_ws/install/dsr_msgs2/include/dsr_msgs2/dsr_msgs2/srv/detail/get_external_torque__type_support.h
[57.969s] -- Installing: /home/rokey/ros2_ws/install/dsr_msgs2/include/dsr_msgs2/dsr_msgs2/srv/detail/set_safe_stop_reset_type__functions.h
[57.969s] -- Installing: /home/rokey/ros2_ws/install/dsr_msgs2/include/dsr_msgs2/dsr_msgs2/srv/detail/set_user_cart_coord1__functions.h
[57.969s] -- Installing: /home/rokey/ros2_ws/install/dsr_msgs2/include/dsr_msgs2/dsr_msgs2/srv/detail/set_tool_digital_output__type_support.h
[57.969s] -- Installing: /home/rokey/ros2_ws/install/dsr_msgs2/include/dsr_msgs2/dsr_msgs2/srv/detail/get_current_posj__struct.h
[57.969s] -- Installing: /home/rokey/ros2_ws/install/dsr_msgs2/include/dsr_msgs2/dsr_msgs2/srv/detail/move_joint__functions.c
[57.970s] -- Installing: /home/rokey/ros2_ws/install/dsr_msgs2/include/dsr_msgs2/dsr_msgs2/srv/detail/get_robot_speed_mode__type_support.h
[57.970s] -- Installing: /home/rokey/ros2_ws/install/dsr_msgs2/include/dsr_msgs2/dsr_msgs2/srv/detail/align_axis1__struct.h
[57.970s] -- Installing: /home/rokey/ros2_ws/install/dsr_msgs2/include/dsr_msgs2/dsr_msgs2/srv/detail/set_velx_rt__type_support.h
[57.970s] -- Installing: /home/rokey/ros2_ws/install/dsr_msgs2/include/dsr_msgs2/dsr_msgs2/srv/detail/move_joint__struct.h
[57.970s] -- Installing: /home/rokey/ros2_ws/install/dsr_msgs2/include/dsr_msgs2/dsr_msgs2/srv/detail/set_robot_speed_mode__struct.h
[57.970s] -- Installing: /home/rokey/ros2_ws/install/dsr_msgs2/include/dsr_msgs2/dsr_msgs2/srv/detail/connect_rt_control__struct.h
[57.970s] -- Installing: /home/rokey/ros2_ws/install/dsr_msgs2/include/dsr_msgs2/dsr_msgs2/srv/detail/move_pause__functions.h
[57.970s] -- Installing: /home/rokey/ros2_ws/install/dsr_msgs2/include/dsr_msgs2/dsr_msgs2/srv/detail/config_create_tcp__functions.h
[57.970s] -- Installing: /home/rokey/ros2_ws/install/dsr_msgs2/include/dsr_msgs2/dsr_msgs2/srv/detail/get_user_cart_coord__functions.c
[57.970s] -- Installing: /home/rokey/ros2_ws/install/dsr_msgs2/include/dsr_msgs2/dsr_msgs2/srv/detail/set_rt_control_input__functions.c
[57.970s] -- Installing: /home/rokey/ros2_ws/install/dsr_msgs2/include/dsr_msgs2/dsr_msgs2/srv/detail/serial_send_data__type_support.h
[57.970s] -- Installing: /home/rokey/ros2_ws/install/dsr_msgs2/include/dsr_msgs2/dsr_msgs2/srv/detail/set_ctrl_box_analog_input_type__functions.c
[57.970s] -- Installing: /home/rokey/ros2_ws/install/dsr_msgs2/include/dsr_msgs2/dsr_msgs2/srv/detail/overwrite_user_cart_coord__functions.h
[57.970s] -- Installing: /home/rokey/ros2_ws/install/dsr_msgs2/include/dsr_msgs2/dsr_msgs2/srv/detail/align_axis2__functions.h
[57.970s] -- Installing: /home/rokey/ros2_ws/install/dsr_msgs2/include/dsr_msgs2/dsr_msgs2/srv/detail/set_ref_coord__functions.c
[57.970s] -- Installing: /home/rokey/ros2_ws/install/dsr_msgs2/include/dsr_msgs2/dsr_msgs2/srv/detail/drl_pause__type_support.h
[57.970s] -- Installing: /home/rokey/ros2_ws/install/dsr_msgs2/include/dsr_msgs2/dsr_msgs2/srv/detail/move_home__struct.h
[57.970s] -- Installing: /home/rokey/ros2_ws/install/dsr_msgs2/include/dsr_msgs2/dsr_msgs2/srv/detail/move_resume__functions.c
[57.970s] -- Installing: /home/rokey/ros2_ws/install/dsr_msgs2/include/dsr_msgs2/dsr_msgs2/srv/detail/align_axis2__type_support.h
[57.970s] -- Installing: /home/rokey/ros2_ws/install/dsr_msgs2/include/dsr_msgs2/dsr_msgs2/srv/detail/read_data_rt__functions.c
[57.970s] -- Installing: /home/rokey/ros2_ws/install/dsr_msgs2/include/dsr_msgs2/dsr_msgs2/srv/detail/robotiq2_f_close__functions.c
[57.970s] -- Installing: /home/rokey/ros2_ws/install/dsr_msgs2/include/dsr_msgs2/dsr_msgs2/srv/detail/set_desired_force__functions.c
[57.970s] -- Installing: /home/rokey/ros2_ws/install/dsr_msgs2/include/dsr_msgs2/dsr_msgs2/srv/detail/trans__struct.h
[57.971s] -- Installing: /home/rokey/ros2_ws/install/dsr_msgs2/include/dsr_msgs2/dsr_msgs2/srv/detail/move_blending__functions.h
[57.971s] -- Installing: /home/rokey/ros2_ws/install/dsr_msgs2/include/dsr_msgs2/dsr_msgs2/srv/detail/parallel_axis1__functions.c
[57.971s] -- Installing: /home/rokey/ros2_ws/install/dsr_msgs2/include/dsr_msgs2/dsr_msgs2/srv/detail/reset_workpiece_weight__struct.h
[57.971s] -- Installing: /home/rokey/ros2_ws/install/dsr_msgs2/include/dsr_msgs2/dsr_msgs2/srv/detail/set_robot_speed_mode__type_support.h
[57.971s] -- Installing: /home/rokey/ros2_ws/install/dsr_msgs2/include/dsr_msgs2/dsr_msgs2/srv/detail/move_spline_joint__functions.c
[57.971s] -- Installing: /home/rokey/ros2_ws/install/dsr_msgs2/include/dsr_msgs2/dsr_msgs2/srv/detail/drl_start__functions.h
[57.971s] -- Installing: /home/rokey/ros2_ws/install/dsr_msgs2/include/dsr_msgs2/dsr_msgs2/srv/detail/get_last_alarm__type_support.h
[57.971s] -- Installing: /home/rokey/ros2_ws/install/dsr_msgs2/include/dsr_msgs2/dsr_msgs2/srv/detail/get_modbus_input__functions.c
[57.971s] -- Installing: /home/rokey/ros2_ws/install/dsr_msgs2/include/dsr_msgs2/dsr_msgs2/srv/detail/overwrite_user_cart_coord__type_support.h
[57.971s] -- Installing: /home/rokey/ros2_ws/install/dsr_msgs2/include/dsr_msgs2/dsr_msgs2/srv/detail/parallel_axis1__struct.h
[57.971s] -- Installing: /home/rokey/ros2_ws/install/dsr_msgs2/include/dsr_msgs2/dsr_msgs2/srv/detail/drl_stop__struct.h
[57.971s] -- Installing: /home/rokey/ros2_ws/install/dsr_msgs2/include/dsr_msgs2/dsr_msgs2/srv/detail/set_safe_stop_reset_type__type_support.h
[57.971s] -- Installing: /home/rokey/ros2_ws/install/dsr_msgs2/include/dsr_msgs2/dsr_msgs2/srv/detail/get_workpiece_weight__type_support.h
[57.971s] -- Installing: /home/rokey/ros2_ws/install/dsr_msgs2/include/dsr_msgs2/dsr_msgs2/srv/detail/parallel_axis2__struct.h
[57.971s] -- Installing: /home/rokey/ros2_ws/install/dsr_msgs2/include/dsr_msgs2/dsr_msgs2/srv/detail/robotiq2_f_close__struct.h
[57.971s] -- Installing: /home/rokey/ros2_ws/install/dsr_msgs2/include/dsr_msgs2/dsr_msgs2/srv/detail/release_compliance_ctrl__functions.c
[57.971s] -- Installing: /home/rokey/ros2_ws/install/dsr_msgs2/include/dsr_msgs2/dsr_msgs2/srv/detail/config_create_tool__functions.h
[57.971s] -- Installing: /home/rokey/ros2_ws/install/dsr_msgs2/include/dsr_msgs2/dsr_msgs2/srv/detail/get_solution_space__functions.h
[57.971s] -- Installing: /home/rokey/ros2_ws/install/dsr_msgs2/include/dsr_msgs2/dsr_msgs2/srv/detail/parallel_axis2__type_support.h
[57.971s] -- Installing: /home/rokey/ros2_ws/install/dsr_msgs2/include/dsr_msgs2/dsr_msgs2/srv/detail/set_robot_mode__type_support.h
[57.971s] -- Installing: /home/rokey/ros2_ws/install/dsr_msgs2/include/dsr_msgs2/dsr_msgs2/srv/detail/get_robot_state__struct.h
[57.971s] -- Installing: /home/rokey/ros2_ws/install/dsr_msgs2/include/dsr_msgs2/dsr_msgs2/srv/detail/set_rt_control_input__struct.h
[57.972s] -- Installing: /home/rokey/ros2_ws/install/dsr_msgs2/include/dsr_msgs2/dsr_msgs2/srv/detail/disable_alter_motion__functions.c
[57.972s] -- Installing: /home/rokey/ros2_ws/install/dsr_msgs2/include/dsr_msgs2/dsr_msgs2/srv/detail/check_force_condition__functions.h
[57.972s] -- Installing: /home/rokey/ros2_ws/install/dsr_msgs2/include/dsr_msgs2/dsr_msgs2/srv/detail/set_current_tcp__functions.h
[57.972s] -- Installing: /home/rokey/ros2_ws/install/dsr_msgs2/include/dsr_msgs2/dsr_msgs2/srv/detail/config_delete_tcp__struct.h
[57.972s] -- Installing: /home/rokey/ros2_ws/install/dsr_msgs2/include/dsr_msgs2/dsr_msgs2/srv/detail/get_current_rotm__struct.h
[57.972s] -- Installing: /home/rokey/ros2_ws/install/dsr_msgs2/include/dsr_msgs2/dsr_msgs2/srv/detail/get_ctrl_box_digital_input__struct.h
[57.972s] -- Installing: /home/rokey/ros2_ws/install/dsr_msgs2/include/dsr_msgs2/dsr_msgs2/srv/detail/check_force_condition__struct.h
[57.972s] -- Installing: /home/rokey/ros2_ws/install/dsr_msgs2/include/dsr_msgs2/dsr_msgs2/srv/detail/disable_alter_motion__type_support.h
[57.972s] -- Installing: /home/rokey/ros2_ws/install/dsr_msgs2/include/dsr_msgs2/dsr_msgs2/srv/detail/set_current_tool__type_support.h
[57.972s] -- Installing: /home/rokey/ros2_ws/install/dsr_msgs2/include/dsr_msgs2/dsr_msgs2/srv/detail/start_rt_control__struct.h
[57.972s] -- Installing: /home/rokey/ros2_ws/install/dsr_msgs2/include/dsr_msgs2/dsr_msgs2/srv/detail/set_ctrl_box_analog_output_type__struct.h
[57.972s] -- Installing: /home/rokey/ros2_ws/install/dsr_msgs2/include/dsr_msgs2/dsr_msgs2/srv/detail/move_spline_joint__type_support.h
[57.972s] -- Installing: /home/rokey/ros2_ws/install/dsr_msgs2/include/dsr_msgs2/dsr_msgs2/srv/detail/enable_alter_motion__struct.h
[57.972s] -- Installing: /home/rokey/ros2_ws/install/dsr_msgs2/include/dsr_msgs2/dsr_msgs2/srv/detail/move_line__functions.c
[57.972s] -- Installing: /home/rokey/ros2_ws/install/dsr_msgs2/include/dsr_msgs2/dsr_msgs2/srv/detail/reset_workpiece_weight__type_support.h
[57.972s] -- Installing: /home/rokey/ros2_ws/install/dsr_msgs2/include/dsr_msgs2/dsr_msgs2/srv/detail/get_current_velx__functions.c
[57.972s] -- Installing: /home/rokey/ros2_ws/install/dsr_msgs2/include/dsr_msgs2/dsr_msgs2/srv/detail/config_delete_modbus__type_support.h
[57.972s] -- Installing: /home/rokey/ros2_ws/install/dsr_msgs2/include/dsr_msgs2/dsr_msgs2/srv/detail/set_accj_rt__type_support.h
[57.972s] -- Installing: /home/rokey/ros2_ws/install/dsr_msgs2/include/dsr_msgs2/dsr_msgs2/srv/detail/get_control_mode__struct.h
[57.972s] -- Installing: /home/rokey/ros2_ws/install/dsr_msgs2/include/dsr_msgs2/dsr_msgs2/srv/detail/set_accx_rt__type_support.h
[57.972s] -- Installing: /home/rokey/ros2_ws/install/dsr_msgs2/include/dsr_msgs2/dsr_msgs2/srv/detail/get_tool_force__functions.h
[57.972s] -- Installing: /home/rokey/ros2_ws/install/dsr_msgs2/include/dsr_msgs2/dsr_msgs2/srv/detail/check_orientation_condition2__struct.h
[57.972s] -- Installing: /home/rokey/ros2_ws/install/dsr_msgs2/include/dsr_msgs2/dsr_msgs2/srv/detail/get_orientation_error__functions.h
[57.973s] -- Installing: /home/rokey/ros2_ws/install/dsr_msgs2/include/dsr_msgs2/dsr_msgs2/srv/detail/check_motion__type_support.h
[57.973s] -- Installing: /home/rokey/ros2_ws/install/dsr_msgs2/include/dsr_msgs2/dsr_msgs2/srv/detail/get_tool_digital_input__type_support.h
[57.973s] -- Installing: /home/rokey/ros2_ws/install/dsr_msgs2/include/dsr_msgs2/dsr_msgs2/srv/detail/set_user_cart_coord3__functions.h
[57.973s] -- Installing: /home/rokey/ros2_ws/install/dsr_msgs2/include/dsr_msgs2/dsr_msgs2/srv/detail/get_user_cart_coord__functions.h
[57.973s] -- Installing: /home/rokey/ros2_ws/install/dsr_msgs2/include/dsr_msgs2/dsr_msgs2/srv/detail/ikin__type_support.h
[57.973s] -- Installing: /home/rokey/ros2_ws/install/dsr_msgs2/include/dsr_msgs2/dsr_msgs2/srv/detail/get_current_velx__struct.h
[57.973s] -- Installing: /home/rokey/ros2_ws/install/dsr_msgs2/include/dsr_msgs2/dsr_msgs2/srv/detail/get_drl_state__type_support.h
[57.973s] -- Installing: /home/rokey/ros2_ws/install/dsr_msgs2/include/dsr_msgs2/dsr_msgs2/srv/detail/is_done_bolt_tightening__type_support.h
[57.973s] -- Installing: /home/rokey/ros2_ws/install/dsr_msgs2/include/dsr_msgs2/dsr_msgs2/srv/detail/servo_off__struct.h
[57.973s] -- Installing: /home/rokey/ros2_ws/install/dsr_msgs2/include/dsr_msgs2/dsr_msgs2/srv/detail/write_data_rt__functions.h
[57.973s] -- Installing: /home/rokey/ros2_ws/install/dsr_msgs2/include/dsr_msgs2/dsr_msgs2/srv/detail/get_joint_torque__struct.h
[57.973s] -- Installing: /home/rokey/ros2_ws/install/dsr_msgs2/include/dsr_msgs2/dsr_msgs2/srv/detail/config_delete_tool__functions.c
[57.973s] -- Installing: /home/rokey/ros2_ws/install/dsr_msgs2/include/dsr_msgs2/dsr_msgs2/srv/detail/robotiq2_f_move__functions.h
[57.973s] -- Installing: /home/rokey/ros2_ws/install/dsr_msgs2/include/dsr_msgs2/dsr_msgs2/srv/detail/calc_coord__functions.c
[57.973s] -- Installing: /home/rokey/ros2_ws/install/dsr_msgs2/include/dsr_msgs2/dsr_msgs2/srv/detail/get_current_pose__functions.c
[57.973s] -- Installing: /home/rokey/ros2_ws/install/dsr_msgs2/include/dsr_msgs2/dsr_msgs2/srv/detail/drl_resume__struct.h
[57.973s] -- Installing: /home/rokey/ros2_ws/install/dsr_msgs2/include/dsr_msgs2/dsr_msgs2/srv/detail/move_jointx__functions.c
[57.973s] -- Installing: /home/rokey/ros2_ws/install/dsr_msgs2/include/dsr_msgs2/dsr_msgs2/srv/detail/disconnect_rt_control__struct.h
[57.973s] -- Installing: /home/rokey/ros2_ws/install/dsr_msgs2/include/dsr_msgs2/dsr_msgs2/srv/detail/set_robot_mode__struct.h
[57.974s] -- Installing: /home/rokey/ros2_ws/install/dsr_msgs2/include/dsr_msgs2/dsr_msgs2/srv/detail/drl_stop__functions.h
[57.974s] -- Installing: /home/rokey/ros2_ws/install/dsr_msgs2/include/dsr_msgs2/dsr_msgs2/srv/detail/get_current_rotm__functions.h
[57.974s] -- Installing: /home/rokey/ros2_ws/install/dsr_msgs2/include/dsr_msgs2/dsr_msgs2/srv/detail/set_tool_digital_output__struct.h
[57.974s] -- Installing: /home/rokey/ros2_ws/install/dsr_msgs2/include/dsr_msgs2/dsr_msgs2/srv/detail/change_collision_sensitivity__struct.h
[57.974s] -- Installing: /home/rokey/ros2_ws/install/dsr_msgs2/include/dsr_msgs2/dsr_msgs2/srv/detail/move_stop__type_support.h
[57.974s] -- Installing: /home/rokey/ros2_ws/install/dsr_msgs2/include/dsr_msgs2/dsr_msgs2/srv/detail/get_current_tcp__type_support.h
[57.974s] -- Installing: /home/rokey/ros2_ws/install/dsr_msgs2/include/dsr_msgs2/dsr_msgs2/srv/detail/get_desired_velj__struct.h
[57.974s] -- Installing: /home/rokey/ros2_ws/install/dsr_msgs2/include/dsr_msgs2/dsr_msgs2/srv/detail/fkin__functions.h
[57.974s] -- Installing: /home/rokey/ros2_ws/install/dsr_msgs2/include/dsr_msgs2/dsr_msgs2/srv/detail/set_ctrl_box_analog_input_type__struct.h
[57.974s] -- Installing: /home/rokey/ros2_ws/install/dsr_msgs2/include/dsr_msgs2/dsr_msgs2/srv/detail/align_axis1__functions.c
[57.974s] -- Installing: /home/rokey/ros2_ws/install/dsr_msgs2/include/dsr_msgs2/dsr_msgs2/srv/detail/get_rt_control_input_version_list__type_support.h
[57.974s] -- Installing: /home/rokey/ros2_ws/install/dsr_msgs2/include/dsr_msgs2/dsr_msgs2/srv/detail/parallel_axis2__functions.c
[57.974s] -- Installing: /home/rokey/ros2_ws/install/dsr_msgs2/include/dsr_msgs2/dsr_msgs2/srv/detail/get_current_velj__type_support.h
[57.974s] -- Installing: /home/rokey/ros2_ws/install/dsr_msgs2/include/dsr_msgs2/dsr_msgs2/srv/detail/get_current_posj__functions.c
[57.974s] -- Installing: /home/rokey/ros2_ws/install/dsr_msgs2/include/dsr_msgs2/dsr_msgs2/srv/detail/set_desired_force__functions.h
[57.974s] -- Installing: /home/rokey/ros2_ws/install/dsr_msgs2/include/dsr_msgs2/dsr_msgs2/srv/detail/get_desired_posx__type_support.h
[57.974s] -- Installing: /home/rokey/ros2_ws/install/dsr_msgs2/include/dsr_msgs2/dsr_msgs2/srv/detail/connect_rt_control__functions.c
[57.974s] -- Installing: /home/rokey/ros2_ws/install/dsr_msgs2/include/dsr_msgs2/dsr_msgs2/srv/detail/change_operation_speed__struct.h
[57.974s] -- Installing: /home/rokey/ros2_ws/install/dsr_msgs2/include/dsr_msgs2/dsr_msgs2/srv/detail/get_current_solution_space__functions.h
[57.974s] -- Installing: /home/rokey/ros2_ws/install/dsr_msgs2/include/dsr_msgs2/dsr_msgs2/srv/detail/enable_alter_motion__type_support.h
[57.974s] -- Installing: /home/rokey/ros2_ws/install/dsr_msgs2/include/dsr_msgs2/dsr_msgs2/srv/detail/robotiq2_f_close__functions.h
[57.974s] -- Installing: /home/rokey/ros2_ws/install/dsr_msgs2/include/dsr_msgs2/dsr_msgs2/srv/detail/move_resume__struct.h
[57.974s] -- Installing: /home/rokey/ros2_ws/install/dsr_msgs2/include/dsr_msgs2/dsr_msgs2/srv/detail/set_user_cart_coord2__struct.h
[57.974s] -- Installing: /home/rokey/ros2_ws/install/dsr_msgs2/include/dsr_msgs2/dsr_msgs2/srv/detail/set_ref_coord__functions.h
[57.975s] -- Installing: /home/rokey/ros2_ws/install/dsr_msgs2/include/dsr_msgs2/dsr_msgs2/srv/detail/get_desired_posj__struct.h
[57.975s] -- Installing: /home/rokey/ros2_ws/install/dsr_msgs2/include/dsr_msgs2/dsr_msgs2/srv/detail/serial_send_data__functions.c
[57.975s] -- Installing: /home/rokey/ros2_ws/install/dsr_msgs2/include/dsr_msgs2/dsr_msgs2/srv/detail/config_delete_tcp__functions.c
[57.975s] -- Installing: /home/rokey/ros2_ws/install/dsr_msgs2/include/dsr_msgs2/dsr_msgs2/srv/detail/move_blending__type_support.h
[57.975s] -- Installing: /home/rokey/ros2_ws/install/dsr_msgs2/include/dsr_msgs2/dsr_msgs2/srv/detail/disable_alter_motion__struct.h
[57.975s] -- Installing: /home/rokey/ros2_ws/install/dsr_msgs2/include/dsr_msgs2/dsr_msgs2/srv/detail/move_pause__struct.h
[57.975s] -- Installing: /home/rokey/ros2_ws/install/dsr_msgs2/include/dsr_msgs2/dsr_msgs2/srv/detail/ikin__struct.h
[57.975s] -- Installing: /home/rokey/ros2_ws/install/dsr_msgs2/include/dsr_msgs2/dsr_msgs2/srv/detail/get_current_solution_space__type_support.h
[57.975s] -- Installing: /home/rokey/ros2_ws/install/dsr_msgs2/include/dsr_msgs2/dsr_msgs2/srv/detail/get_current_solution_space__struct.h
[57.975s] -- Installing: /home/rokey/ros2_ws/install/dsr_msgs2/include/dsr_msgs2/dsr_msgs2/srv/detail/set_safe_stop_reset_type__struct.h
[57.975s] -- Installing: /home/rokey/ros2_ws/install/dsr_msgs2/include/dsr_msgs2/dsr_msgs2/srv/detail/coord_transform__type_support.h
[57.975s] -- Installing: /home/rokey/ros2_ws/install/dsr_msgs2/include/dsr_msgs2/dsr_msgs2/srv/detail/move_joint__type_support.h
[57.975s] -- Installing: /home/rokey/ros2_ws/install/dsr_msgs2/include/dsr_msgs2/dsr_msgs2/srv/detail/robotiq2_f_move__struct.h
[57.975s] -- Installing: /home/rokey/ros2_ws/install/dsr_msgs2/include/dsr_msgs2/dsr_msgs2/srv/detail/move_pause__type_support.h
[57.975s] -- Installing: /home/rokey/ros2_ws/install/dsr_msgs2/include/dsr_msgs2/dsr_msgs2/srv/detail/set_safety_mode__functions.c
[57.975s] -- Installing: /home/rokey/ros2_ws/install/dsr_msgs2/include/dsr_msgs2/dsr_msgs2/srv/detail/is_done_bolt_tightening__struct.h
[57.975s] -- Installing: /home/rokey/ros2_ws/install/dsr_msgs2/include/dsr_msgs2/dsr_msgs2/srv/detail/robotiq2_f_move__functions.c
[57.975s] -- Installing: /home/rokey/ros2_ws/install/dsr_msgs2/include/dsr_msgs2/dsr_msgs2/srv/detail/read_data_rt__struct.h
[57.975s] -- Installing: /home/rokey/ros2_ws/install/dsr_msgs2/include/dsr_msgs2/dsr_msgs2/srv/detail/get_rt_control_output_version_list__functions.c
[57.975s] -- Installing: /home/rokey/ros2_ws/install/dsr_msgs2/include/dsr_msgs2/dsr_msgs2/srv/detail/set_robot_system__functions.h
[57.975s] -- Installing: /home/rokey/ros2_ws/install/dsr_msgs2/include/dsr_msgs2/dsr_msgs2/srv/detail/set_singularity_handling__functions.h
[57.975s] -- Installing: /home/rokey/ros2_ws/install/dsr_msgs2/include/dsr_msgs2/dsr_msgs2/srv/detail/check_orientation_condition2__functions.h
[57.975s] -- Installing: /home/rokey/ros2_ws/install/dsr_msgs2/include/dsr_msgs2/dsr_msgs2/srv/detail/set_current_tcp__type_support.h
[57.976s] -- Installing: /home/rokey/ros2_ws/install/dsr_msgs2/include/dsr_msgs2/dsr_msgs2/srv/detail/change_operation_speed__functions.h
[57.976s] -- Installing: /home/rokey/ros2_ws/install/dsr_msgs2/include/dsr_msgs2/dsr_msgs2/srv/detail/jog__type_support.h
[57.976s] -- Installing: /home/rokey/ros2_ws/install/dsr_msgs2/include/dsr_msgs2/dsr_msgs2/srv/detail/set_ctrl_box_digital_output__functions.h
[57.976s] -- Installing: /home/rokey/ros2_ws/install/dsr_msgs2/include/dsr_msgs2/dsr_msgs2/srv/detail/get_desired_velx__struct.h
[57.976s] -- Installing: /home/rokey/ros2_ws/install/dsr_msgs2/include/dsr_msgs2/dsr_msgs2/srv/detail/get_drl_state__functions.c
[57.976s] -- Installing: /home/rokey/ros2_ws/install/dsr_msgs2/include/dsr_msgs2/dsr_msgs2/srv/detail/serial_send_data__struct.h
[57.976s] -- Installing: /home/rokey/ros2_ws/install/dsr_msgs2/include/dsr_msgs2/dsr_msgs2/srv/detail/get_tool_digital_output__struct.h
[57.976s] -- Installing: /home/rokey/ros2_ws/install/dsr_msgs2/include/dsr_msgs2/dsr_msgs2/srv/detail/get_robot_system__functions.c
[57.976s] -- Installing: /home/rokey/ros2_ws/install/dsr_msgs2/include/dsr_msgs2/dsr_msgs2/srv/detail/set_ctrl_box_analog_output__functions.c
[57.976s] -- Installing: /home/rokey/ros2_ws/install/dsr_msgs2/include/dsr_msgs2/dsr_msgs2/srv/detail/set_current_tcp__functions.c
[57.976s] -- Installing: /home/rokey/ros2_ws/install/dsr_msgs2/include/dsr_msgs2/dsr_msgs2/srv/detail/set_robot_control__functions.h
[57.976s] -- Installing: /home/rokey/ros2_ws/install/dsr_msgs2/include/dsr_msgs2/dsr_msgs2/srv/detail/jog_multi__struct.h
[57.976s] -- Installing: /home/rokey/ros2_ws/install/dsr_msgs2/include/dsr_msgs2/dsr_msgs2/srv/detail/parallel_axis1__functions.h
[57.976s] -- Installing: /home/rokey/ros2_ws/install/dsr_msgs2/include/dsr_msgs2/dsr_msgs2/srv/detail/get_desired_posj__functions.h
[57.976s] -- Installing: /home/rokey/ros2_ws/install/dsr_msgs2/include/dsr_msgs2/dsr_msgs2/srv/detail/get_current_velj__functions.c
[57.976s] -- Installing: /home/rokey/ros2_ws/install/dsr_msgs2/include/dsr_msgs2/dsr_msgs2/srv/detail/move_spline_task__functions.h
[57.976s] -- Installing: /home/rokey/ros2_ws/install/dsr_msgs2/include/dsr_msgs2/dsr_msgs2/srv/detail/check_orientation_condition2__type_support.h
[57.976s] -- Installing: /home/rokey/ros2_ws/install/dsr_msgs2/include/dsr_msgs2/dsr_msgs2/srv/detail/trans__type_support.h
[57.976s] -- Installing: /home/rokey/ros2_ws/install/dsr_msgs2/include/dsr_msgs2/dsr_msgs2/srv/detail/set_stiffnessx__struct.h
[57.976s] -- Installing: /home/rokey/ros2_ws/install/dsr_msgs2/include/dsr_msgs2/dsr_msgs2/srv/detail/serial_send_data__functions.h
[57.976s] -- Installing: /home/rokey/ros2_ws/install/dsr_msgs2/include/dsr_msgs2/dsr_msgs2/srv/detail/config_delete_modbus__struct.h
[57.976s] -- Installing: /home/rokey/ros2_ws/install/dsr_msgs2/include/dsr_msgs2/dsr_msgs2/srv/detail/get_rt_control_input_data_list__type_support.h
[57.977s] -- Installing: /home/rokey/ros2_ws/install/dsr_msgs2/include/dsr_msgs2/dsr_msgs2/srv/detail/set_ctrl_box_digital_output__functions.c
[57.977s] -- Installing: /home/rokey/ros2_ws/install/dsr_msgs2/include/dsr_msgs2/dsr_msgs2/srv/detail/trans__functions.h
[57.977s] -- Installing: /home/rokey/ros2_ws/install/dsr_msgs2/include/dsr_msgs2/dsr_msgs2/srv/detail/set_ctrl_box_analog_input_type__type_support.h
[57.977s] -- Installing: /home/rokey/ros2_ws/install/dsr_msgs2/include/dsr_msgs2/dsr_msgs2/srv/detail/get_modbus_input__type_support.h
[57.977s] -- Installing: /home/rokey/ros2_ws/install/dsr_msgs2/include/dsr_msgs2/dsr_msgs2/srv/detail/move_wait__functions.h
[57.977s] -- Installing: /home/rokey/ros2_ws/install/dsr_msgs2/include/dsr_msgs2/dsr_msgs2/srv/detail/get_desired_posx__functions.c
[57.977s] -- Installing: /home/rokey/ros2_ws/install/dsr_msgs2/include/dsr_msgs2/dsr_msgs2/srv/detail/set_robot_system__struct.h
[57.977s] -- Installing: /home/rokey/ros2_ws/install/dsr_msgs2/include/dsr_msgs2/dsr_msgs2/srv/detail/set_velx_rt__functions.h
[57.977s] -- Installing: /home/rokey/ros2_ws/install/dsr_msgs2/include/dsr_msgs2/dsr_msgs2/srv/detail/get_joint_torque__type_support.h
[57.977s] -- Installing: /home/rokey/ros2_ws/install/dsr_msgs2/include/dsr_msgs2/dsr_msgs2/srv/detail/move_jointx__type_support.h
[57.977s] -- Installing: /home/rokey/ros2_ws/install/dsr_msgs2/include/dsr_msgs2/dsr_msgs2/srv/detail/move_circle__functions.c
[57.977s] -- Installing: /home/rokey/ros2_ws/install/dsr_msgs2/include/dsr_msgs2/dsr_msgs2/srv/detail/get_ctrl_box_analog_input__functions.c
[57.977s] -- Installing: /home/rokey/ros2_ws/install/dsr_msgs2/include/dsr_msgs2/dsr_msgs2/srv/detail/set_robot_control__type_support.h
[57.977s] -- Installing: /home/rokey/ros2_ws/install/dsr_msgs2/include/dsr_msgs2/dsr_msgs2/srv/detail/set_desired_force__struct.h
[57.977s] -- Installing: /home/rokey/ros2_ws/install/dsr_msgs2/include/dsr_msgs2/dsr_msgs2/srv/detail/disable_alter_motion__functions.h
[57.977s] -- Installing: /home/rokey/ros2_ws/install/dsr_msgs2/include/dsr_msgs2/dsr_msgs2/srv/detail/config_create_tcp__struct.h
[57.977s] -- Installing: /home/rokey/ros2_ws/install/dsr_msgs2/include/dsr_msgs2/dsr_msgs2/srv/detail/config_delete_tcp__type_support.h
[57.977s] -- Installing: /home/rokey/ros2_ws/install/dsr_msgs2/include/dsr_msgs2/dsr_msgs2/srv/detail/get_workpiece_weight__functions.c
[57.977s] -- Installing: /home/rokey/ros2_ws/install/dsr_msgs2/include/dsr_msgs2/dsr_msgs2/srv/detail/release_compliance_ctrl__struct.h
[57.977s] -- Installing: /home/rokey/ros2_ws/install/dsr_msgs2/include/dsr_msgs2/dsr_msgs2/srv/detail/get_current_tcp__functions.c
[57.977s] -- Installing: /home/rokey/ros2_ws/install/dsr_msgs2/include/dsr_msgs2/dsr_msgs2/srv/detail/set_robot_speed_mode__functions.h
[57.977s] -- Installing: /home/rokey/ros2_ws/install/dsr_msgs2/include/dsr_msgs2/dsr_msgs2/srv/detail/get_desired_posj__functions.c
[57.978s] -- Installing: /home/rokey/ros2_ws/install/dsr_msgs2/include/dsr_msgs2/dsr_msgs2/srv/detail/get_joint_torque__functions.h
[57.978s] -- Installing: /home/rokey/ros2_ws/install/dsr_msgs2/include/dsr_msgs2/dsr_msgs2/srv/detail/get_tool_force__functions.c
[57.978s] -- Installing: /home/rokey/ros2_ws/install/dsr_msgs2/include/dsr_msgs2/dsr_msgs2/srv/detail/release_compliance_ctrl__type_support.h
[57.978s] -- Installing: /home/rokey/ros2_ws/install/dsr_msgs2/include/dsr_msgs2/dsr_msgs2/srv/detail/jog_multi__functions.h
[57.978s] -- Installing: /home/rokey/ros2_ws/install/dsr_msgs2/include/dsr_msgs2/dsr_msgs2/srv/detail/drl_start__functions.c
[57.978s] -- Installing: /home/rokey/ros2_ws/install/dsr_msgs2/include/dsr_msgs2/dsr_msgs2/srv/detail/check_force_condition__type_support.h
[57.978s] -- Installing: /home/rokey/ros2_ws/install/dsr_msgs2/include/dsr_msgs2/dsr_msgs2/srv/detail/alter_motion__functions.c
[57.978s] -- Installing: /home/rokey/ros2_ws/install/dsr_msgs2/include/dsr_msgs2/dsr_msgs2/srv/detail/get_current_tool_flange_posx__functions.h
[57.978s] -- Installing: /home/rokey/ros2_ws/install/dsr_msgs2/include/dsr_msgs2/dsr_msgs2/srv/detail/move_spline_task__struct.h
[57.978s] -- Installing: /home/rokey/ros2_ws/install/dsr_msgs2/include/dsr_msgs2/dsr_msgs2/srv/detail/move_spiral__type_support.h
[57.978s] -- Installing: /home/rokey/ros2_ws/install/dsr_msgs2/include/dsr_msgs2/dsr_msgs2/srv/detail/get_control_space__functions.h
[57.978s] -- Installing: /home/rokey/ros2_ws/install/dsr_msgs2/include/dsr_msgs2/dsr_msgs2/srv/detail/get_ctrl_box_analog_input__functions.h
[57.978s] -- Installing: /home/rokey/ros2_ws/install/dsr_msgs2/include/dsr_msgs2/dsr_msgs2/srv/detail/overwrite_user_cart_coord__struct.h
[57.978s] -- Installing: /home/rokey/ros2_ws/install/dsr_msgs2/include/dsr_msgs2/dsr_msgs2/srv/detail/get_control_space__functions.c
[57.978s] -- Installing: /home/rokey/ros2_ws/install/dsr_msgs2/include/dsr_msgs2/dsr_msgs2/srv/detail/change_operation_speed__functions.c
[57.978s] -- Installing: /home/rokey/ros2_ws/install/dsr_msgs2/include/dsr_msgs2/dsr_msgs2/srv/detail/set_robot_mode__functions.h
[57.978s] -- Installing: /home/rokey/ros2_ws/install/dsr_msgs2/include/dsr_msgs2/dsr_msgs2/srv/detail/jog__functions.h
[57.978s] -- Installing: /home/rokey/ros2_ws/install/dsr_msgs2/include/dsr_msgs2/dsr_msgs2/srv/detail/fkin__struct.h
[57.978s] -- Installing: /home/rokey/ros2_ws/install/dsr_msgs2/include/dsr_msgs2/dsr_msgs2/srv/detail/calc_coord__struct.h
[57.978s] -- Installing: /home/rokey/ros2_ws/install/dsr_msgs2/include/dsr_msgs2/dsr_msgs2/srv/detail/check_motion__functions.c
[57.978s] -- Installing: /home/rokey/ros2_ws/install/dsr_msgs2/include/dsr_msgs2/dsr_msgs2/srv/detail/set_ctrl_box_analog_input_type__functions.h
[57.978s] -- Installing: /home/rokey/ros2_ws/install/dsr_msgs2/include/dsr_msgs2/dsr_msgs2/srv/detail/task_compliance_ctrl__struct.h
[57.979s] -- Installing: /home/rokey/ros2_ws/install/dsr_msgs2/include/dsr_msgs2/dsr_msgs2/srv/detail/trans__functions.c
[57.979s] -- Installing: /home/rokey/ros2_ws/install/dsr_msgs2/include/dsr_msgs2/dsr_msgs2/srv/move_line.h
[57.979s] -- Installing: /home/rokey/ros2_ws/install/dsr_msgs2/include/dsr_msgs2/dsr_msgs2/srv/drl_resume.h
[57.979s] -- Installing: /home/rokey/ros2_ws/install/dsr_msgs2/include/dsr_msgs2/dsr_msgs2/srv/move_spiral.h
[57.979s] -- Installing: /home/rokey/ros2_ws/install/dsr_msgs2/include/dsr_msgs2/dsr_msgs2/srv/set_velx_rt.h
[57.979s] -- Installing: /home/rokey/ros2_ws/install/dsr_msgs2/include/dsr_msgs2/dsr_msgs2/srv/get_drl_state.h
[57.979s] -- Installing: /home/rokey/ros2_ws/install/dsr_msgs2/include/dsr_msgs2/dsr_msgs2/srv/set_accj_rt.h
[57.979s] -- Installing: /home/rokey/ros2_ws/install/dsr_msgs2/include/dsr_msgs2/dsr_msgs2/srv/get_control_mode.h
[57.979s] -- Installing: /home/rokey/ros2_ws/install/dsr_msgs2/include/dsr_msgs2/dsr_msgs2/srv/move_circle.h
[57.979s] -- Installing: /home/rokey/ros2_ws/install/dsr_msgs2/include/dsr_msgs2/dsr_msgs2/srv/config_delete_tool.h
[57.979s] -- Installing: /home/rokey/ros2_ws/install/dsr_msgs2/include/dsr_msgs2/dsr_msgs2/srv/get_current_posj.h
[57.979s] -- Installing: /home/rokey/ros2_ws/install/dsr_msgs2/include/dsr_msgs2/dsr_msgs2/srv/check_force_condition.h
[57.979s] -- Installing: /home/rokey/ros2_ws/install/dsr_msgs2/include/dsr_msgs2/dsr_msgs2/srv/connect_rt_control.h
[57.979s] -- Installing: /home/rokey/ros2_ws/install/dsr_msgs2/include/dsr_msgs2/dsr_msgs2/srv/get_current_pose.h
[57.979s] -- Installing: /home/rokey/ros2_ws/install/dsr_msgs2/include/dsr_msgs2/dsr_msgs2/srv/move_spline_task.h
[57.979s] -- Installing: /home/rokey/ros2_ws/install/dsr_msgs2/include/dsr_msgs2/dsr_msgs2/srv/start_rt_control.h
[57.979s] -- Installing: /home/rokey/ros2_ws/install/dsr_msgs2/include/dsr_msgs2/dsr_msgs2/srv/get_current_posx.h
[57.979s] -- Installing: /home/rokey/ros2_ws/install/dsr_msgs2/include/dsr_msgs2/dsr_msgs2/srv/parallel_axis1.h
[57.979s] -- Installing: /home/rokey/ros2_ws/install/dsr_msgs2/include/dsr_msgs2/dsr_msgs2/srv/jog.h
[57.979s] -- Installing: /home/rokey/ros2_ws/install/dsr_msgs2/include/dsr_msgs2/dsr_msgs2/srv/get_current_velj.h
[57.979s] -- Installing: /home/rokey/ros2_ws/install/dsr_msgs2/include/dsr_msgs2/dsr_msgs2/srv/task_compliance_ctrl.h
[57.979s] -- Installing: /home/rokey/ros2_ws/install/dsr_msgs2/include/dsr_msgs2/dsr_msgs2/srv/config_create_tool.h
[57.979s] -- Installing: /home/rokey/ros2_ws/install/dsr_msgs2/include/dsr_msgs2/dsr_msgs2/srv/move_blending.h
[57.980s] -- Installing: /home/rokey/ros2_ws/install/dsr_msgs2/include/dsr_msgs2/dsr_msgs2/srv/set_tool_digital_output.h
[57.980s] -- Installing: /home/rokey/ros2_ws/install/dsr_msgs2/share/dsr_msgs2/environment/library_path.sh
[57.980s] -- Installing: /home/rokey/ros2_ws/install/dsr_msgs2/share/dsr_msgs2/environment/library_path.dsv
[57.980s] -- Installing: /home/rokey/ros2_ws/install/dsr_msgs2/lib/libdsr_msgs2__rosidl_generator_c.so
[57.981s] -- Set runtime path of "/home/rokey/ros2_ws/install/dsr_msgs2/lib/libdsr_msgs2__rosidl_generator_c.so" to ""
[57.981s] -- Up-to-date: /home/rokey/ros2_ws/install/dsr_msgs2/include/dsr_msgs2/dsr_msgs2
[57.981s] -- Up-to-date: /home/rokey/ros2_ws/install/dsr_msgs2/include/dsr_msgs2/dsr_msgs2/msg
[57.981s] -- Installing: /home/rokey/ros2_ws/install/dsr_msgs2/include/dsr_msgs2/dsr_msgs2/msg/rosidl_typesupport_fastrtps_c__visibility_control.h
[57.981s] -- Up-to-date: /home/rokey/ros2_ws/install/dsr_msgs2/include/dsr_msgs2/dsr_msgs2/msg/detail
[57.981s] -- Installing: /home/rokey/ros2_ws/install/dsr_msgs2/include/dsr_msgs2/dsr_msgs2/msg/detail/alter_motion_stream__rosidl_typesupport_fastrtps_c.h
[57.981s] -- Installing: /home/rokey/ros2_ws/install/dsr_msgs2/include/dsr_msgs2/dsr_msgs2/msg/detail/modbus_state__rosidl_typesupport_fastrtps_c.h
[57.981s] -- Installing: /home/rokey/ros2_ws/install/dsr_msgs2/include/dsr_msgs2/dsr_msgs2/msg/detail/robot_state_rt__rosidl_typesupport_fastrtps_c.h
[57.981s] -- Installing: /home/rokey/ros2_ws/install/dsr_msgs2/include/dsr_msgs2/dsr_msgs2/msg/detail/speedl_rt_stream__rosidl_typesupport_fastrtps_c.h
[57.981s] -- Installing: /home/rokey/ros2_ws/install/dsr_msgs2/include/dsr_msgs2/dsr_msgs2/msg/detail/robot_state__rosidl_typesupport_fastrtps_c.h
[57.981s] -- Installing: /home/rokey/ros2_ws/install/dsr_msgs2/include/dsr_msgs2/dsr_msgs2/msg/detail/robot_stop__rosidl_typesupport_fastrtps_c.h
[57.981s] -- Installing: /home/rokey/ros2_ws/install/dsr_msgs2/include/dsr_msgs2/dsr_msgs2/msg/detail/jog_multi_axis__rosidl_typesupport_fastrtps_c.h
[57.981s] -- Installing: /home/rokey/ros2_ws/install/dsr_msgs2/include/dsr_msgs2/dsr_msgs2/msg/detail/servol_rt_stream__rosidl_typesupport_fastrtps_c.h
[57.981s] -- Installing: /home/rokey/ros2_ws/install/dsr_msgs2/include/dsr_msgs2/dsr_msgs2/msg/detail/servoj_stream__rosidl_typesupport_fastrtps_c.h
[57.981s] -- Installing: /home/rokey/ros2_ws/install/dsr_msgs2/include/dsr_msgs2/dsr_msgs2/msg/detail/speedj_stream__rosidl_typesupport_fastrtps_c.h
[57.981s] -- Installing: /home/rokey/ros2_ws/install/dsr_msgs2/include/dsr_msgs2/dsr_msgs2/msg/detail/torque_rt_stream__rosidl_typesupport_fastrtps_c.h
[57.981s] -- Installing: /home/rokey/ros2_ws/install/dsr_msgs2/include/dsr_msgs2/dsr_msgs2/msg/detail/log_alarm__rosidl_typesupport_fastrtps_c.h
[57.981s] -- Installing: /home/rokey/ros2_ws/install/dsr_msgs2/include/dsr_msgs2/dsr_msgs2/msg/detail/servoj_rt_stream__rosidl_typesupport_fastrtps_c.h
[57.981s] -- Installing: /home/rokey/ros2_ws/install/dsr_msgs2/include/dsr_msgs2/dsr_msgs2/msg/detail/robot_error__rosidl_typesupport_fastrtps_c.h
[57.982s] -- Installing: /home/rokey/ros2_ws/install/dsr_msgs2/include/dsr_msgs2/dsr_msgs2/msg/detail/servol_stream__rosidl_typesupport_fastrtps_c.h
[57.982s] -- Installing: /home/rokey/ros2_ws/install/dsr_msgs2/include/dsr_msgs2/dsr_msgs2/msg/detail/speedl_stream__rosidl_typesupport_fastrtps_c.h
[57.982s] -- Installing: /home/rokey/ros2_ws/install/dsr_msgs2/include/dsr_msgs2/dsr_msgs2/msg/detail/speedj_rt_stream__rosidl_typesupport_fastrtps_c.h
[57.982s] -- Up-to-date: /home/rokey/ros2_ws/install/dsr_msgs2/include/dsr_msgs2/dsr_msgs2/srv
[57.982s] -- Up-to-date: /home/rokey/ros2_ws/install/dsr_msgs2/include/dsr_msgs2/dsr_msgs2/srv/detail
[57.982s] -- Installing: /home/rokey/ros2_ws/install/dsr_msgs2/include/dsr_msgs2/dsr_msgs2/srv/detail/get_current_pose__rosidl_typesupport_fastrtps_c.h
[57.982s] -- Installing: /home/rokey/ros2_ws/install/dsr_msgs2/include/dsr_msgs2/dsr_msgs2/srv/detail/drl_start__rosidl_typesupport_fastrtps_c.h
[57.982s] -- Installing: /home/rokey/ros2_ws/install/dsr_msgs2/include/dsr_msgs2/dsr_msgs2/srv/detail/get_user_cart_coord__rosidl_typesupport_fastrtps_c.h
[57.982s] -- Installing: /home/rokey/ros2_ws/install/dsr_msgs2/include/dsr_msgs2/dsr_msgs2/srv/detail/move_jointx__rosidl_typesupport_fastrtps_c.h
[57.982s] -- Installing: /home/rokey/ros2_ws/install/dsr_msgs2/include/dsr_msgs2/dsr_msgs2/srv/detail/task_compliance_ctrl__rosidl_typesupport_fastrtps_c.h
[57.982s] -- Installing: /home/rokey/ros2_ws/install/dsr_msgs2/include/dsr_msgs2/dsr_msgs2/srv/detail/drl_resume__rosidl_typesupport_fastrtps_c.h
[57.982s] -- Installing: /home/rokey/ros2_ws/install/dsr_msgs2/include/dsr_msgs2/dsr_msgs2/srv/detail/parallel_axis1__rosidl_typesupport_fastrtps_c.h
[57.982s] -- Installing: /home/rokey/ros2_ws/install/dsr_msgs2/include/dsr_msgs2/dsr_msgs2/srv/detail/align_axis2__rosidl_typesupport_fastrtps_c.h
[57.982s] -- Installing: /home/rokey/ros2_ws/install/dsr_msgs2/include/dsr_msgs2/dsr_msgs2/srv/detail/get_desired_velx__rosidl_typesupport_fastrtps_c.h
[57.982s] -- Installing: /home/rokey/ros2_ws/install/dsr_msgs2/include/dsr_msgs2/dsr_msgs2/srv/detail/set_safe_stop_reset_type__rosidl_typesupport_fastrtps_c.h
[57.982s] -- Installing: /home/rokey/ros2_ws/install/dsr_msgs2/include/dsr_msgs2/dsr_msgs2/srv/detail/get_modbus_input__rosidl_typesupport_fastrtps_c.h
[57.982s] -- Installing: /home/rokey/ros2_ws/install/dsr_msgs2/include/dsr_msgs2/dsr_msgs2/srv/detail/set_user_cart_coord1__rosidl_typesupport_fastrtps_c.h
[57.982s] -- Installing: /home/rokey/ros2_ws/install/dsr_msgs2/include/dsr_msgs2/dsr_msgs2/srv/detail/move_home__rosidl_typesupport_fastrtps_c.h
[57.982s] -- Installing: /home/rokey/ros2_ws/install/dsr_msgs2/include/dsr_msgs2/dsr_msgs2/srv/detail/coord_transform__rosidl_typesupport_fastrtps_c.h
[57.982s] -- Installing: /home/rokey/ros2_ws/install/dsr_msgs2/include/dsr_msgs2/dsr_msgs2/srv/detail/get_current_solution_space__rosidl_typesupport_fastrtps_c.h
[57.982s] -- Installing: /home/rokey/ros2_ws/install/dsr_msgs2/include/dsr_msgs2/dsr_msgs2/srv/detail/ikin__rosidl_typesupport_fastrtps_c.h
[57.982s] -- Installing: /home/rokey/ros2_ws/install/dsr_msgs2/include/dsr_msgs2/dsr_msgs2/srv/detail/get_ctrl_box_digital_output__rosidl_typesupport_fastrtps_c.h
[57.982s] -- Installing: /home/rokey/ros2_ws/install/dsr_msgs2/include/dsr_msgs2/dsr_msgs2/srv/detail/set_velx_rt__rosidl_typesupport_fastrtps_c.h
[57.982s] -- Installing: /home/rokey/ros2_ws/install/dsr_msgs2/include/dsr_msgs2/dsr_msgs2/srv/detail/set_rt_control_output__rosidl_typesupport_fastrtps_c.h
[57.983s] -- Installing: /home/rokey/ros2_ws/install/dsr_msgs2/include/dsr_msgs2/dsr_msgs2/srv/detail/config_create_tcp__rosidl_typesupport_fastrtps_c.h
[57.983s] -- Installing: /home/rokey/ros2_ws/install/dsr_msgs2/include/dsr_msgs2/dsr_msgs2/srv/detail/trans__rosidl_typesupport_fastrtps_c.h
[57.983s] -- Installing: /home/rokey/ros2_ws/install/dsr_msgs2/include/dsr_msgs2/dsr_msgs2/srv/detail/set_ref_coord__rosidl_typesupport_fastrtps_c.h
[57.983s] -- Installing: /home/rokey/ros2_ws/install/dsr_msgs2/include/dsr_msgs2/dsr_msgs2/srv/detail/alter_motion__rosidl_typesupport_fastrtps_c.h
[57.983s] -- Installing: /home/rokey/ros2_ws/install/dsr_msgs2/include/dsr_msgs2/dsr_msgs2/srv/detail/move_spline_joint__rosidl_typesupport_fastrtps_c.h
[57.983s] -- Installing: /home/rokey/ros2_ws/install/dsr_msgs2/include/dsr_msgs2/dsr_msgs2/srv/detail/set_robot_mode__rosidl_typesupport_fastrtps_c.h
[57.983s] -- Installing: /home/rokey/ros2_ws/install/dsr_msgs2/include/dsr_msgs2/dsr_msgs2/srv/detail/align_axis1__rosidl_typesupport_fastrtps_c.h
[57.983s] -- Installing: /home/rokey/ros2_ws/install/dsr_msgs2/include/dsr_msgs2/dsr_msgs2/srv/detail/set_tool_shape__rosidl_typesupport_fastrtps_c.h
[57.983s] -- Installing: /home/rokey/ros2_ws/install/dsr_msgs2/include/dsr_msgs2/dsr_msgs2/srv/detail/config_create_modbus__rosidl_typesupport_fastrtps_c.h
[57.983s] -- Installing: /home/rokey/ros2_ws/install/dsr_msgs2/include/dsr_msgs2/dsr_msgs2/srv/detail/overwrite_user_cart_coord__rosidl_typesupport_fastrtps_c.h
[57.983s] -- Installing: /home/rokey/ros2_ws/install/dsr_msgs2/include/dsr_msgs2/dsr_msgs2/srv/detail/reset_workpiece_weight__rosidl_typesupport_fastrtps_c.h
[57.983s] -- Installing: /home/rokey/ros2_ws/install/dsr_msgs2/include/dsr_msgs2/dsr_msgs2/srv/detail/set_ctrl_box_digital_output__rosidl_typesupport_fastrtps_c.h
[57.983s] -- Installing: /home/rokey/ros2_ws/install/dsr_msgs2/include/dsr_msgs2/dsr_msgs2/srv/detail/release_compliance_ctrl__rosidl_typesupport_fastrtps_c.h
[57.983s] -- Installing: /home/rokey/ros2_ws/install/dsr_msgs2/include/dsr_msgs2/dsr_msgs2/srv/detail/get_desired_posj__rosidl_typesupport_fastrtps_c.h
[57.983s] -- Installing: /home/rokey/ros2_ws/install/dsr_msgs2/include/dsr_msgs2/dsr_msgs2/srv/detail/get_desired_posx__rosidl_typesupport_fastrtps_c.h
[57.983s] -- Installing: /home/rokey/ros2_ws/install/dsr_msgs2/include/dsr_msgs2/dsr_msgs2/srv/detail/set_accx_rt__rosidl_typesupport_fastrtps_c.h
[57.983s] -- Installing: /home/rokey/ros2_ws/install/dsr_msgs2/include/dsr_msgs2/dsr_msgs2/srv/detail/set_robot_speed_mode__rosidl_typesupport_fastrtps_c.h
[57.983s] -- Installing: /home/rokey/ros2_ws/install/dsr_msgs2/include/dsr_msgs2/dsr_msgs2/srv/detail/parallel_axis2__rosidl_typesupport_fastrtps_c.h
[57.983s] -- Installing: /home/rokey/ros2_ws/install/dsr_msgs2/include/dsr_msgs2/dsr_msgs2/srv/detail/get_tool_force__rosidl_typesupport_fastrtps_c.h
[57.983s] -- Installing: /home/rokey/ros2_ws/install/dsr_msgs2/include/dsr_msgs2/dsr_msgs2/srv/detail/drl_pause__rosidl_typesupport_fastrtps_c.h
[57.983s] -- Installing: /home/rokey/ros2_ws/install/dsr_msgs2/include/dsr_msgs2/dsr_msgs2/srv/detail/move_circle__rosidl_typesupport_fastrtps_c.h
[57.983s] -- Installing: /home/rokey/ros2_ws/install/dsr_msgs2/include/dsr_msgs2/dsr_msgs2/srv/detail/write_data_rt__rosidl_typesupport_fastrtps_c.h
[57.984s] -- Installing: /home/rokey/ros2_ws/install/dsr_msgs2/include/dsr_msgs2/dsr_msgs2/srv/detail/robotiq2_f_close__rosidl_typesupport_fastrtps_c.h
[57.984s] -- Installing: /home/rokey/ros2_ws/install/dsr_msgs2/include/dsr_msgs2/dsr_msgs2/srv/detail/move_resume__rosidl_typesupport_fastrtps_c.h
[57.984s] -- Installing: /home/rokey/ros2_ws/install/dsr_msgs2/include/dsr_msgs2/dsr_msgs2/srv/detail/get_drl_state__rosidl_typesupport_fastrtps_c.h
[57.984s] -- Installing: /home/rokey/ros2_ws/install/dsr_msgs2/include/dsr_msgs2/dsr_msgs2/srv/detail/disconnect_rt_control__rosidl_typesupport_fastrtps_c.h
[57.984s] -- Installing: /home/rokey/ros2_ws/install/dsr_msgs2/include/dsr_msgs2/dsr_msgs2/srv/detail/move_blending__rosidl_typesupport_fastrtps_c.h
[57.984s] -- Installing: /home/rokey/ros2_ws/install/dsr_msgs2/include/dsr_msgs2/dsr_msgs2/srv/detail/get_workpiece_weight__rosidl_typesupport_fastrtps_c.h
[57.984s] -- Installing: /home/rokey/ros2_ws/install/dsr_msgs2/include/dsr_msgs2/dsr_msgs2/srv/detail/get_current_tcp__rosidl_typesupport_fastrtps_c.h
[57.984s] -- Installing: /home/rokey/ros2_ws/install/dsr_msgs2/include/dsr_msgs2/dsr_msgs2/srv/detail/move_wait__rosidl_typesupport_fastrtps_c.h
[57.984s] -- Installing: /home/rokey/ros2_ws/install/dsr_msgs2/include/dsr_msgs2/dsr_msgs2/srv/detail/move_stop__rosidl_typesupport_fastrtps_c.h
[57.984s] -- Installing: /home/rokey/ros2_ws/install/dsr_msgs2/include/dsr_msgs2/dsr_msgs2/srv/detail/get_ctrl_box_analog_input__rosidl_typesupport_fastrtps_c.h
[57.984s] -- Installing: /home/rokey/ros2_ws/install/dsr_msgs2/include/dsr_msgs2/dsr_msgs2/srv/detail/move_spiral__rosidl_typesupport_fastrtps_c.h
[57.984s] -- Installing: /home/rokey/ros2_ws/install/dsr_msgs2/include/dsr_msgs2/dsr_msgs2/srv/detail/get_robot_speed_mode__rosidl_typesupport_fastrtps_c.h
[57.984s] -- Installing: /home/rokey/ros2_ws/install/dsr_msgs2/include/dsr_msgs2/dsr_msgs2/srv/detail/enable_alter_motion__rosidl_typesupport_fastrtps_c.h
[57.984s] -- Installing: /home/rokey/ros2_ws/install/dsr_msgs2/include/dsr_msgs2/dsr_msgs2/srv/detail/check_motion__rosidl_typesupport_fastrtps_c.h
[57.984s] -- Installing: /home/rokey/ros2_ws/install/dsr_msgs2/include/dsr_msgs2/dsr_msgs2/srv/detail/check_force_condition__rosidl_typesupport_fastrtps_c.h
[57.984s] -- Installing: /home/rokey/ros2_ws/install/dsr_msgs2/include/dsr_msgs2/dsr_msgs2/srv/detail/get_tool_digital_output__rosidl_typesupport_fastrtps_c.h
[57.984s] -- Installing: /home/rokey/ros2_ws/install/dsr_msgs2/include/dsr_msgs2/dsr_msgs2/srv/detail/get_robot_system__rosidl_typesupport_fastrtps_c.h
[57.984s] -- Installing: /home/rokey/ros2_ws/install/dsr_msgs2/include/dsr_msgs2/dsr_msgs2/srv/detail/set_user_cart_coord2__rosidl_typesupport_fastrtps_c.h
[57.984s] -- Installing: /home/rokey/ros2_ws/install/dsr_msgs2/include/dsr_msgs2/dsr_msgs2/srv/detail/get_rt_control_input_version_list__rosidl_typesupport_fastrtps_c.h
[57.984s] -- Installing: /home/rokey/ros2_ws/install/dsr_msgs2/include/dsr_msgs2/dsr_msgs2/srv/detail/disable_alter_motion__rosidl_typesupport_fastrtps_c.h
[57.984s] -- Installing: /home/rokey/ros2_ws/install/dsr_msgs2/include/dsr_msgs2/dsr_msgs2/srv/detail/get_current_velj__rosidl_typesupport_fastrtps_c.h
[57.984s] -- Installing: /home/rokey/ros2_ws/install/dsr_msgs2/include/dsr_msgs2/dsr_msgs2/srv/detail/get_current_rotm__rosidl_typesupport_fastrtps_c.h
[57.984s] -- Installing: /home/rokey/ros2_ws/install/dsr_msgs2/include/dsr_msgs2/dsr_msgs2/srv/detail/get_current_tool_flange_posx__rosidl_typesupport_fastrtps_c.h
[57.984s] -- Installing: /home/rokey/ros2_ws/install/dsr_msgs2/include/dsr_msgs2/dsr_msgs2/srv/detail/set_accj_rt__rosidl_typesupport_fastrtps_c.h
[57.984s] -- Installing: /home/rokey/ros2_ws/install/dsr_msgs2/include/dsr_msgs2/dsr_msgs2/srv/detail/change_operation_speed__rosidl_typesupport_fastrtps_c.h
[57.984s] -- Installing: /home/rokey/ros2_ws/install/dsr_msgs2/include/dsr_msgs2/dsr_msgs2/srv/detail/robotiq2_f_move__rosidl_typesupport_fastrtps_c.h
[57.985s] -- Installing: /home/rokey/ros2_ws/install/dsr_msgs2/include/dsr_msgs2/dsr_msgs2/srv/detail/drl_stop__rosidl_typesupport_fastrtps_c.h
[57.985s] -- Installing: /home/rokey/ros2_ws/install/dsr_msgs2/include/dsr_msgs2/dsr_msgs2/srv/detail/get_external_torque__rosidl_typesupport_fastrtps_c.h
[57.985s] -- Installing: /home/rokey/ros2_ws/install/dsr_msgs2/include/dsr_msgs2/dsr_msgs2/srv/detail/get_rt_control_output_version_list__rosidl_typesupport_fastrtps_c.h
[57.985s] -- Installing: /home/rokey/ros2_ws/install/dsr_msgs2/include/dsr_msgs2/dsr_msgs2/srv/detail/set_singularity_handling__rosidl_typesupport_fastrtps_c.h
[57.985s] -- Installing: /home/rokey/ros2_ws/install/dsr_msgs2/include/dsr_msgs2/dsr_msgs2/srv/detail/start_rt_control__rosidl_typesupport_fastrtps_c.h
[57.985s] -- Installing: /home/rokey/ros2_ws/install/dsr_msgs2/include/dsr_msgs2/dsr_msgs2/srv/detail/robotiq2_f_open__rosidl_typesupport_fastrtps_c.h
[57.985s] -- Installing: /home/rokey/ros2_ws/install/dsr_msgs2/include/dsr_msgs2/dsr_msgs2/srv/detail/stop_rt_control__rosidl_typesupport_fastrtps_c.h
[57.985s] -- Installing: /home/rokey/ros2_ws/install/dsr_msgs2/include/dsr_msgs2/dsr_msgs2/srv/detail/set_safety_mode__rosidl_typesupport_fastrtps_c.h
[57.985s] -- Installing: /home/rokey/ros2_ws/install/dsr_msgs2/include/dsr_msgs2/dsr_msgs2/srv/detail/get_current_posj__rosidl_typesupport_fastrtps_c.h
[57.985s] -- Installing: /home/rokey/ros2_ws/install/dsr_msgs2/include/dsr_msgs2/dsr_msgs2/srv/detail/get_rt_control_output_data_list__rosidl_typesupport_fastrtps_c.h
[57.985s] -- Installing: /home/rokey/ros2_ws/install/dsr_msgs2/include/dsr_msgs2/dsr_msgs2/srv/detail/is_done_bolt_tightening__rosidl_typesupport_fastrtps_c.h
[57.985s] -- Installing: /home/rokey/ros2_ws/install/dsr_msgs2/include/dsr_msgs2/dsr_msgs2/srv/detail/change_collision_sensitivity__rosidl_typesupport_fastrtps_c.h
[57.985s] -- Installing: /home/rokey/ros2_ws/install/dsr_msgs2/include/dsr_msgs2/dsr_msgs2/srv/detail/jog_multi__rosidl_typesupport_fastrtps_c.h
[57.985s] -- Installing: /home/rokey/ros2_ws/install/dsr_msgs2/include/dsr_msgs2/dsr_msgs2/srv/detail/set_current_tcp__rosidl_typesupport_fastrtps_c.h
[57.985s] -- Installing: /home/rokey/ros2_ws/install/dsr_msgs2/include/dsr_msgs2/dsr_msgs2/srv/detail/set_ctrl_box_analog_output_type__rosidl_typesupport_fastrtps_c.h
[57.985s] -- Installing: /home/rokey/ros2_ws/install/dsr_msgs2/include/dsr_msgs2/dsr_msgs2/srv/detail/config_delete_tool__rosidl_typesupport_fastrtps_c.h
[57.985s] -- Installing: /home/rokey/ros2_ws/install/dsr_msgs2/include/dsr_msgs2/dsr_msgs2/srv/detail/fkin__rosidl_typesupport_fastrtps_c.h
[57.985s] -- Installing: /home/rokey/ros2_ws/install/dsr_msgs2/include/dsr_msgs2/dsr_msgs2/srv/detail/set_current_tool__rosidl_typesupport_fastrtps_c.h
[57.985s] -- Installing: /home/rokey/ros2_ws/install/dsr_msgs2/include/dsr_msgs2/dsr_msgs2/srv/detail/get_desired_velj__rosidl_typesupport_fastrtps_c.h
[57.985s] -- Installing: /home/rokey/ros2_ws/install/dsr_msgs2/include/dsr_msgs2/dsr_msgs2/srv/detail/get_solution_space__rosidl_typesupport_fastrtps_c.h
[57.985s] -- Installing: /home/rokey/ros2_ws/install/dsr_msgs2/include/dsr_msgs2/dsr_msgs2/srv/detail/set_velj_rt__rosidl_typesupport_fastrtps_c.h
[57.985s] -- Installing: /home/rokey/ros2_ws/install/dsr_msgs2/include/dsr_msgs2/dsr_msgs2/srv/detail/set_modbus_output__rosidl_typesupport_fastrtps_c.h
[57.985s] -- Installing: /home/rokey/ros2_ws/install/dsr_msgs2/include/dsr_msgs2/dsr_msgs2/srv/detail/set_tool_digital_output__rosidl_typesupport_fastrtps_c.h
[57.985s] -- Installing: /home/rokey/ros2_ws/install/dsr_msgs2/include/dsr_msgs2/dsr_msgs2/srv/detail/get_ctrl_box_digital_input__rosidl_typesupport_fastrtps_c.h
[57.986s] -- Installing: /home/rokey/ros2_ws/install/dsr_msgs2/include/dsr_msgs2/dsr_msgs2/srv/detail/config_delete_tcp__rosidl_typesupport_fastrtps_c.h
[57.986s] -- Installing: /home/rokey/ros2_ws/install/dsr_msgs2/include/dsr_msgs2/dsr_msgs2/srv/detail/servo_off__rosidl_typesupport_fastrtps_c.h
[57.986s] -- Installing: /home/rokey/ros2_ws/install/dsr_msgs2/include/dsr_msgs2/dsr_msgs2/srv/detail/get_robot_mode__rosidl_typesupport_fastrtps_c.h
[57.986s] -- Installing: /home/rokey/ros2_ws/install/dsr_msgs2/include/dsr_msgs2/dsr_msgs2/srv/detail/move_periodic__rosidl_typesupport_fastrtps_c.h
[57.986s] -- Installing: /home/rokey/ros2_ws/install/dsr_msgs2/include/dsr_msgs2/dsr_msgs2/srv/detail/config_delete_modbus__rosidl_typesupport_fastrtps_c.h
[57.986s] -- Installing: /home/rokey/ros2_ws/install/dsr_msgs2/include/dsr_msgs2/dsr_msgs2/srv/detail/release_force__rosidl_typesupport_fastrtps_c.h
[57.986s] -- Installing: /home/rokey/ros2_ws/install/dsr_msgs2/include/dsr_msgs2/dsr_msgs2/srv/detail/get_current_tool__rosidl_typesupport_fastrtps_c.h
[57.986s] -- Installing: /home/rokey/ros2_ws/install/dsr_msgs2/include/dsr_msgs2/dsr_msgs2/srv/detail/set_ctrl_box_analog_output__rosidl_typesupport_fastrtps_c.h
[57.986s] -- Installing: /home/rokey/ros2_ws/install/dsr_msgs2/include/dsr_msgs2/dsr_msgs2/srv/detail/read_data_rt__rosidl_typesupport_fastrtps_c.h
[57.986s] -- Installing: /home/rokey/ros2_ws/install/dsr_msgs2/include/dsr_msgs2/dsr_msgs2/srv/detail/get_control_mode__rosidl_typesupport_fastrtps_c.h
[57.986s] -- Installing: /home/rokey/ros2_ws/install/dsr_msgs2/include/dsr_msgs2/dsr_msgs2/srv/detail/set_stiffnessx__rosidl_typesupport_fastrtps_c.h
[57.986s] -- Installing: /home/rokey/ros2_ws/install/dsr_msgs2/include/dsr_msgs2/dsr_msgs2/srv/detail/get_current_posx__rosidl_typesupport_fastrtps_c.h
[57.986s] -- Installing: /home/rokey/ros2_ws/install/dsr_msgs2/include/dsr_msgs2/dsr_msgs2/srv/detail/get_orientation_error__rosidl_typesupport_fastrtps_c.h
[57.986s] -- Installing: /home/rokey/ros2_ws/install/dsr_msgs2/include/dsr_msgs2/dsr_msgs2/srv/detail/check_orientation_condition1__rosidl_typesupport_fastrtps_c.h
[57.986s] -- Installing: /home/rokey/ros2_ws/install/dsr_msgs2/include/dsr_msgs2/dsr_msgs2/srv/detail/set_robot_system__rosidl_typesupport_fastrtps_c.h
[57.986s] -- Installing: /home/rokey/ros2_ws/install/dsr_msgs2/include/dsr_msgs2/dsr_msgs2/srv/detail/set_ctrl_box_analog_input_type__rosidl_typesupport_fastrtps_c.h
[57.986s] -- Installing: /home/rokey/ros2_ws/install/dsr_msgs2/include/dsr_msgs2/dsr_msgs2/srv/detail/get_tool_digital_input__rosidl_typesupport_fastrtps_c.h
[57.986s] -- Installing: /home/rokey/ros2_ws/install/dsr_msgs2/include/dsr_msgs2/dsr_msgs2/srv/detail/get_last_alarm__rosidl_typesupport_fastrtps_c.h
[57.986s] -- Installing: /home/rokey/ros2_ws/install/dsr_msgs2/include/dsr_msgs2/dsr_msgs2/srv/detail/get_rt_control_input_data_list__rosidl_typesupport_fastrtps_c.h
[57.986s] -- Installing: /home/rokey/ros2_ws/install/dsr_msgs2/include/dsr_msgs2/dsr_msgs2/srv/detail/move_line__rosidl_typesupport_fastrtps_c.h
[57.986s] -- Installing: /home/rokey/ros2_ws/install/dsr_msgs2/include/dsr_msgs2/dsr_msgs2/srv/detail/check_position_condition__rosidl_typesupport_fastrtps_c.h
[57.986s] -- Installing: /home/rokey/ros2_ws/install/dsr_msgs2/include/dsr_msgs2/dsr_msgs2/srv/detail/check_orientation_condition2__rosidl_typesupport_fastrtps_c.h
[57.986s] -- Installing: /home/rokey/ros2_ws/install/dsr_msgs2/include/dsr_msgs2/dsr_msgs2/srv/detail/get_current_velx__rosidl_typesupport_fastrtps_c.h
[57.986s] -- Installing: /home/rokey/ros2_ws/install/dsr_msgs2/include/dsr_msgs2/dsr_msgs2/srv/detail/set_desired_force__rosidl_typesupport_fastrtps_c.h
[57.987s] -- Installing: /home/rokey/ros2_ws/install/dsr_msgs2/include/dsr_msgs2/dsr_msgs2/srv/detail/calc_coord__rosidl_typesupport_fastrtps_c.h
[57.987s] -- Installing: /home/rokey/ros2_ws/install/dsr_msgs2/include/dsr_msgs2/dsr_msgs2/srv/detail/get_robot_state__rosidl_typesupport_fastrtps_c.h
[57.987s] -- Installing: /home/rokey/ros2_ws/install/dsr_msgs2/include/dsr_msgs2/dsr_msgs2/srv/detail/move_joint__rosidl_typesupport_fastrtps_c.h
[57.987s] -- Installing: /home/rokey/ros2_ws/install/dsr_msgs2/include/dsr_msgs2/dsr_msgs2/srv/detail/move_pause__rosidl_typesupport_fastrtps_c.h
[57.987s] -- Installing: /home/rokey/ros2_ws/install/dsr_msgs2/include/dsr_msgs2/dsr_msgs2/srv/detail/get_control_space__rosidl_typesupport_fastrtps_c.h
[57.987s] -- Installing: /home/rokey/ros2_ws/install/dsr_msgs2/include/dsr_msgs2/dsr_msgs2/srv/detail/connect_rt_control__rosidl_typesupport_fastrtps_c.h
[57.987s] -- Installing: /home/rokey/ros2_ws/install/dsr_msgs2/include/dsr_msgs2/dsr_msgs2/srv/detail/jog__rosidl_typesupport_fastrtps_c.h
[57.987s] -- Installing: /home/rokey/ros2_ws/install/dsr_msgs2/include/dsr_msgs2/dsr_msgs2/srv/detail/config_create_tool__rosidl_typesupport_fastrtps_c.h
[57.987s] -- Installing: /home/rokey/ros2_ws/install/dsr_msgs2/include/dsr_msgs2/dsr_msgs2/srv/detail/serial_send_data__rosidl_typesupport_fastrtps_c.h
[57.987s] -- Installing: /home/rokey/ros2_ws/install/dsr_msgs2/include/dsr_msgs2/dsr_msgs2/srv/detail/move_spline_task__rosidl_typesupport_fastrtps_c.h
[57.987s] -- Installing: /home/rokey/ros2_ws/install/dsr_msgs2/include/dsr_msgs2/dsr_msgs2/srv/detail/set_robot_control__rosidl_typesupport_fastrtps_c.h
[57.987s] -- Installing: /home/rokey/ros2_ws/install/dsr_msgs2/include/dsr_msgs2/dsr_msgs2/srv/detail/set_user_cart_coord3__rosidl_typesupport_fastrtps_c.h
[57.987s] -- Installing: /home/rokey/ros2_ws/install/dsr_msgs2/include/dsr_msgs2/dsr_msgs2/srv/detail/get_joint_torque__rosidl_typesupport_fastrtps_c.h
[57.987s] -- Installing: /home/rokey/ros2_ws/install/dsr_msgs2/include/dsr_msgs2/dsr_msgs2/srv/detail/set_rt_control_input__rosidl_typesupport_fastrtps_c.h
[57.987s] -- Installing: /home/rokey/ros2_ws/install/dsr_msgs2/lib/libdsr_msgs2__rosidl_typesupport_fastrtps_c.so
[57.988s] -- Set runtime path of "/home/rokey/ros2_ws/install/dsr_msgs2/lib/libdsr_msgs2__rosidl_typesupport_fastrtps_c.so" to ""
[57.988s] -- Up-to-date: /home/rokey/ros2_ws/install/dsr_msgs2/include/dsr_msgs2/dsr_msgs2
[57.988s] -- Up-to-date: /home/rokey/ros2_ws/install/dsr_msgs2/include/dsr_msgs2/dsr_msgs2/msg
[57.988s] -- Installing: /home/rokey/ros2_ws/install/dsr_msgs2/include/dsr_msgs2/dsr_msgs2/msg/log_alarm.hpp
[57.988s] -- Installing: /home/rokey/ros2_ws/install/dsr_msgs2/include/dsr_msgs2/dsr_msgs2/msg/alter_motion_stream.hpp
[57.988s] -- Installing: /home/rokey/ros2_ws/install/dsr_msgs2/include/dsr_msgs2/dsr_msgs2/msg/servol_stream.hpp
[57.988s] -- Installing: /home/rokey/ros2_ws/install/dsr_msgs2/include/dsr_msgs2/dsr_msgs2/msg/speedl_stream.hpp
[57.988s] -- Installing: /home/rokey/ros2_ws/install/dsr_msgs2/include/dsr_msgs2/dsr_msgs2/msg/torque_rt_stream.hpp
[57.988s] -- Installing: /home/rokey/ros2_ws/install/dsr_msgs2/include/dsr_msgs2/dsr_msgs2/msg/servoj_rt_stream.hpp
[57.988s] -- Installing: /home/rokey/ros2_ws/install/dsr_msgs2/include/dsr_msgs2/dsr_msgs2/msg/robot_state.hpp
[57.988s] -- Installing: /home/rokey/ros2_ws/install/dsr_msgs2/include/dsr_msgs2/dsr_msgs2/msg/servol_rt_stream.hpp
[57.988s] -- Installing: /home/rokey/ros2_ws/install/dsr_msgs2/include/dsr_msgs2/dsr_msgs2/msg/speedj_rt_stream.hpp
[57.988s] -- Installing: /home/rokey/ros2_ws/install/dsr_msgs2/include/dsr_msgs2/dsr_msgs2/msg/speedl_rt_stream.hpp
[57.988s] -- Installing: /home/rokey/ros2_ws/install/dsr_msgs2/include/dsr_msgs2/dsr_msgs2/msg/robot_stop.hpp
[57.988s] -- Installing: /home/rokey/ros2_ws/install/dsr_msgs2/include/dsr_msgs2/dsr_msgs2/msg/robot_state_rt.hpp
[57.988s] -- Installing: /home/rokey/ros2_ws/install/dsr_msgs2/include/dsr_msgs2/dsr_msgs2/msg/servoj_stream.hpp
[57.988s] -- Installing: /home/rokey/ros2_ws/install/dsr_msgs2/include/dsr_msgs2/dsr_msgs2/msg/jog_multi_axis.hpp
[57.988s] -- Up-to-date: /home/rokey/ros2_ws/install/dsr_msgs2/include/dsr_msgs2/dsr_msgs2/msg/detail
[57.989s] -- Installing: /home/rokey/ros2_ws/install/dsr_msgs2/include/dsr_msgs2/dsr_msgs2/msg/detail/speedj_rt_stream__traits.hpp
[57.989s] -- Installing: /home/rokey/ros2_ws/install/dsr_msgs2/include/dsr_msgs2/dsr_msgs2/msg/detail/jog_multi_axis__traits.hpp
[57.989s] -- Installing: /home/rokey/ros2_ws/install/dsr_msgs2/include/dsr_msgs2/dsr_msgs2/msg/detail/jog_multi_axis__builder.hpp
[57.989s] -- Installing: /home/rokey/ros2_ws/install/dsr_msgs2/include/dsr_msgs2/dsr_msgs2/msg/detail/speedl_rt_stream__struct.hpp
[57.989s] -- Installing: /home/rokey/ros2_ws/install/dsr_msgs2/include/dsr_msgs2/dsr_msgs2/msg/detail/speedl_stream__type_support.hpp
[57.989s] -- Installing: /home/rokey/ros2_ws/install/dsr_msgs2/include/dsr_msgs2/dsr_msgs2/msg/detail/modbus_state__struct.hpp
[57.989s] -- Installing: /home/rokey/ros2_ws/install/dsr_msgs2/include/dsr_msgs2/dsr_msgs2/msg/detail/alter_motion_stream__type_support.hpp
[57.989s] -- Installing: /home/rokey/ros2_ws/install/dsr_msgs2/include/dsr_msgs2/dsr_msgs2/msg/detail/robot_state__traits.hpp
[57.989s] -- Installing: /home/rokey/ros2_ws/install/dsr_msgs2/include/dsr_msgs2/dsr_msgs2/msg/detail/robot_stop__type_support.hpp
[57.989s] -- Installing: /home/rokey/ros2_ws/install/dsr_msgs2/include/dsr_msgs2/dsr_msgs2/msg/detail/robot_state_rt__traits.hpp
[57.989s] -- Installing: /home/rokey/ros2_ws/install/dsr_msgs2/include/dsr_msgs2/dsr_msgs2/msg/detail/log_alarm__type_support.hpp
[57.989s] -- Installing: /home/rokey/ros2_ws/install/dsr_msgs2/include/dsr_msgs2/dsr_msgs2/msg/detail/speedj_stream__traits.hpp
[57.989s] -- Installing: /home/rokey/ros2_ws/install/dsr_msgs2/include/dsr_msgs2/dsr_msgs2/msg/detail/robot_error__type_support.hpp
[57.989s] -- Installing: /home/rokey/ros2_ws/install/dsr_msgs2/include/dsr_msgs2/dsr_msgs2/msg/detail/speedl_rt_stream__traits.hpp
[57.989s] -- Installing: /home/rokey/ros2_ws/install/dsr_msgs2/include/dsr_msgs2/dsr_msgs2/msg/detail/servoj_rt_stream__builder.hpp
[57.989s] -- Installing: /home/rokey/ros2_ws/install/dsr_msgs2/include/dsr_msgs2/dsr_msgs2/msg/detail/torque_rt_stream__struct.hpp
[57.989s] -- Installing: /home/rokey/ros2_ws/install/dsr_msgs2/include/dsr_msgs2/dsr_msgs2/msg/detail/robot_stop__struct.hpp
[57.989s] -- Installing: /home/rokey/ros2_ws/install/dsr_msgs2/include/dsr_msgs2/dsr_msgs2/msg/detail/servol_stream__type_support.hpp
[57.989s] -- Installing: /home/rokey/ros2_ws/install/dsr_msgs2/include/dsr_msgs2/dsr_msgs2/msg/detail/torque_rt_stream__traits.hpp
[57.989s] -- Installing: /home/rokey/ros2_ws/install/dsr_msgs2/include/dsr_msgs2/dsr_msgs2/msg/detail/jog_multi_axis__type_support.hpp
[57.989s] -- Installing: /home/rokey/ros2_ws/install/dsr_msgs2/include/dsr_msgs2/dsr_msgs2/msg/detail/speedl_stream__builder.hpp
[57.989s] -- Installing: /home/rokey/ros2_ws/install/dsr_msgs2/include/dsr_msgs2/dsr_msgs2/msg/detail/speedj_stream__struct.hpp
[57.990s] -- Installing: /home/rokey/ros2_ws/install/dsr_msgs2/include/dsr_msgs2/dsr_msgs2/msg/detail/speedl_rt_stream__type_support.hpp
[57.990s] -- Installing: /home/rokey/ros2_ws/install/dsr_msgs2/include/dsr_msgs2/dsr_msgs2/msg/detail/servoj_stream__struct.hpp
[57.990s] -- Installing: /home/rokey/ros2_ws/install/dsr_msgs2/include/dsr_msgs2/dsr_msgs2/msg/detail/servoj_rt_stream__traits.hpp
[57.990s] -- Installing: /home/rokey/ros2_ws/install/dsr_msgs2/include/dsr_msgs2/dsr_msgs2/msg/detail/servoj_stream__traits.hpp
[57.990s] -- Installing: /home/rokey/ros2_ws/install/dsr_msgs2/include/dsr_msgs2/dsr_msgs2/msg/detail/speedj_rt_stream__type_support.hpp
[57.990s] -- Installing: /home/rokey/ros2_ws/install/dsr_msgs2/include/dsr_msgs2/dsr_msgs2/msg/detail/servol_rt_stream__struct.hpp
[57.990s] -- Installing: /home/rokey/ros2_ws/install/dsr_msgs2/include/dsr_msgs2/dsr_msgs2/msg/detail/robot_state_rt__type_support.hpp
[57.990s] -- Installing: /home/rokey/ros2_ws/install/dsr_msgs2/include/dsr_msgs2/dsr_msgs2/msg/detail/robot_state__struct.hpp
[57.990s] -- Installing: /home/rokey/ros2_ws/install/dsr_msgs2/include/dsr_msgs2/dsr_msgs2/msg/detail/speedl_stream__struct.hpp
[57.990s] -- Installing: /home/rokey/ros2_ws/install/dsr_msgs2/include/dsr_msgs2/dsr_msgs2/msg/detail/log_alarm__builder.hpp
[57.990s] -- Installing: /home/rokey/ros2_ws/install/dsr_msgs2/include/dsr_msgs2/dsr_msgs2/msg/detail/speedl_stream__traits.hpp
[57.990s] -- Installing: /home/rokey/ros2_ws/install/dsr_msgs2/include/dsr_msgs2/dsr_msgs2/msg/detail/speedl_rt_stream__builder.hpp
[57.990s] -- Installing: /home/rokey/ros2_ws/install/dsr_msgs2/include/dsr_msgs2/dsr_msgs2/msg/detail/alter_motion_stream__builder.hpp
[57.990s] -- Installing: /home/rokey/ros2_ws/install/dsr_msgs2/include/dsr_msgs2/dsr_msgs2/msg/detail/servol_rt_stream__builder.hpp
[57.990s] -- Installing: /home/rokey/ros2_ws/install/dsr_msgs2/include/dsr_msgs2/dsr_msgs2/msg/detail/modbus_state__type_support.hpp
[57.990s] -- Installing: /home/rokey/ros2_ws/install/dsr_msgs2/include/dsr_msgs2/dsr_msgs2/msg/detail/robot_state__type_support.hpp
[57.990s] -- Installing: /home/rokey/ros2_ws/install/dsr_msgs2/include/dsr_msgs2/dsr_msgs2/msg/detail/servoj_rt_stream__type_support.hpp
[57.990s] -- Installing: /home/rokey/ros2_ws/install/dsr_msgs2/include/dsr_msgs2/dsr_msgs2/msg/detail/servoj_rt_stream__struct.hpp
[57.990s] -- Installing: /home/rokey/ros2_ws/install/dsr_msgs2/include/dsr_msgs2/dsr_msgs2/msg/detail/log_alarm__traits.hpp
[57.990s] -- Installing: /home/rokey/ros2_ws/install/dsr_msgs2/include/dsr_msgs2/dsr_msgs2/msg/detail/servoj_stream__type_support.hpp
[57.990s] -- Installing: /home/rokey/ros2_ws/install/dsr_msgs2/include/dsr_msgs2/dsr_msgs2/msg/detail/robot_state_rt__builder.hpp
[57.990s] -- Installing: /home/rokey/ros2_ws/install/dsr_msgs2/include/dsr_msgs2/dsr_msgs2/msg/detail/alter_motion_stream__traits.hpp
[57.990s] -- Installing: /home/rokey/ros2_ws/install/dsr_msgs2/include/dsr_msgs2/dsr_msgs2/msg/detail/speedj_stream__type_support.hpp
[57.991s] -- Installing: /home/rokey/ros2_ws/install/dsr_msgs2/include/dsr_msgs2/dsr_msgs2/msg/detail/robot_state__builder.hpp
[57.991s] -- Installing: /home/rokey/ros2_ws/install/dsr_msgs2/include/dsr_msgs2/dsr_msgs2/msg/detail/jog_multi_axis__struct.hpp
[57.991s] -- Installing: /home/rokey/ros2_ws/install/dsr_msgs2/include/dsr_msgs2/dsr_msgs2/msg/detail/speedj_rt_stream__struct.hpp
[57.991s] -- Installing: /home/rokey/ros2_ws/install/dsr_msgs2/include/dsr_msgs2/dsr_msgs2/msg/detail/torque_rt_stream__builder.hpp
[57.991s] -- Installing: /home/rokey/ros2_ws/install/dsr_msgs2/include/dsr_msgs2/dsr_msgs2/msg/detail/robot_stop__traits.hpp
[57.991s] -- Installing: /home/rokey/ros2_ws/install/dsr_msgs2/include/dsr_msgs2/dsr_msgs2/msg/detail/torque_rt_stream__type_support.hpp
[57.991s] -- Installing: /home/rokey/ros2_ws/install/dsr_msgs2/include/dsr_msgs2/dsr_msgs2/msg/detail/servoj_stream__builder.hpp
[57.991s] -- Installing: /home/rokey/ros2_ws/install/dsr_msgs2/include/dsr_msgs2/dsr_msgs2/msg/detail/robot_error__traits.hpp
[57.991s] -- Installing: /home/rokey/ros2_ws/install/dsr_msgs2/include/dsr_msgs2/dsr_msgs2/msg/detail/log_alarm__struct.hpp
[57.991s] -- Installing: /home/rokey/ros2_ws/install/dsr_msgs2/include/dsr_msgs2/dsr_msgs2/msg/detail/robot_state_rt__struct.hpp
[57.991s] -- Installing: /home/rokey/ros2_ws/install/dsr_msgs2/include/dsr_msgs2/dsr_msgs2/msg/detail/modbus_state__traits.hpp
[57.991s] -- Installing: /home/rokey/ros2_ws/install/dsr_msgs2/include/dsr_msgs2/dsr_msgs2/msg/detail/speedj_rt_stream__builder.hpp
[57.991s] -- Installing: /home/rokey/ros2_ws/install/dsr_msgs2/include/dsr_msgs2/dsr_msgs2/msg/detail/alter_motion_stream__struct.hpp
[57.991s] -- Installing: /home/rokey/ros2_ws/install/dsr_msgs2/include/dsr_msgs2/dsr_msgs2/msg/detail/servol_rt_stream__type_support.hpp
[57.991s] -- Installing: /home/rokey/ros2_ws/install/dsr_msgs2/include/dsr_msgs2/dsr_msgs2/msg/detail/modbus_state__builder.hpp
[57.991s] -- Installing: /home/rokey/ros2_ws/install/dsr_msgs2/include/dsr_msgs2/dsr_msgs2/msg/detail/servol_rt_stream__traits.hpp
[57.991s] -- Installing: /home/rokey/ros2_ws/install/dsr_msgs2/include/dsr_msgs2/dsr_msgs2/msg/detail/servol_stream__builder.hpp
[57.991s] -- Installing: /home/rokey/ros2_ws/install/dsr_msgs2/include/dsr_msgs2/dsr_msgs2/msg/detail/speedj_stream__builder.hpp
[57.991s] -- Installing: /home/rokey/ros2_ws/install/dsr_msgs2/include/dsr_msgs2/dsr_msgs2/msg/detail/robot_stop__builder.hpp
[57.991s] -- Installing: /home/rokey/ros2_ws/install/dsr_msgs2/include/dsr_msgs2/dsr_msgs2/msg/detail/servol_stream__traits.hpp
[57.991s] -- Installing: /home/rokey/ros2_ws/install/dsr_msgs2/include/dsr_msgs2/dsr_msgs2/msg/detail/robot_error__struct.hpp
[57.991s] -- Installing: /home/rokey/ros2_ws/install/dsr_msgs2/include/dsr_msgs2/dsr_msgs2/msg/detail/servol_stream__struct.hpp
[57.991s] -- Installing: /home/rokey/ros2_ws/install/dsr_msgs2/include/dsr_msgs2/dsr_msgs2/msg/detail/robot_error__builder.hpp
[57.992s] -- Installing: /home/rokey/ros2_ws/install/dsr_msgs2/include/dsr_msgs2/dsr_msgs2/msg/robot_error.hpp
[57.992s] -- Installing: /home/rokey/ros2_ws/install/dsr_msgs2/include/dsr_msgs2/dsr_msgs2/msg/rosidl_generator_cpp__visibility_control.hpp
[57.992s] -- Installing: /home/rokey/ros2_ws/install/dsr_msgs2/include/dsr_msgs2/dsr_msgs2/msg/modbus_state.hpp
[57.992s] -- Installing: /home/rokey/ros2_ws/install/dsr_msgs2/include/dsr_msgs2/dsr_msgs2/msg/speedj_stream.hpp
[57.992s] -- Up-to-date: /home/rokey/ros2_ws/install/dsr_msgs2/include/dsr_msgs2/dsr_msgs2/srv
[57.992s] -- Installing: /home/rokey/ros2_ws/install/dsr_msgs2/include/dsr_msgs2/dsr_msgs2/srv/get_control_space.hpp
[57.992s] -- Installing: /home/rokey/ros2_ws/install/dsr_msgs2/include/dsr_msgs2/dsr_msgs2/srv/set_rt_control_input.hpp
[57.992s] -- Installing: /home/rokey/ros2_ws/install/dsr_msgs2/include/dsr_msgs2/dsr_msgs2/srv/move_blending.hpp
[57.992s] -- Installing: /home/rokey/ros2_ws/install/dsr_msgs2/include/dsr_msgs2/dsr_msgs2/srv/set_velj_rt.hpp
[57.992s] -- Installing: /home/rokey/ros2_ws/install/dsr_msgs2/include/dsr_msgs2/dsr_msgs2/srv/set_user_cart_coord1.hpp
[57.992s] -- Installing: /home/rokey/ros2_ws/install/dsr_msgs2/include/dsr_msgs2/dsr_msgs2/srv/set_rt_control_output.hpp
[57.992s] -- Installing: /home/rokey/ros2_ws/install/dsr_msgs2/include/dsr_msgs2/dsr_msgs2/srv/connect_rt_control.hpp
[57.992s] -- Installing: /home/rokey/ros2_ws/install/dsr_msgs2/include/dsr_msgs2/dsr_msgs2/srv/config_delete_tool.hpp
[57.992s] -- Installing: /home/rokey/ros2_ws/install/dsr_msgs2/include/dsr_msgs2/dsr_msgs2/srv/get_tool_digital_input.hpp
[57.992s] -- Installing: /home/rokey/ros2_ws/install/dsr_msgs2/include/dsr_msgs2/dsr_msgs2/srv/move_joint.hpp
[57.992s] -- Installing: /home/rokey/ros2_ws/install/dsr_msgs2/include/dsr_msgs2/dsr_msgs2/srv/ikin.hpp
[57.992s] -- Installing: /home/rokey/ros2_ws/install/dsr_msgs2/include/dsr_msgs2/dsr_msgs2/srv/disconnect_rt_control.hpp
[57.992s] -- Installing: /home/rokey/ros2_ws/install/dsr_msgs2/include/dsr_msgs2/dsr_msgs2/srv/servo_off.hpp
[57.992s] -- Installing: /home/rokey/ros2_ws/install/dsr_msgs2/include/dsr_msgs2/dsr_msgs2/srv/write_data_rt.hpp
[57.992s] -- Installing: /home/rokey/ros2_ws/install/dsr_msgs2/include/dsr_msgs2/dsr_msgs2/srv/get_joint_torque.hpp
[57.992s] -- Installing: /home/rokey/ros2_ws/install/dsr_msgs2/include/dsr_msgs2/dsr_msgs2/srv/is_done_bolt_tightening.hpp
[57.992s] -- Installing: /home/rokey/ros2_ws/install/dsr_msgs2/include/dsr_msgs2/dsr_msgs2/srv/get_current_tool.hpp
[57.992s] -- Installing: /home/rokey/ros2_ws/install/dsr_msgs2/include/dsr_msgs2/dsr_msgs2/srv/trans.hpp
[57.993s] -- Installing: /home/rokey/ros2_ws/install/dsr_msgs2/include/dsr_msgs2/dsr_msgs2/srv/get_tool_force.hpp
[57.993s] -- Installing: /home/rokey/ros2_ws/install/dsr_msgs2/include/dsr_msgs2/dsr_msgs2/srv/set_user_cart_coord2.hpp
[57.993s] -- Installing: /home/rokey/ros2_ws/install/dsr_msgs2/include/dsr_msgs2/dsr_msgs2/srv/move_jointx.hpp
[57.993s] -- Installing: /home/rokey/ros2_ws/install/dsr_msgs2/include/dsr_msgs2/dsr_msgs2/srv/get_workpiece_weight.hpp
[57.993s] -- Installing: /home/rokey/ros2_ws/install/dsr_msgs2/include/dsr_msgs2/dsr_msgs2/srv/get_ctrl_box_digital_input.hpp
[57.993s] -- Installing: /home/rokey/ros2_ws/install/dsr_msgs2/include/dsr_msgs2/dsr_msgs2/srv/get_robot_state.hpp
[57.993s] -- Installing: /home/rokey/ros2_ws/install/dsr_msgs2/include/dsr_msgs2/dsr_msgs2/srv/disable_alter_motion.hpp
[57.993s] -- Installing: /home/rokey/ros2_ws/install/dsr_msgs2/include/dsr_msgs2/dsr_msgs2/srv/alter_motion.hpp
[57.993s] -- Installing: /home/rokey/ros2_ws/install/dsr_msgs2/include/dsr_msgs2/dsr_msgs2/srv/stop_rt_control.hpp
[57.993s] -- Installing: /home/rokey/ros2_ws/install/dsr_msgs2/include/dsr_msgs2/dsr_msgs2/srv/set_robot_speed_mode.hpp
[57.993s] -- Installing: /home/rokey/ros2_ws/install/dsr_msgs2/include/dsr_msgs2/dsr_msgs2/srv/jog_multi.hpp
[57.993s] -- Installing: /home/rokey/ros2_ws/install/dsr_msgs2/include/dsr_msgs2/dsr_msgs2/srv/enable_alter_motion.hpp
[57.993s] -- Installing: /home/rokey/ros2_ws/install/dsr_msgs2/include/dsr_msgs2/dsr_msgs2/srv/get_control_mode.hpp
[57.993s] -- Installing: /home/rokey/ros2_ws/install/dsr_msgs2/include/dsr_msgs2/dsr_msgs2/srv/get_robot_mode.hpp
[57.993s] -- Installing: /home/rokey/ros2_ws/install/dsr_msgs2/include/dsr_msgs2/dsr_msgs2/srv/move_periodic.hpp
[57.993s] -- Installing: /home/rokey/ros2_ws/install/dsr_msgs2/include/dsr_msgs2/dsr_msgs2/srv/align_axis1.hpp
[57.993s] -- Installing: /home/rokey/ros2_ws/install/dsr_msgs2/include/dsr_msgs2/dsr_msgs2/srv/get_robot_system.hpp
[57.993s] -- Installing: /home/rokey/ros2_ws/install/dsr_msgs2/include/dsr_msgs2/dsr_msgs2/srv/get_desired_velj.hpp
[57.993s] -- Installing: /home/rokey/ros2_ws/install/dsr_msgs2/include/dsr_msgs2/dsr_msgs2/srv/set_velx_rt.hpp
[57.993s] -- Installing: /home/rokey/ros2_ws/install/dsr_msgs2/include/dsr_msgs2/dsr_msgs2/srv/get_orientation_error.hpp
[57.993s] -- Installing: /home/rokey/ros2_ws/install/dsr_msgs2/include/dsr_msgs2/dsr_msgs2/srv/get_rt_control_output_data_list.hpp
[57.993s] -- Installing: /home/rokey/ros2_ws/install/dsr_msgs2/include/dsr_msgs2/dsr_msgs2/srv/robotiq2_f_open.hpp
[57.994s] -- Installing: /home/rokey/ros2_ws/install/dsr_msgs2/include/dsr_msgs2/dsr_msgs2/srv/get_current_posx.hpp
[57.994s] -- Installing: /home/rokey/ros2_ws/install/dsr_msgs2/include/dsr_msgs2/dsr_msgs2/srv/move_spline_task.hpp
[57.994s] -- Installing: /home/rokey/ros2_ws/install/dsr_msgs2/include/dsr_msgs2/dsr_msgs2/srv/drl_stop.hpp
[57.994s] -- Installing: /home/rokey/ros2_ws/install/dsr_msgs2/include/dsr_msgs2/dsr_msgs2/srv/jog.hpp
[57.994s] -- Installing: /home/rokey/ros2_ws/install/dsr_msgs2/include/dsr_msgs2/dsr_msgs2/srv/get_solution_space.hpp
[57.994s] -- Installing: /home/rokey/ros2_ws/install/dsr_msgs2/include/dsr_msgs2/dsr_msgs2/srv/parallel_axis2.hpp
[57.994s] -- Installing: /home/rokey/ros2_ws/install/dsr_msgs2/include/dsr_msgs2/dsr_msgs2/srv/check_orientation_condition2.hpp
[57.994s] -- Installing: /home/rokey/ros2_ws/install/dsr_msgs2/include/dsr_msgs2/dsr_msgs2/srv/set_robot_mode.hpp
[57.994s] -- Installing: /home/rokey/ros2_ws/install/dsr_msgs2/include/dsr_msgs2/dsr_msgs2/srv/set_accx_rt.hpp
[57.994s] -- Installing: /home/rokey/ros2_ws/install/dsr_msgs2/include/dsr_msgs2/dsr_msgs2/srv/get_desired_posx.hpp
[57.994s] -- Installing: /home/rokey/ros2_ws/install/dsr_msgs2/include/dsr_msgs2/dsr_msgs2/srv/move_wait.hpp
[57.994s] -- Installing: /home/rokey/ros2_ws/install/dsr_msgs2/include/dsr_msgs2/dsr_msgs2/srv/set_robot_system.hpp
[57.994s] -- Installing: /home/rokey/ros2_ws/install/dsr_msgs2/include/dsr_msgs2/dsr_msgs2/srv/coord_transform.hpp
[57.994s] -- Installing: /home/rokey/ros2_ws/install/dsr_msgs2/include/dsr_msgs2/dsr_msgs2/srv/serial_send_data.hpp
[57.994s] -- Installing: /home/rokey/ros2_ws/install/dsr_msgs2/include/dsr_msgs2/dsr_msgs2/srv/get_robot_speed_mode.hpp
[57.994s] -- Installing: /home/rokey/ros2_ws/install/dsr_msgs2/include/dsr_msgs2/dsr_msgs2/srv/check_motion.hpp
[57.994s] -- Installing: /home/rokey/ros2_ws/install/dsr_msgs2/include/dsr_msgs2/dsr_msgs2/srv/release_compliance_ctrl.hpp
[57.994s] -- Installing: /home/rokey/ros2_ws/install/dsr_msgs2/include/dsr_msgs2/dsr_msgs2/srv/get_tool_digital_output.hpp
[57.994s] -- Installing: /home/rokey/ros2_ws/install/dsr_msgs2/include/dsr_msgs2/dsr_msgs2/srv/move_spiral.hpp
[57.994s] -- Installing: /home/rokey/ros2_ws/install/dsr_msgs2/include/dsr_msgs2/dsr_msgs2/srv/set_ctrl_box_analog_output.hpp
[57.994s] -- Installing: /home/rokey/ros2_ws/install/dsr_msgs2/include/dsr_msgs2/dsr_msgs2/srv/get_user_cart_coord.hpp
[57.994s] -- Installing: /home/rokey/ros2_ws/install/dsr_msgs2/include/dsr_msgs2/dsr_msgs2/srv/set_ref_coord.hpp
[57.994s] -- Installing: /home/rokey/ros2_ws/install/dsr_msgs2/include/dsr_msgs2/dsr_msgs2/srv/set_modbus_output.hpp
[57.995s] -- Installing: /home/rokey/ros2_ws/install/dsr_msgs2/include/dsr_msgs2/dsr_msgs2/srv/move_line.hpp
[57.995s] -- Installing: /home/rokey/ros2_ws/install/dsr_msgs2/include/dsr_msgs2/dsr_msgs2/srv/config_delete_modbus.hpp
[57.995s] -- Installing: /home/rokey/ros2_ws/install/dsr_msgs2/include/dsr_msgs2/dsr_msgs2/srv/robotiq2_f_close.hpp
[57.995s] -- Installing: /home/rokey/ros2_ws/install/dsr_msgs2/include/dsr_msgs2/dsr_msgs2/srv/get_modbus_input.hpp
[57.995s] -- Installing: /home/rokey/ros2_ws/install/dsr_msgs2/include/dsr_msgs2/dsr_msgs2/srv/move_circle.hpp
[57.995s] -- Installing: /home/rokey/ros2_ws/install/dsr_msgs2/include/dsr_msgs2/dsr_msgs2/srv/get_current_solution_space.hpp
[57.995s] -- Installing: /home/rokey/ros2_ws/install/dsr_msgs2/include/dsr_msgs2/dsr_msgs2/srv/align_axis2.hpp
[57.995s] -- Installing: /home/rokey/ros2_ws/install/dsr_msgs2/include/dsr_msgs2/dsr_msgs2/srv/drl_resume.hpp
[57.995s] -- Installing: /home/rokey/ros2_ws/install/dsr_msgs2/include/dsr_msgs2/dsr_msgs2/srv/get_rt_control_input_data_list.hpp
[57.995s] -- Installing: /home/rokey/ros2_ws/install/dsr_msgs2/include/dsr_msgs2/dsr_msgs2/srv/check_position_condition.hpp
[57.995s] -- Installing: /home/rokey/ros2_ws/install/dsr_msgs2/include/dsr_msgs2/dsr_msgs2/srv/task_compliance_ctrl.hpp
[57.995s] -- Installing: /home/rokey/ros2_ws/install/dsr_msgs2/include/dsr_msgs2/dsr_msgs2/srv/read_data_rt.hpp
[57.995s] -- Installing: /home/rokey/ros2_ws/install/dsr_msgs2/include/dsr_msgs2/dsr_msgs2/srv/set_ctrl_box_analog_input_type.hpp
[57.995s] -- Installing: /home/rokey/ros2_ws/install/dsr_msgs2/include/dsr_msgs2/dsr_msgs2/srv/get_current_tcp.hpp
[57.995s] -- Installing: /home/rokey/ros2_ws/install/dsr_msgs2/include/dsr_msgs2/dsr_msgs2/srv/get_current_posj.hpp
[57.995s] -- Installing: /home/rokey/ros2_ws/install/dsr_msgs2/include/dsr_msgs2/dsr_msgs2/srv/overwrite_user_cart_coord.hpp
[57.995s] -- Installing: /home/rokey/ros2_ws/install/dsr_msgs2/include/dsr_msgs2/dsr_msgs2/srv/get_current_velx.hpp
[57.995s] -- Installing: /home/rokey/ros2_ws/install/dsr_msgs2/include/dsr_msgs2/dsr_msgs2/srv/move_home.hpp
[57.995s] -- Installing: /home/rokey/ros2_ws/install/dsr_msgs2/include/dsr_msgs2/dsr_msgs2/srv/set_current_tool.hpp
[57.995s] -- Installing: /home/rokey/ros2_ws/install/dsr_msgs2/include/dsr_msgs2/dsr_msgs2/srv/set_current_tcp.hpp
[57.995s] -- Installing: /home/rokey/ros2_ws/install/dsr_msgs2/include/dsr_msgs2/dsr_msgs2/srv/check_force_condition.hpp
[57.995s] -- Installing: /home/rokey/ros2_ws/install/dsr_msgs2/include/dsr_msgs2/dsr_msgs2/srv/set_accj_rt.hpp
[57.995s] -- Installing: /home/rokey/ros2_ws/install/dsr_msgs2/include/dsr_msgs2/dsr_msgs2/srv/move_pause.hpp
[57.995s] -- Installing: /home/rokey/ros2_ws/install/dsr_msgs2/include/dsr_msgs2/dsr_msgs2/srv/get_desired_velx.hpp
[57.996s] -- Installing: /home/rokey/ros2_ws/install/dsr_msgs2/include/dsr_msgs2/dsr_msgs2/srv/change_operation_speed.hpp
[57.996s] -- Installing: /home/rokey/ros2_ws/install/dsr_msgs2/include/dsr_msgs2/dsr_msgs2/srv/get_ctrl_box_analog_input.hpp
[57.996s] -- Installing: /home/rokey/ros2_ws/install/dsr_msgs2/include/dsr_msgs2/dsr_msgs2/srv/set_tool_digital_output.hpp
[57.996s] -- Installing: /home/rokey/ros2_ws/install/dsr_msgs2/include/dsr_msgs2/dsr_msgs2/srv/set_singularity_handling.hpp
[57.996s] -- Installing: /home/rokey/ros2_ws/install/dsr_msgs2/include/dsr_msgs2/dsr_msgs2/srv/move_spline_joint.hpp
[57.996s] -- Installing: /home/rokey/ros2_ws/install/dsr_msgs2/include/dsr_msgs2/dsr_msgs2/srv/set_safe_stop_reset_type.hpp
[57.996s] -- Installing: /home/rokey/ros2_ws/install/dsr_msgs2/include/dsr_msgs2/dsr_msgs2/srv/get_ctrl_box_digital_output.hpp
[57.996s] -- Installing: /home/rokey/ros2_ws/install/dsr_msgs2/include/dsr_msgs2/dsr_msgs2/srv/change_collision_sensitivity.hpp
[57.996s] -- Installing: /home/rokey/ros2_ws/install/dsr_msgs2/include/dsr_msgs2/dsr_msgs2/srv/set_tool_shape.hpp
[57.996s] -- Installing: /home/rokey/ros2_ws/install/dsr_msgs2/include/dsr_msgs2/dsr_msgs2/srv/get_current_tool_flange_posx.hpp
[57.996s] -- Installing: /home/rokey/ros2_ws/install/dsr_msgs2/include/dsr_msgs2/dsr_msgs2/srv/get_external_torque.hpp
[57.996s] -- Installing: /home/rokey/ros2_ws/install/dsr_msgs2/include/dsr_msgs2/dsr_msgs2/srv/get_current_pose.hpp
[57.996s] -- Installing: /home/rokey/ros2_ws/install/dsr_msgs2/include/dsr_msgs2/dsr_msgs2/srv/set_robot_control.hpp
[57.996s] -- Installing: /home/rokey/ros2_ws/install/dsr_msgs2/include/dsr_msgs2/dsr_msgs2/srv/reset_workpiece_weight.hpp
[57.996s] -- Installing: /home/rokey/ros2_ws/install/dsr_msgs2/include/dsr_msgs2/dsr_msgs2/srv/set_safety_mode.hpp
[57.996s] -- Installing: /home/rokey/ros2_ws/install/dsr_msgs2/include/dsr_msgs2/dsr_msgs2/srv/robotiq2_f_move.hpp
[57.996s] -- Installing: /home/rokey/ros2_ws/install/dsr_msgs2/include/dsr_msgs2/dsr_msgs2/srv/parallel_axis1.hpp
[57.996s] -- Installing: /home/rokey/ros2_ws/install/dsr_msgs2/include/dsr_msgs2/dsr_msgs2/srv/get_last_alarm.hpp
[57.996s] -- Installing: /home/rokey/ros2_ws/install/dsr_msgs2/include/dsr_msgs2/dsr_msgs2/srv/start_rt_control.hpp
[57.996s] -- Installing: /home/rokey/ros2_ws/install/dsr_msgs2/include/dsr_msgs2/dsr_msgs2/srv/get_rt_control_output_version_list.hpp
[57.996s] -- Installing: /home/rokey/ros2_ws/install/dsr_msgs2/include/dsr_msgs2/dsr_msgs2/srv/release_force.hpp
[57.996s] -- Installing: /home/rokey/ros2_ws/install/dsr_msgs2/include/dsr_msgs2/dsr_msgs2/srv/drl_pause.hpp
[57.996s] -- Installing: /home/rokey/ros2_ws/install/dsr_msgs2/include/dsr_msgs2/dsr_msgs2/srv/config_create_tcp.hpp
[57.997s] -- Installing: /home/rokey/ros2_ws/install/dsr_msgs2/include/dsr_msgs2/dsr_msgs2/srv/set_user_cart_coord3.hpp
[57.997s] -- Installing: /home/rokey/ros2_ws/install/dsr_msgs2/include/dsr_msgs2/dsr_msgs2/srv/move_stop.hpp
[57.997s] -- Up-to-date: /home/rokey/ros2_ws/install/dsr_msgs2/include/dsr_msgs2/dsr_msgs2/srv/detail
[57.997s] -- Installing: /home/rokey/ros2_ws/install/dsr_msgs2/include/dsr_msgs2/dsr_msgs2/srv/detail/task_compliance_ctrl__struct.hpp
[57.997s] -- Installing: /home/rokey/ros2_ws/install/dsr_msgs2/include/dsr_msgs2/dsr_msgs2/srv/detail/check_orientation_condition2__type_support.hpp
[57.997s] -- Installing: /home/rokey/ros2_ws/install/dsr_msgs2/include/dsr_msgs2/dsr_msgs2/srv/detail/robotiq2_f_close__type_support.hpp
[57.997s] -- Installing: /home/rokey/ros2_ws/install/dsr_msgs2/include/dsr_msgs2/dsr_msgs2/srv/detail/get_user_cart_coord__type_support.hpp
[57.997s] -- Installing: /home/rokey/ros2_ws/install/dsr_msgs2/include/dsr_msgs2/dsr_msgs2/srv/detail/jog_multi__type_support.hpp
[57.997s] -- Installing: /home/rokey/ros2_ws/install/dsr_msgs2/include/dsr_msgs2/dsr_msgs2/srv/detail/set_accx_rt__struct.hpp
[57.997s] -- Installing: /home/rokey/ros2_ws/install/dsr_msgs2/include/dsr_msgs2/dsr_msgs2/srv/detail/get_robot_speed_mode__traits.hpp
[57.997s] -- Installing: /home/rokey/ros2_ws/install/dsr_msgs2/include/dsr_msgs2/dsr_msgs2/srv/detail/set_robot_mode__type_support.hpp
[57.997s] -- Installing: /home/rokey/ros2_ws/install/dsr_msgs2/include/dsr_msgs2/dsr_msgs2/srv/detail/is_done_bolt_tightening__struct.hpp
[57.997s] -- Installing: /home/rokey/ros2_ws/install/dsr_msgs2/include/dsr_msgs2/dsr_msgs2/srv/detail/set_ctrl_box_analog_output__builder.hpp
[57.997s] -- Installing: /home/rokey/ros2_ws/install/dsr_msgs2/include/dsr_msgs2/dsr_msgs2/srv/detail/align_axis1__builder.hpp
[57.997s] -- Installing: /home/rokey/ros2_ws/install/dsr_msgs2/include/dsr_msgs2/dsr_msgs2/srv/detail/drl_resume__type_support.hpp
[57.997s] -- Installing: /home/rokey/ros2_ws/install/dsr_msgs2/include/dsr_msgs2/dsr_msgs2/srv/detail/jog__type_support.hpp
[57.997s] -- Installing: /home/rokey/ros2_ws/install/dsr_msgs2/include/dsr_msgs2/dsr_msgs2/srv/detail/get_ctrl_box_analog_input__type_support.hpp
[57.997s] -- Installing: /home/rokey/ros2_ws/install/dsr_msgs2/include/dsr_msgs2/dsr_msgs2/srv/detail/get_current_pose__builder.hpp
[57.997s] -- Installing: /home/rokey/ros2_ws/install/dsr_msgs2/include/dsr_msgs2/dsr_msgs2/srv/detail/move_spline_task__type_support.hpp
[57.997s] -- Installing: /home/rokey/ros2_ws/install/dsr_msgs2/include/dsr_msgs2/dsr_msgs2/srv/detail/move_spline_task__traits.hpp
[57.998s] -- Installing: /home/rokey/ros2_ws/install/dsr_msgs2/include/dsr_msgs2/dsr_msgs2/srv/detail/release_force__builder.hpp
[57.998s] -- Installing: /home/rokey/ros2_ws/install/dsr_msgs2/include/dsr_msgs2/dsr_msgs2/srv/detail/set_accj_rt__struct.hpp
[57.998s] -- Installing: /home/rokey/ros2_ws/install/dsr_msgs2/include/dsr_msgs2/dsr_msgs2/srv/detail/get_control_space__struct.hpp
[57.998s] -- Installing: /home/rokey/ros2_ws/install/dsr_msgs2/include/dsr_msgs2/dsr_msgs2/srv/detail/task_compliance_ctrl__traits.hpp
[57.998s] -- Installing: /home/rokey/ros2_ws/install/dsr_msgs2/include/dsr_msgs2/dsr_msgs2/srv/detail/get_last_alarm__builder.hpp
[57.998s] -- Installing: /home/rokey/ros2_ws/install/dsr_msgs2/include/dsr_msgs2/dsr_msgs2/srv/detail/get_solution_space__type_support.hpp
[57.998s] -- Installing: /home/rokey/ros2_ws/install/dsr_msgs2/include/dsr_msgs2/dsr_msgs2/srv/detail/config_create_tool__type_support.hpp
[57.998s] -- Installing: /home/rokey/ros2_ws/install/dsr_msgs2/include/dsr_msgs2/dsr_msgs2/srv/detail/move_resume__struct.hpp
[57.998s] -- Installing: /home/rokey/ros2_ws/install/dsr_msgs2/include/dsr_msgs2/dsr_msgs2/srv/detail/set_safe_stop_reset_type__type_support.hpp
[57.998s] -- Installing: /home/rokey/ros2_ws/install/dsr_msgs2/include/dsr_msgs2/dsr_msgs2/srv/detail/set_current_tcp__type_support.hpp
[57.998s] -- Installing: /home/rokey/ros2_ws/install/dsr_msgs2/include/dsr_msgs2/dsr_msgs2/srv/detail/check_position_condition__builder.hpp
[57.998s] -- Installing: /home/rokey/ros2_ws/install/dsr_msgs2/include/dsr_msgs2/dsr_msgs2/srv/detail/drl_stop__traits.hpp
[57.998s] -- Installing: /home/rokey/ros2_ws/install/dsr_msgs2/include/dsr_msgs2/dsr_msgs2/srv/detail/get_control_mode__builder.hpp
[57.998s] -- Installing: /home/rokey/ros2_ws/install/dsr_msgs2/include/dsr_msgs2/dsr_msgs2/srv/detail/align_axis2__builder.hpp
[57.998s] -- Installing: /home/rokey/ros2_ws/install/dsr_msgs2/include/dsr_msgs2/dsr_msgs2/srv/detail/set_safe_stop_reset_type__traits.hpp
[57.998s] -- Installing: /home/rokey/ros2_ws/install/dsr_msgs2/include/dsr_msgs2/dsr_msgs2/srv/detail/get_modbus_input__builder.hpp
[57.998s] -- Installing: /home/rokey/ros2_ws/install/dsr_msgs2/include/dsr_msgs2/dsr_msgs2/srv/detail/get_rt_control_output_data_list__builder.hpp
[57.998s] -- Installing: /home/rokey/ros2_ws/install/dsr_msgs2/include/dsr_msgs2/dsr_msgs2/srv/detail/set_robot_speed_mode__struct.hpp
[57.998s] -- Installing: /home/rokey/ros2_ws/install/dsr_msgs2/include/dsr_msgs2/dsr_msgs2/srv/detail/move_circle__type_support.hpp
[57.998s] -- Installing: /home/rokey/ros2_ws/install/dsr_msgs2/include/dsr_msgs2/dsr_msgs2/srv/detail/release_force__traits.hpp
[57.998s] -- Installing: /home/rokey/ros2_ws/install/dsr_msgs2/include/dsr_msgs2/dsr_msgs2/srv/detail/serial_send_data__struct.hpp
[57.998s] -- Installing: /home/rokey/ros2_ws/install/dsr_msgs2/include/dsr_msgs2/dsr_msgs2/srv/detail/robotiq2_f_move__type_support.hpp
[57.999s] -- Installing: /home/rokey/ros2_ws/install/dsr_msgs2/include/dsr_msgs2/dsr_msgs2/srv/detail/overwrite_user_cart_coord__traits.hpp
[57.999s] -- Installing: /home/rokey/ros2_ws/install/dsr_msgs2/include/dsr_msgs2/dsr_msgs2/srv/detail/get_external_torque__struct.hpp
[57.999s] -- Installing: /home/rokey/ros2_ws/install/dsr_msgs2/include/dsr_msgs2/dsr_msgs2/srv/detail/get_desired_velj__builder.hpp
[57.999s] -- Installing: /home/rokey/ros2_ws/install/dsr_msgs2/include/dsr_msgs2/dsr_msgs2/srv/detail/is_done_bolt_tightening__traits.hpp
[57.999s] -- Installing: /home/rokey/ros2_ws/install/dsr_msgs2/include/dsr_msgs2/dsr_msgs2/srv/detail/enable_alter_motion__builder.hpp
[57.999s] -- Installing: /home/rokey/ros2_ws/install/dsr_msgs2/include/dsr_msgs2/dsr_msgs2/srv/detail/set_accj_rt__traits.hpp
[57.999s] -- Installing: /home/rokey/ros2_ws/install/dsr_msgs2/include/dsr_msgs2/dsr_msgs2/srv/detail/set_tool_shape__builder.hpp
[57.999s] -- Installing: /home/rokey/ros2_ws/install/dsr_msgs2/include/dsr_msgs2/dsr_msgs2/srv/detail/check_orientation_condition1__struct.hpp
[57.999s] -- Installing: /home/rokey/ros2_ws/install/dsr_msgs2/include/dsr_msgs2/dsr_msgs2/srv/detail/get_desired_velj__type_support.hpp
[57.999s] -- Installing: /home/rokey/ros2_ws/install/dsr_msgs2/include/dsr_msgs2/dsr_msgs2/srv/detail/config_delete_tool__type_support.hpp
[57.999s] -- Installing: /home/rokey/ros2_ws/install/dsr_msgs2/include/dsr_msgs2/dsr_msgs2/srv/detail/check_force_condition__builder.hpp
[57.999s] -- Installing: /home/rokey/ros2_ws/install/dsr_msgs2/include/dsr_msgs2/dsr_msgs2/srv/detail/set_singularity_handling__struct.hpp
[57.999s] -- Installing: /home/rokey/ros2_ws/install/dsr_msgs2/include/dsr_msgs2/dsr_msgs2/srv/detail/calc_coord__traits.hpp
[57.999s] -- Installing: /home/rokey/ros2_ws/install/dsr_msgs2/include/dsr_msgs2/dsr_msgs2/srv/detail/coord_transform__builder.hpp
[57.999s] -- Installing: /home/rokey/ros2_ws/install/dsr_msgs2/include/dsr_msgs2/dsr_msgs2/srv/detail/move_resume__builder.hpp
[57.999s] -- Installing: /home/rokey/ros2_ws/install/dsr_msgs2/include/dsr_msgs2/dsr_msgs2/srv/detail/config_create_modbus__type_support.hpp
[57.999s] -- Installing: /home/rokey/ros2_ws/install/dsr_msgs2/include/dsr_msgs2/dsr_msgs2/srv/detail/get_current_tcp__builder.hpp
[57.999s] -- Installing: /home/rokey/ros2_ws/install/dsr_msgs2/include/dsr_msgs2/dsr_msgs2/srv/detail/release_compliance_ctrl__type_support.hpp
[57.999s] -- Installing: /home/rokey/ros2_ws/install/dsr_msgs2/include/dsr_msgs2/dsr_msgs2/srv/detail/task_compliance_ctrl__builder.hpp
[57.999s] -- Installing: /home/rokey/ros2_ws/install/dsr_msgs2/include/dsr_msgs2/dsr_msgs2/srv/detail/get_rt_control_input_version_list__struct.hpp
[57.999s] -- Installing: /home/rokey/ros2_ws/install/dsr_msgs2/include/dsr_msgs2/dsr_msgs2/srv/detail/get_robot_state__traits.hpp
[57.999s] -- Installing: /home/rokey/ros2_ws/install/dsr_msgs2/include/dsr_msgs2/dsr_msgs2/srv/detail/get_current_velx__builder.hpp
[57.999s] -- Installing: /home/rokey/ros2_ws/install/dsr_msgs2/include/dsr_msgs2/dsr_msgs2/srv/detail/servo_off__traits.hpp
[57.999s] -- Installing: /home/rokey/ros2_ws/install/dsr_msgs2/include/dsr_msgs2/dsr_msgs2/srv/detail/check_motion__builder.hpp
[58.000s] -- Installing: /home/rokey/ros2_ws/install/dsr_msgs2/include/dsr_msgs2/dsr_msgs2/srv/detail/fkin__type_support.hpp
[58.000s] -- Installing: /home/rokey/ros2_ws/install/dsr_msgs2/include/dsr_msgs2/dsr_msgs2/srv/detail/get_rt_control_output_data_list__type_support.hpp
[58.000s] -- Installing: /home/rokey/ros2_ws/install/dsr_msgs2/include/dsr_msgs2/dsr_msgs2/srv/detail/move_jointx__traits.hpp
[58.000s] -- Installing: /home/rokey/ros2_ws/install/dsr_msgs2/include/dsr_msgs2/dsr_msgs2/srv/detail/set_ctrl_box_analog_input_type__type_support.hpp
[58.000s] -- Installing: /home/rokey/ros2_ws/install/dsr_msgs2/include/dsr_msgs2/dsr_msgs2/srv/detail/check_orientation_condition2__struct.hpp
[58.000s] -- Installing: /home/rokey/ros2_ws/install/dsr_msgs2/include/dsr_msgs2/dsr_msgs2/srv/detail/set_ctrl_box_digital_output__traits.hpp
[58.000s] -- Installing: /home/rokey/ros2_ws/install/dsr_msgs2/include/dsr_msgs2/dsr_msgs2/srv/detail/move_joint__builder.hpp
[58.000s] -- Installing: /home/rokey/ros2_ws/install/dsr_msgs2/include/dsr_msgs2/dsr_msgs2/srv/detail/robotiq2_f_open__builder.hpp
[58.000s] -- Installing: /home/rokey/ros2_ws/install/dsr_msgs2/include/dsr_msgs2/dsr_msgs2/srv/detail/fkin__builder.hpp
[58.000s] -- Installing: /home/rokey/ros2_ws/install/dsr_msgs2/include/dsr_msgs2/dsr_msgs2/srv/detail/set_desired_force__type_support.hpp
[58.000s] -- Installing: /home/rokey/ros2_ws/install/dsr_msgs2/include/dsr_msgs2/dsr_msgs2/srv/detail/read_data_rt__traits.hpp
[58.000s] -- Installing: /home/rokey/ros2_ws/install/dsr_msgs2/include/dsr_msgs2/dsr_msgs2/srv/detail/release_compliance_ctrl__builder.hpp
[58.000s] -- Installing: /home/rokey/ros2_ws/install/dsr_msgs2/include/dsr_msgs2/dsr_msgs2/srv/detail/set_ctrl_box_analog_output__traits.hpp
[58.000s] -- Installing: /home/rokey/ros2_ws/install/dsr_msgs2/include/dsr_msgs2/dsr_msgs2/srv/detail/set_stiffnessx__builder.hpp
[58.000s] -- Installing: /home/rokey/ros2_ws/install/dsr_msgs2/include/dsr_msgs2/dsr_msgs2/srv/detail/drl_resume__struct.hpp
[58.000s] -- Installing: /home/rokey/ros2_ws/install/dsr_msgs2/include/dsr_msgs2/dsr_msgs2/srv/detail/config_delete_modbus__traits.hpp
[58.000s] -- Installing: /home/rokey/ros2_ws/install/dsr_msgs2/include/dsr_msgs2/dsr_msgs2/srv/detail/get_modbus_input__traits.hpp
[58.000s] -- Installing: /home/rokey/ros2_ws/install/dsr_msgs2/include/dsr_msgs2/dsr_msgs2/srv/detail/get_robot_state__struct.hpp
[58.000s] -- Installing: /home/rokey/ros2_ws/install/dsr_msgs2/include/dsr_msgs2/dsr_msgs2/srv/detail/set_desired_force__builder.hpp
[58.000s] -- Installing: /home/rokey/ros2_ws/install/dsr_msgs2/include/dsr_msgs2/dsr_msgs2/srv/detail/move_resume__type_support.hpp
[58.000s] -- Installing: /home/rokey/ros2_ws/install/dsr_msgs2/include/dsr_msgs2/dsr_msgs2/srv/detail/set_tool_shape__traits.hpp
[58.000s] -- Installing: /home/rokey/ros2_ws/install/dsr_msgs2/include/dsr_msgs2/dsr_msgs2/srv/detail/get_rt_control_input_data_list__type_support.hpp
[58.001s] -- Installing: /home/rokey/ros2_ws/install/dsr_msgs2/include/dsr_msgs2/dsr_msgs2/srv/detail/get_tool_digital_input__traits.hpp
[58.001s] -- Installing: /home/rokey/ros2_ws/install/dsr_msgs2/include/dsr_msgs2/dsr_msgs2/srv/detail/move_wait__type_support.hpp
[58.001s] -- Installing: /home/rokey/ros2_ws/install/dsr_msgs2/include/dsr_msgs2/dsr_msgs2/srv/detail/move_wait__traits.hpp
[58.001s] -- Installing: /home/rokey/ros2_ws/install/dsr_msgs2/include/dsr_msgs2/dsr_msgs2/srv/detail/check_position_condition__struct.hpp
[58.001s] -- Installing: /home/rokey/ros2_ws/install/dsr_msgs2/include/dsr_msgs2/dsr_msgs2/srv/detail/get_desired_posj__builder.hpp
[58.001s] -- Installing: /home/rokey/ros2_ws/install/dsr_msgs2/include/dsr_msgs2/dsr_msgs2/srv/detail/set_user_cart_coord3__traits.hpp
[58.001s] -- Installing: /home/rokey/ros2_ws/install/dsr_msgs2/include/dsr_msgs2/dsr_msgs2/srv/detail/get_tool_force__struct.hpp
[58.001s] -- Installing: /home/rokey/ros2_ws/install/dsr_msgs2/include/dsr_msgs2/dsr_msgs2/srv/detail/set_rt_control_output__type_support.hpp
[58.001s] -- Installing: /home/rokey/ros2_ws/install/dsr_msgs2/include/dsr_msgs2/dsr_msgs2/srv/detail/get_tool_digital_output__traits.hpp
[58.001s] -- Installing: /home/rokey/ros2_ws/install/dsr_msgs2/include/dsr_msgs2/dsr_msgs2/srv/detail/set_accx_rt__traits.hpp
[58.001s] -- Installing: /home/rokey/ros2_ws/install/dsr_msgs2/include/dsr_msgs2/dsr_msgs2/srv/detail/set_user_cart_coord3__type_support.hpp
[58.001s] -- Installing: /home/rokey/ros2_ws/install/dsr_msgs2/include/dsr_msgs2/dsr_msgs2/srv/detail/get_ctrl_box_digital_output__type_support.hpp
[58.001s] -- Installing: /home/rokey/ros2_ws/install/dsr_msgs2/include/dsr_msgs2/dsr_msgs2/srv/detail/move_home__traits.hpp
[58.001s] -- Installing: /home/rokey/ros2_ws/install/dsr_msgs2/include/dsr_msgs2/dsr_msgs2/srv/detail/drl_stop__builder.hpp
[58.001s] -- Installing: /home/rokey/ros2_ws/install/dsr_msgs2/include/dsr_msgs2/dsr_msgs2/srv/detail/move_joint__type_support.hpp
[58.001s] -- Installing: /home/rokey/ros2_ws/install/dsr_msgs2/include/dsr_msgs2/dsr_msgs2/srv/detail/reset_workpiece_weight__traits.hpp
[58.001s] -- Installing: /home/rokey/ros2_ws/install/dsr_msgs2/include/dsr_msgs2/dsr_msgs2/srv/detail/calc_coord__type_support.hpp
[58.001s] -- Installing: /home/rokey/ros2_ws/install/dsr_msgs2/include/dsr_msgs2/dsr_msgs2/srv/detail/get_tool_digital_input__type_support.hpp
[58.001s] -- Installing: /home/rokey/ros2_ws/install/dsr_msgs2/include/dsr_msgs2/dsr_msgs2/srv/detail/start_rt_control__builder.hpp
[58.001s] -- Installing: /home/rokey/ros2_ws/install/dsr_msgs2/include/dsr_msgs2/dsr_msgs2/srv/detail/move_spiral__builder.hpp
[58.001s] -- Installing: /home/rokey/ros2_ws/install/dsr_msgs2/include/dsr_msgs2/dsr_msgs2/srv/detail/set_accj_rt__type_support.hpp
[58.001s] -- Installing: /home/rokey/ros2_ws/install/dsr_msgs2/include/dsr_msgs2/dsr_msgs2/srv/detail/get_robot_system__struct.hpp
[58.001s] -- Installing: /home/rokey/ros2_ws/install/dsr_msgs2/include/dsr_msgs2/dsr_msgs2/srv/detail/config_create_modbus__struct.hpp
[58.002s] -- Installing: /home/rokey/ros2_ws/install/dsr_msgs2/include/dsr_msgs2/dsr_msgs2/srv/detail/get_control_space__traits.hpp
[58.002s] -- Installing: /home/rokey/ros2_ws/install/dsr_msgs2/include/dsr_msgs2/dsr_msgs2/srv/detail/reset_workpiece_weight__builder.hpp
[58.002s] -- Installing: /home/rokey/ros2_ws/install/dsr_msgs2/include/dsr_msgs2/dsr_msgs2/srv/detail/set_velx_rt__type_support.hpp
[58.002s] -- Installing: /home/rokey/ros2_ws/install/dsr_msgs2/include/dsr_msgs2/dsr_msgs2/srv/detail/config_create_tcp__traits.hpp
[58.002s] -- Installing: /home/rokey/ros2_ws/install/dsr_msgs2/include/dsr_msgs2/dsr_msgs2/srv/detail/config_delete_modbus__type_support.hpp
[58.002s] -- Installing: /home/rokey/ros2_ws/install/dsr_msgs2/include/dsr_msgs2/dsr_msgs2/srv/detail/robotiq2_f_close__traits.hpp
[58.002s] -- Installing: /home/rokey/ros2_ws/install/dsr_msgs2/include/dsr_msgs2/dsr_msgs2/srv/detail/get_desired_posj__struct.hpp
[58.002s] -- Installing: /home/rokey/ros2_ws/install/dsr_msgs2/include/dsr_msgs2/dsr_msgs2/srv/detail/move_pause__builder.hpp
[58.002s] -- Installing: /home/rokey/ros2_ws/install/dsr_msgs2/include/dsr_msgs2/dsr_msgs2/srv/detail/get_tool_force__traits.hpp
[58.002s] -- Installing: /home/rokey/ros2_ws/install/dsr_msgs2/include/dsr_msgs2/dsr_msgs2/srv/detail/get_current_solution_space__builder.hpp
[58.002s] -- Installing: /home/rokey/ros2_ws/install/dsr_msgs2/include/dsr_msgs2/dsr_msgs2/srv/detail/move_pause__traits.hpp
[58.002s] -- Installing: /home/rokey/ros2_ws/install/dsr_msgs2/include/dsr_msgs2/dsr_msgs2/srv/detail/get_current_velj__builder.hpp
[58.002s] -- Installing: /home/rokey/ros2_ws/install/dsr_msgs2/include/dsr_msgs2/dsr_msgs2/srv/detail/get_robot_mode__struct.hpp
[58.002s] -- Installing: /home/rokey/ros2_ws/install/dsr_msgs2/include/dsr_msgs2/dsr_msgs2/srv/detail/coord_transform__type_support.hpp
[58.002s] -- Installing: /home/rokey/ros2_ws/install/dsr_msgs2/include/dsr_msgs2/dsr_msgs2/srv/detail/ikin__builder.hpp
[58.002s] -- Installing: /home/rokey/ros2_ws/install/dsr_msgs2/include/dsr_msgs2/dsr_msgs2/srv/detail/get_ctrl_box_digital_input__traits.hpp
[58.002s] -- Installing: /home/rokey/ros2_ws/install/dsr_msgs2/include/dsr_msgs2/dsr_msgs2/srv/detail/get_current_tool__traits.hpp
[58.002s] -- Installing: /home/rokey/ros2_ws/install/dsr_msgs2/include/dsr_msgs2/dsr_msgs2/srv/detail/calc_coord__struct.hpp
[58.002s] -- Installing: /home/rokey/ros2_ws/install/dsr_msgs2/include/dsr_msgs2/dsr_msgs2/srv/detail/drl_stop__struct.hpp
[58.002s] -- Installing: /home/rokey/ros2_ws/install/dsr_msgs2/include/dsr_msgs2/dsr_msgs2/srv/detail/set_user_cart_coord2__type_support.hpp
[58.002s] -- Installing: /home/rokey/ros2_ws/install/dsr_msgs2/include/dsr_msgs2/dsr_msgs2/srv/detail/get_current_posj__traits.hpp
[58.002s] -- Installing: /home/rokey/ros2_ws/install/dsr_msgs2/include/dsr_msgs2/dsr_msgs2/srv/detail/drl_pause__traits.hpp
[58.002s] -- Installing: /home/rokey/ros2_ws/install/dsr_msgs2/include/dsr_msgs2/dsr_msgs2/srv/detail/set_ctrl_box_analog_input_type__builder.hpp
[58.003s] -- Installing: /home/rokey/ros2_ws/install/dsr_msgs2/include/dsr_msgs2/dsr_msgs2/srv/detail/jog__builder.hpp
[58.003s] -- Installing: /home/rokey/ros2_ws/install/dsr_msgs2/include/dsr_msgs2/dsr_msgs2/srv/detail/set_current_tcp__builder.hpp
[58.003s] -- Installing: /home/rokey/ros2_ws/install/dsr_msgs2/include/dsr_msgs2/dsr_msgs2/srv/detail/set_robot_system__struct.hpp
[58.003s] -- Installing: /home/rokey/ros2_ws/install/dsr_msgs2/include/dsr_msgs2/dsr_msgs2/srv/detail/set_user_cart_coord1__builder.hpp
[58.003s] -- Installing: /home/rokey/ros2_ws/install/dsr_msgs2/include/dsr_msgs2/dsr_msgs2/srv/detail/get_current_velj__traits.hpp
[58.003s] -- Installing: /home/rokey/ros2_ws/install/dsr_msgs2/include/dsr_msgs2/dsr_msgs2/srv/detail/get_current_posj__builder.hpp
[58.003s] -- Installing: /home/rokey/ros2_ws/install/dsr_msgs2/include/dsr_msgs2/dsr_msgs2/srv/detail/set_user_cart_coord2__traits.hpp
[58.003s] -- Installing: /home/rokey/ros2_ws/install/dsr_msgs2/include/dsr_msgs2/dsr_msgs2/srv/detail/move_joint__traits.hpp
[58.003s] -- Installing: /home/rokey/ros2_ws/install/dsr_msgs2/include/dsr_msgs2/dsr_msgs2/srv/detail/move_circle__builder.hpp
[58.003s] -- Installing: /home/rokey/ros2_ws/install/dsr_msgs2/include/dsr_msgs2/dsr_msgs2/srv/detail/set_robot_system__traits.hpp
[58.003s] -- Installing: /home/rokey/ros2_ws/install/dsr_msgs2/include/dsr_msgs2/dsr_msgs2/srv/detail/write_data_rt__type_support.hpp
[58.003s] -- Installing: /home/rokey/ros2_ws/install/dsr_msgs2/include/dsr_msgs2/dsr_msgs2/srv/detail/check_motion__type_support.hpp
[58.003s] -- Installing: /home/rokey/ros2_ws/install/dsr_msgs2/include/dsr_msgs2/dsr_msgs2/srv/detail/set_tool_digital_output__builder.hpp
[58.003s] -- Installing: /home/rokey/ros2_ws/install/dsr_msgs2/include/dsr_msgs2/dsr_msgs2/srv/detail/set_tool_digital_output__type_support.hpp
[58.003s] -- Installing: /home/rokey/ros2_ws/install/dsr_msgs2/include/dsr_msgs2/dsr_msgs2/srv/detail/set_rt_control_input__traits.hpp
[58.003s] -- Installing: /home/rokey/ros2_ws/install/dsr_msgs2/include/dsr_msgs2/dsr_msgs2/srv/detail/get_rt_control_input_data_list__struct.hpp
[58.003s] -- Installing: /home/rokey/ros2_ws/install/dsr_msgs2/include/dsr_msgs2/dsr_msgs2/srv/detail/set_safe_stop_reset_type__builder.hpp
[58.003s] -- Installing: /home/rokey/ros2_ws/install/dsr_msgs2/include/dsr_msgs2/dsr_msgs2/srv/detail/get_robot_speed_mode__type_support.hpp
[58.003s] -- Installing: /home/rokey/ros2_ws/install/dsr_msgs2/include/dsr_msgs2/dsr_msgs2/srv/detail/set_robot_speed_mode__traits.hpp
[58.003s] -- Installing: /home/rokey/ros2_ws/install/dsr_msgs2/include/dsr_msgs2/dsr_msgs2/srv/detail/set_user_cart_coord2__struct.hpp
[58.003s] -- Installing: /home/rokey/ros2_ws/install/dsr_msgs2/include/dsr_msgs2/dsr_msgs2/srv/detail/get_control_mode__type_support.hpp
[58.003s] -- Installing: /home/rokey/ros2_ws/install/dsr_msgs2/include/dsr_msgs2/dsr_msgs2/srv/detail/alter_motion__struct.hpp
[58.004s] -- Installing: /home/rokey/ros2_ws/install/dsr_msgs2/include/dsr_msgs2/dsr_msgs2/srv/detail/parallel_axis2__traits.hpp
[58.004s] -- Installing: /home/rokey/ros2_ws/install/dsr_msgs2/include/dsr_msgs2/dsr_msgs2/srv/detail/get_workpiece_weight__traits.hpp
[58.004s] -- Installing: /home/rokey/ros2_ws/install/dsr_msgs2/include/dsr_msgs2/dsr_msgs2/srv/detail/move_periodic__type_support.hpp
[58.004s] -- Installing: /home/rokey/ros2_ws/install/dsr_msgs2/include/dsr_msgs2/dsr_msgs2/srv/detail/get_desired_posx__builder.hpp
[58.004s] -- Installing: /home/rokey/ros2_ws/install/dsr_msgs2/include/dsr_msgs2/dsr_msgs2/srv/detail/move_line__type_support.hpp
[58.004s] -- Installing: /home/rokey/ros2_ws/install/dsr_msgs2/include/dsr_msgs2/dsr_msgs2/srv/detail/coord_transform__traits.hpp
[58.004s] -- Installing: /home/rokey/ros2_ws/install/dsr_msgs2/include/dsr_msgs2/dsr_msgs2/srv/detail/alter_motion__traits.hpp
[58.004s] -- Installing: /home/rokey/ros2_ws/install/dsr_msgs2/include/dsr_msgs2/dsr_msgs2/srv/detail/get_ctrl_box_digital_input__builder.hpp
[58.004s] -- Installing: /home/rokey/ros2_ws/install/dsr_msgs2/include/dsr_msgs2/dsr_msgs2/srv/detail/set_robot_control__builder.hpp
[58.004s] -- Installing: /home/rokey/ros2_ws/install/dsr_msgs2/include/dsr_msgs2/dsr_msgs2/srv/detail/get_rt_control_output_data_list__traits.hpp
[58.004s] -- Installing: /home/rokey/ros2_ws/install/dsr_msgs2/include/dsr_msgs2/dsr_msgs2/srv/detail/config_create_tool__struct.hpp
[58.004s] -- Installing: /home/rokey/ros2_ws/install/dsr_msgs2/include/dsr_msgs2/dsr_msgs2/srv/detail/move_line__struct.hpp
[58.004s] -- Installing: /home/rokey/ros2_ws/install/dsr_msgs2/include/dsr_msgs2/dsr_msgs2/srv/detail/get_current_tcp__struct.hpp
[58.004s] -- Installing: /home/rokey/ros2_ws/install/dsr_msgs2/include/dsr_msgs2/dsr_msgs2/srv/detail/reset_workpiece_weight__type_support.hpp
[58.004s] -- Installing: /home/rokey/ros2_ws/install/dsr_msgs2/include/dsr_msgs2/dsr_msgs2/srv/detail/fkin__traits.hpp
[58.004s] -- Installing: /home/rokey/ros2_ws/install/dsr_msgs2/include/dsr_msgs2/dsr_msgs2/srv/detail/get_desired_velx__type_support.hpp
[58.004s] -- Installing: /home/rokey/ros2_ws/install/dsr_msgs2/include/dsr_msgs2/dsr_msgs2/srv/detail/get_tool_digital_input__builder.hpp
[58.004s] -- Installing: /home/rokey/ros2_ws/install/dsr_msgs2/include/dsr_msgs2/dsr_msgs2/srv/detail/jog_multi__traits.hpp
[58.004s] -- Installing: /home/rokey/ros2_ws/install/dsr_msgs2/include/dsr_msgs2/dsr_msgs2/srv/detail/get_current_pose__traits.hpp
[58.004s] -- Installing: /home/rokey/ros2_ws/install/dsr_msgs2/include/dsr_msgs2/dsr_msgs2/srv/detail/move_spline_task__builder.hpp
[58.004s] -- Installing: /home/rokey/ros2_ws/install/dsr_msgs2/include/dsr_msgs2/dsr_msgs2/srv/detail/align_axis2__struct.hpp
[58.004s] -- Installing: /home/rokey/ros2_ws/install/dsr_msgs2/include/dsr_msgs2/dsr_msgs2/srv/detail/config_create_tcp__builder.hpp
[58.004s] -- Installing: /home/rokey/ros2_ws/install/dsr_msgs2/include/dsr_msgs2/dsr_msgs2/srv/detail/servo_off__type_support.hpp
[58.004s] -- Installing: /home/rokey/ros2_ws/install/dsr_msgs2/include/dsr_msgs2/dsr_msgs2/srv/detail/set_ctrl_box_digital_output__builder.hpp
[58.005s] -- Installing: /home/rokey/ros2_ws/install/dsr_msgs2/include/dsr_msgs2/dsr_msgs2/srv/detail/get_desired_posj__traits.hpp
[58.005s] -- Installing: /home/rokey/ros2_ws/install/dsr_msgs2/include/dsr_msgs2/dsr_msgs2/srv/detail/disconnect_rt_control__struct.hpp
[58.005s] -- Installing: /home/rokey/ros2_ws/install/dsr_msgs2/include/dsr_msgs2/dsr_msgs2/srv/detail/set_accx_rt__type_support.hpp
[58.005s] -- Installing: /home/rokey/ros2_ws/install/dsr_msgs2/include/dsr_msgs2/dsr_msgs2/srv/detail/set_ctrl_box_digital_output__type_support.hpp
[58.005s] -- Installing: /home/rokey/ros2_ws/install/dsr_msgs2/include/dsr_msgs2/dsr_msgs2/srv/detail/config_delete_tcp__struct.hpp
[58.005s] -- Installing: /home/rokey/ros2_ws/install/dsr_msgs2/include/dsr_msgs2/dsr_msgs2/srv/detail/get_control_mode__struct.hpp
[58.005s] -- Installing: /home/rokey/ros2_ws/install/dsr_msgs2/include/dsr_msgs2/dsr_msgs2/srv/detail/set_robot_system__builder.hpp
[58.005s] -- Installing: /home/rokey/ros2_ws/install/dsr_msgs2/include/dsr_msgs2/dsr_msgs2/srv/detail/get_desired_posx__traits.hpp
[58.005s] -- Installing: /home/rokey/ros2_ws/install/dsr_msgs2/include/dsr_msgs2/dsr_msgs2/srv/detail/get_solution_space__traits.hpp
[58.005s] -- Installing: /home/rokey/ros2_ws/install/dsr_msgs2/include/dsr_msgs2/dsr_msgs2/srv/detail/move_joint__struct.hpp
[58.005s] -- Installing: /home/rokey/ros2_ws/install/dsr_msgs2/include/dsr_msgs2/dsr_msgs2/srv/detail/move_pause__type_support.hpp
[58.005s] -- Installing: /home/rokey/ros2_ws/install/dsr_msgs2/include/dsr_msgs2/dsr_msgs2/srv/detail/align_axis1__type_support.hpp
[58.005s] -- Installing: /home/rokey/ros2_ws/install/dsr_msgs2/include/dsr_msgs2/dsr_msgs2/srv/detail/set_velx_rt__struct.hpp
[58.005s] -- Installing: /home/rokey/ros2_ws/install/dsr_msgs2/include/dsr_msgs2/dsr_msgs2/srv/detail/overwrite_user_cart_coord__builder.hpp
[58.005s] -- Installing: /home/rokey/ros2_ws/install/dsr_msgs2/include/dsr_msgs2/dsr_msgs2/srv/detail/connect_rt_control__struct.hpp
[58.005s] -- Installing: /home/rokey/ros2_ws/install/dsr_msgs2/include/dsr_msgs2/dsr_msgs2/srv/detail/drl_resume__builder.hpp
[58.005s] -- Installing: /home/rokey/ros2_ws/install/dsr_msgs2/include/dsr_msgs2/dsr_msgs2/srv/detail/robotiq2_f_move__struct.hpp
[58.005s] -- Installing: /home/rokey/ros2_ws/install/dsr_msgs2/include/dsr_msgs2/dsr_msgs2/srv/detail/move_home__struct.hpp
[58.005s] -- Installing: /home/rokey/ros2_ws/install/dsr_msgs2/include/dsr_msgs2/dsr_msgs2/srv/detail/config_delete_tcp__traits.hpp
[58.005s] -- Installing: /home/rokey/ros2_ws/install/dsr_msgs2/include/dsr_msgs2/dsr_msgs2/srv/detail/change_operation_speed__builder.hpp
[58.005s] -- Installing: /home/rokey/ros2_ws/install/dsr_msgs2/include/dsr_msgs2/dsr_msgs2/srv/detail/move_resume__traits.hpp
[58.005s] -- Installing: /home/rokey/ros2_ws/install/dsr_msgs2/include/dsr_msgs2/dsr_msgs2/srv/detail/read_data_rt__builder.hpp
[58.006s] -- Installing: /home/rokey/ros2_ws/install/dsr_msgs2/include/dsr_msgs2/dsr_msgs2/srv/detail/get_ctrl_box_analog_input__traits.hpp
[58.006s] -- Installing: /home/rokey/ros2_ws/install/dsr_msgs2/include/dsr_msgs2/dsr_msgs2/srv/detail/move_home__type_support.hpp
[58.006s] -- Installing: /home/rokey/ros2_ws/install/dsr_msgs2/include/dsr_msgs2/dsr_msgs2/srv/detail/set_singularity_handling__type_support.hpp
[58.006s] -- Installing: /home/rokey/ros2_ws/install/dsr_msgs2/include/dsr_msgs2/dsr_msgs2/srv/detail/get_current_rotm__builder.hpp
[58.006s] -- Installing: /home/rokey/ros2_ws/install/dsr_msgs2/include/dsr_msgs2/dsr_msgs2/srv/detail/set_rt_control_output__traits.hpp
[58.006s] -- Installing: /home/rokey/ros2_ws/install/dsr_msgs2/include/dsr_msgs2/dsr_msgs2/srv/detail/disable_alter_motion__struct.hpp
[58.006s] -- Installing: /home/rokey/ros2_ws/install/dsr_msgs2/include/dsr_msgs2/dsr_msgs2/srv/detail/set_user_cart_coord1__struct.hpp
[58.006s] -- Installing: /home/rokey/ros2_ws/install/dsr_msgs2/include/dsr_msgs2/dsr_msgs2/srv/detail/get_current_solution_space__traits.hpp
[58.006s] -- Installing: /home/rokey/ros2_ws/install/dsr_msgs2/include/dsr_msgs2/dsr_msgs2/srv/detail/set_rt_control_output__builder.hpp
[58.006s] -- Installing: /home/rokey/ros2_ws/install/dsr_msgs2/include/dsr_msgs2/dsr_msgs2/srv/detail/get_drl_state__struct.hpp
[58.006s] -- Installing: /home/rokey/ros2_ws/install/dsr_msgs2/include/dsr_msgs2/dsr_msgs2/srv/detail/set_stiffnessx__traits.hpp
[58.006s] -- Installing: /home/rokey/ros2_ws/install/dsr_msgs2/include/dsr_msgs2/dsr_msgs2/srv/detail/get_workpiece_weight__type_support.hpp
[58.006s] -- Installing: /home/rokey/ros2_ws/install/dsr_msgs2/include/dsr_msgs2/dsr_msgs2/srv/detail/get_current_posj__struct.hpp
[58.006s] -- Installing: /home/rokey/ros2_ws/install/dsr_msgs2/include/dsr_msgs2/dsr_msgs2/srv/detail/check_orientation_condition2__traits.hpp
[58.006s] -- Installing: /home/rokey/ros2_ws/install/dsr_msgs2/include/dsr_msgs2/dsr_msgs2/srv/detail/move_spline_joint__traits.hpp
[58.006s] -- Installing: /home/rokey/ros2_ws/install/dsr_msgs2/include/dsr_msgs2/dsr_msgs2/srv/detail/set_user_cart_coord1__traits.hpp
[58.006s] -- Installing: /home/rokey/ros2_ws/install/dsr_msgs2/include/dsr_msgs2/dsr_msgs2/srv/detail/set_ctrl_box_analog_output_type__builder.hpp
[58.006s] -- Installing: /home/rokey/ros2_ws/install/dsr_msgs2/include/dsr_msgs2/dsr_msgs2/srv/detail/get_last_alarm__type_support.hpp
[58.006s] -- Installing: /home/rokey/ros2_ws/install/dsr_msgs2/include/dsr_msgs2/dsr_msgs2/srv/detail/set_current_tool__struct.hpp
[58.006s] -- Installing: /home/rokey/ros2_ws/install/dsr_msgs2/include/dsr_msgs2/dsr_msgs2/srv/detail/set_accx_rt__builder.hpp
[58.006s] -- Installing: /home/rokey/ros2_ws/install/dsr_msgs2/include/dsr_msgs2/dsr_msgs2/srv/detail/enable_alter_motion__struct.hpp
[58.006s] -- Installing: /home/rokey/ros2_ws/install/dsr_msgs2/include/dsr_msgs2/dsr_msgs2/srv/detail/get_ctrl_box_digital_output__struct.hpp
[58.007s] -- Installing: /home/rokey/ros2_ws/install/dsr_msgs2/include/dsr_msgs2/dsr_msgs2/srv/detail/set_ctrl_box_analog_input_type__traits.hpp
[58.007s] -- Installing: /home/rokey/ros2_ws/install/dsr_msgs2/include/dsr_msgs2/dsr_msgs2/srv/detail/get_current_tcp__traits.hpp
[58.007s] -- Installing: /home/rokey/ros2_ws/install/dsr_msgs2/include/dsr_msgs2/dsr_msgs2/srv/detail/set_robot_speed_mode__builder.hpp
[58.007s] -- Installing: /home/rokey/ros2_ws/install/dsr_msgs2/include/dsr_msgs2/dsr_msgs2/srv/detail/get_desired_velx__builder.hpp
[58.007s] -- Installing: /home/rokey/ros2_ws/install/dsr_msgs2/include/dsr_msgs2/dsr_msgs2/srv/detail/disable_alter_motion__builder.hpp
[58.007s] -- Installing: /home/rokey/ros2_ws/install/dsr_msgs2/include/dsr_msgs2/dsr_msgs2/srv/detail/get_solution_space__builder.hpp
[58.007s] -- Installing: /home/rokey/ros2_ws/install/dsr_msgs2/include/dsr_msgs2/dsr_msgs2/srv/detail/get_rt_control_output_version_list__builder.hpp
[58.007s] -- Installing: /home/rokey/ros2_ws/install/dsr_msgs2/include/dsr_msgs2/dsr_msgs2/srv/detail/ikin__type_support.hpp
[58.007s] -- Installing: /home/rokey/ros2_ws/install/dsr_msgs2/include/dsr_msgs2/dsr_msgs2/srv/detail/fkin__struct.hpp
[58.007s] -- Installing: /home/rokey/ros2_ws/install/dsr_msgs2/include/dsr_msgs2/dsr_msgs2/srv/detail/change_collision_sensitivity__struct.hpp
[58.007s] -- Installing: /home/rokey/ros2_ws/install/dsr_msgs2/include/dsr_msgs2/dsr_msgs2/srv/detail/get_current_posx__builder.hpp
[58.007s] -- Installing: /home/rokey/ros2_ws/install/dsr_msgs2/include/dsr_msgs2/dsr_msgs2/srv/detail/start_rt_control__traits.hpp
[58.007s] -- Installing: /home/rokey/ros2_ws/install/dsr_msgs2/include/dsr_msgs2/dsr_msgs2/srv/detail/get_current_rotm__struct.hpp
[58.007s] -- Installing: /home/rokey/ros2_ws/install/dsr_msgs2/include/dsr_msgs2/dsr_msgs2/srv/detail/get_current_rotm__type_support.hpp
[58.007s] -- Installing: /home/rokey/ros2_ws/install/dsr_msgs2/include/dsr_msgs2/dsr_msgs2/srv/detail/set_current_tool__builder.hpp
[58.007s] -- Installing: /home/rokey/ros2_ws/install/dsr_msgs2/include/dsr_msgs2/dsr_msgs2/srv/detail/move_jointx__struct.hpp
[58.007s] -- Installing: /home/rokey/ros2_ws/install/dsr_msgs2/include/dsr_msgs2/dsr_msgs2/srv/detail/get_workpiece_weight__builder.hpp
[58.007s] -- Installing: /home/rokey/ros2_ws/install/dsr_msgs2/include/dsr_msgs2/dsr_msgs2/srv/detail/check_position_condition__type_support.hpp
[58.007s] -- Installing: /home/rokey/ros2_ws/install/dsr_msgs2/include/dsr_msgs2/dsr_msgs2/srv/detail/get_desired_posx__type_support.hpp
[58.007s] -- Installing: /home/rokey/ros2_ws/install/dsr_msgs2/include/dsr_msgs2/dsr_msgs2/srv/detail/set_robot_speed_mode__type_support.hpp
[58.007s] -- Installing: /home/rokey/ros2_ws/install/dsr_msgs2/include/dsr_msgs2/dsr_msgs2/srv/detail/get_joint_torque__type_support.hpp
[58.007s] -- Installing: /home/rokey/ros2_ws/install/dsr_msgs2/include/dsr_msgs2/dsr_msgs2/srv/detail/get_current_tool_flange_posx__struct.hpp
[58.008s] -- Installing: /home/rokey/ros2_ws/install/dsr_msgs2/include/dsr_msgs2/dsr_msgs2/srv/detail/coord_transform__struct.hpp
[58.008s] -- Installing: /home/rokey/ros2_ws/install/dsr_msgs2/include/dsr_msgs2/dsr_msgs2/srv/detail/trans__builder.hpp
[58.008s] -- Installing: /home/rokey/ros2_ws/install/dsr_msgs2/include/dsr_msgs2/dsr_msgs2/srv/detail/get_control_mode__traits.hpp
[58.008s] -- Installing: /home/rokey/ros2_ws/install/dsr_msgs2/include/dsr_msgs2/dsr_msgs2/srv/detail/get_rt_control_input_version_list__traits.hpp
[58.008s] -- Installing: /home/rokey/ros2_ws/install/dsr_msgs2/include/dsr_msgs2/dsr_msgs2/srv/detail/get_robot_state__type_support.hpp
[58.008s] -- Installing: /home/rokey/ros2_ws/install/dsr_msgs2/include/dsr_msgs2/dsr_msgs2/srv/detail/get_rt_control_input_version_list__type_support.hpp
[58.008s] -- Installing: /home/rokey/ros2_ws/install/dsr_msgs2/include/dsr_msgs2/dsr_msgs2/srv/detail/set_rt_control_input__type_support.hpp
[58.008s] -- Installing: /home/rokey/ros2_ws/install/dsr_msgs2/include/dsr_msgs2/dsr_msgs2/srv/detail/move_jointx__builder.hpp
[58.008s] -- Installing: /home/rokey/ros2_ws/install/dsr_msgs2/include/dsr_msgs2/dsr_msgs2/srv/detail/config_create_tcp__type_support.hpp
[58.008s] -- Installing: /home/rokey/ros2_ws/install/dsr_msgs2/include/dsr_msgs2/dsr_msgs2/srv/detail/set_ctrl_box_analog_output_type__traits.hpp
[58.008s] -- Installing: /home/rokey/ros2_ws/install/dsr_msgs2/include/dsr_msgs2/dsr_msgs2/srv/detail/overwrite_user_cart_coord__type_support.hpp
[58.008s] -- Installing: /home/rokey/ros2_ws/install/dsr_msgs2/include/dsr_msgs2/dsr_msgs2/srv/detail/move_blending__struct.hpp
[58.008s] -- Installing: /home/rokey/ros2_ws/install/dsr_msgs2/include/dsr_msgs2/dsr_msgs2/srv/detail/drl_pause__type_support.hpp
[58.008s] -- Installing: /home/rokey/ros2_ws/install/dsr_msgs2/include/dsr_msgs2/dsr_msgs2/srv/detail/set_ref_coord__traits.hpp
[58.008s] -- Installing: /home/rokey/ros2_ws/install/dsr_msgs2/include/dsr_msgs2/dsr_msgs2/srv/detail/set_velj_rt__type_support.hpp
[58.008s] -- Installing: /home/rokey/ros2_ws/install/dsr_msgs2/include/dsr_msgs2/dsr_msgs2/srv/detail/get_ctrl_box_analog_input__struct.hpp
[58.008s] -- Installing: /home/rokey/ros2_ws/install/dsr_msgs2/include/dsr_msgs2/dsr_msgs2/srv/detail/get_external_torque__type_support.hpp
[58.008s] -- Installing: /home/rokey/ros2_ws/install/dsr_msgs2/include/dsr_msgs2/dsr_msgs2/srv/detail/get_rt_control_output_version_list__type_support.hpp
[58.008s] -- Installing: /home/rokey/ros2_ws/install/dsr_msgs2/include/dsr_msgs2/dsr_msgs2/srv/detail/robotiq2_f_close__builder.hpp
[58.008s] -- Installing: /home/rokey/ros2_ws/install/dsr_msgs2/include/dsr_msgs2/dsr_msgs2/srv/detail/get_control_space__type_support.hpp
[58.008s] -- Installing: /home/rokey/ros2_ws/install/dsr_msgs2/include/dsr_msgs2/dsr_msgs2/srv/detail/config_delete_tool__builder.hpp
[58.008s] -- Installing: /home/rokey/ros2_ws/install/dsr_msgs2/include/dsr_msgs2/dsr_msgs2/srv/detail/disconnect_rt_control__builder.hpp
[58.008s] -- Installing: /home/rokey/ros2_ws/install/dsr_msgs2/include/dsr_msgs2/dsr_msgs2/srv/detail/get_tool_force__builder.hpp
[58.009s] -- Installing: /home/rokey/ros2_ws/install/dsr_msgs2/include/dsr_msgs2/dsr_msgs2/srv/detail/get_current_tool_flange_posx__builder.hpp
[58.009s] -- Installing: /home/rokey/ros2_ws/install/dsr_msgs2/include/dsr_msgs2/dsr_msgs2/srv/detail/get_rt_control_input_data_list__traits.hpp
[58.009s] -- Installing: /home/rokey/ros2_ws/install/dsr_msgs2/include/dsr_msgs2/dsr_msgs2/srv/detail/move_line__traits.hpp
[58.009s] -- Installing: /home/rokey/ros2_ws/install/dsr_msgs2/include/dsr_msgs2/dsr_msgs2/srv/detail/set_robot_mode__builder.hpp
[58.009s] -- Installing: /home/rokey/ros2_ws/install/dsr_msgs2/include/dsr_msgs2/dsr_msgs2/srv/detail/get_tool_digital_output__builder.hpp
[58.009s] -- Installing: /home/rokey/ros2_ws/install/dsr_msgs2/include/dsr_msgs2/dsr_msgs2/srv/detail/check_orientation_condition1__traits.hpp
[58.009s] -- Installing: /home/rokey/ros2_ws/install/dsr_msgs2/include/dsr_msgs2/dsr_msgs2/srv/detail/get_drl_state__traits.hpp
[58.009s] -- Installing: /home/rokey/ros2_ws/install/dsr_msgs2/include/dsr_msgs2/dsr_msgs2/srv/detail/enable_alter_motion__traits.hpp
[58.009s] -- Installing: /home/rokey/ros2_ws/install/dsr_msgs2/include/dsr_msgs2/dsr_msgs2/srv/detail/move_periodic__struct.hpp
[58.009s] -- Installing: /home/rokey/ros2_ws/install/dsr_msgs2/include/dsr_msgs2/dsr_msgs2/srv/detail/get_current_posj__type_support.hpp
[58.009s] -- Installing: /home/rokey/ros2_ws/install/dsr_msgs2/include/dsr_msgs2/dsr_msgs2/srv/detail/set_accj_rt__builder.hpp
[58.009s] -- Installing: /home/rokey/ros2_ws/install/dsr_msgs2/include/dsr_msgs2/dsr_msgs2/srv/detail/set_ctrl_box_analog_output_type__struct.hpp
[58.009s] -- Installing: /home/rokey/ros2_ws/install/dsr_msgs2/include/dsr_msgs2/dsr_msgs2/srv/detail/get_orientation_error__builder.hpp
[58.009s] -- Installing: /home/rokey/ros2_ws/install/dsr_msgs2/include/dsr_msgs2/dsr_msgs2/srv/detail/move_spiral__type_support.hpp
[58.009s] -- Installing: /home/rokey/ros2_ws/install/dsr_msgs2/include/dsr_msgs2/dsr_msgs2/srv/detail/parallel_axis2__builder.hpp
[58.009s] -- Installing: /home/rokey/ros2_ws/install/dsr_msgs2/include/dsr_msgs2/dsr_msgs2/srv/detail/drl_pause__struct.hpp
[58.009s] -- Installing: /home/rokey/ros2_ws/install/dsr_msgs2/include/dsr_msgs2/dsr_msgs2/srv/detail/set_modbus_output__traits.hpp
[58.009s] -- Installing: /home/rokey/ros2_ws/install/dsr_msgs2/include/dsr_msgs2/dsr_msgs2/srv/detail/move_stop__type_support.hpp
[58.009s] -- Installing: /home/rokey/ros2_ws/install/dsr_msgs2/include/dsr_msgs2/dsr_msgs2/srv/detail/write_data_rt__traits.hpp
[58.009s] -- Installing: /home/rokey/ros2_ws/install/dsr_msgs2/include/dsr_msgs2/dsr_msgs2/srv/detail/set_rt_control_input__struct.hpp
[58.009s] -- Installing: /home/rokey/ros2_ws/install/dsr_msgs2/include/dsr_msgs2/dsr_msgs2/srv/detail/get_drl_state__type_support.hpp
[58.009s] -- Installing: /home/rokey/ros2_ws/install/dsr_msgs2/include/dsr_msgs2/dsr_msgs2/srv/detail/set_safety_mode__struct.hpp
[58.009s] -- Installing: /home/rokey/ros2_ws/install/dsr_msgs2/include/dsr_msgs2/dsr_msgs2/srv/detail/parallel_axis2__struct.hpp
[58.010s] -- Installing: /home/rokey/ros2_ws/install/dsr_msgs2/include/dsr_msgs2/dsr_msgs2/srv/detail/stop_rt_control__struct.hpp
[58.010s] -- Installing: /home/rokey/ros2_ws/install/dsr_msgs2/include/dsr_msgs2/dsr_msgs2/srv/detail/set_rt_control_input__builder.hpp
[58.010s] -- Installing: /home/rokey/ros2_ws/install/dsr_msgs2/include/dsr_msgs2/dsr_msgs2/srv/detail/set_current_tcp__traits.hpp
[58.010s] -- Installing: /home/rokey/ros2_ws/install/dsr_msgs2/include/dsr_msgs2/dsr_msgs2/srv/detail/set_robot_mode__struct.hpp
[58.010s] -- Installing: /home/rokey/ros2_ws/install/dsr_msgs2/include/dsr_msgs2/dsr_msgs2/srv/detail/drl_stop__type_support.hpp
[58.010s] -- Installing: /home/rokey/ros2_ws/install/dsr_msgs2/include/dsr_msgs2/dsr_msgs2/srv/detail/servo_off__builder.hpp
[58.010s] -- Installing: /home/rokey/ros2_ws/install/dsr_msgs2/include/dsr_msgs2/dsr_msgs2/srv/detail/get_desired_posx__struct.hpp
[58.010s] -- Installing: /home/rokey/ros2_ws/install/dsr_msgs2/include/dsr_msgs2/dsr_msgs2/srv/detail/set_ctrl_box_analog_output_type__type_support.hpp
[58.010s] -- Installing: /home/rokey/ros2_ws/install/dsr_msgs2/include/dsr_msgs2/dsr_msgs2/srv/detail/release_force__struct.hpp
[58.010s] -- Installing: /home/rokey/ros2_ws/install/dsr_msgs2/include/dsr_msgs2/dsr_msgs2/srv/detail/change_collision_sensitivity__traits.hpp
[58.010s] -- Installing: /home/rokey/ros2_ws/install/dsr_msgs2/include/dsr_msgs2/dsr_msgs2/srv/detail/move_home__builder.hpp
[58.010s] -- Installing: /home/rokey/ros2_ws/install/dsr_msgs2/include/dsr_msgs2/dsr_msgs2/srv/detail/config_delete_tool__struct.hpp
[58.010s] -- Installing: /home/rokey/ros2_ws/install/dsr_msgs2/include/dsr_msgs2/dsr_msgs2/srv/detail/config_create_tcp__struct.hpp
[58.010s] -- Installing: /home/rokey/ros2_ws/install/dsr_msgs2/include/dsr_msgs2/dsr_msgs2/srv/detail/reset_workpiece_weight__struct.hpp
[58.010s] -- Installing: /home/rokey/ros2_ws/install/dsr_msgs2/include/dsr_msgs2/dsr_msgs2/srv/detail/set_ref_coord__type_support.hpp
[58.010s] -- Installing: /home/rokey/ros2_ws/install/dsr_msgs2/include/dsr_msgs2/dsr_msgs2/srv/detail/trans__struct.hpp
[58.010s] -- Installing: /home/rokey/ros2_ws/install/dsr_msgs2/include/dsr_msgs2/dsr_msgs2/srv/detail/move_wait__struct.hpp
[58.010s] -- Installing: /home/rokey/ros2_ws/install/dsr_msgs2/include/dsr_msgs2/dsr_msgs2/srv/detail/get_current_tool_flange_posx__traits.hpp
[58.010s] -- Installing: /home/rokey/ros2_ws/install/dsr_msgs2/include/dsr_msgs2/dsr_msgs2/srv/detail/get_modbus_input__type_support.hpp
[58.010s] -- Installing: /home/rokey/ros2_ws/install/dsr_msgs2/include/dsr_msgs2/dsr_msgs2/srv/detail/set_velx_rt__traits.hpp
[58.010s] -- Installing: /home/rokey/ros2_ws/install/dsr_msgs2/include/dsr_msgs2/dsr_msgs2/srv/detail/get_orientation_error__traits.hpp
[58.010s] -- Installing: /home/rokey/ros2_ws/install/dsr_msgs2/include/dsr_msgs2/dsr_msgs2/srv/detail/get_desired_velx__struct.hpp
[58.011s] -- Installing: /home/rokey/ros2_ws/install/dsr_msgs2/include/dsr_msgs2/dsr_msgs2/srv/detail/config_delete_tool__traits.hpp
[58.011s] -- Installing: /home/rokey/ros2_ws/install/dsr_msgs2/include/dsr_msgs2/dsr_msgs2/srv/detail/set_ctrl_box_digital_output__struct.hpp
[58.011s] -- Installing: /home/rokey/ros2_ws/install/dsr_msgs2/include/dsr_msgs2/dsr_msgs2/srv/detail/get_current_velx__traits.hpp
[58.011s] -- Installing: /home/rokey/ros2_ws/install/dsr_msgs2/include/dsr_msgs2/dsr_msgs2/srv/detail/get_current_rotm__traits.hpp
[58.011s] -- Installing: /home/rokey/ros2_ws/install/dsr_msgs2/include/dsr_msgs2/dsr_msgs2/srv/detail/get_desired_velj__traits.hpp
[58.011s] -- Installing: /home/rokey/ros2_ws/install/dsr_msgs2/include/dsr_msgs2/dsr_msgs2/srv/detail/move_stop__struct.hpp
[58.011s] -- Installing: /home/rokey/ros2_ws/install/dsr_msgs2/include/dsr_msgs2/dsr_msgs2/srv/detail/set_tool_shape__struct.hpp
[58.011s] -- Installing: /home/rokey/ros2_ws/install/dsr_msgs2/include/dsr_msgs2/dsr_msgs2/srv/detail/get_current_solution_space__struct.hpp
[58.011s] -- Installing: /home/rokey/ros2_ws/install/dsr_msgs2/include/dsr_msgs2/dsr_msgs2/srv/detail/move_spiral__struct.hpp
[58.011s] -- Installing: /home/rokey/ros2_ws/install/dsr_msgs2/include/dsr_msgs2/dsr_msgs2/srv/detail/get_tool_force__type_support.hpp
[58.011s] -- Installing: /home/rokey/ros2_ws/install/dsr_msgs2/include/dsr_msgs2/dsr_msgs2/srv/detail/get_robot_speed_mode__struct.hpp
[58.011s] -- Installing: /home/rokey/ros2_ws/install/dsr_msgs2/include/dsr_msgs2/dsr_msgs2/srv/detail/set_rt_control_output__struct.hpp
[58.011s] -- Installing: /home/rokey/ros2_ws/install/dsr_msgs2/include/dsr_msgs2/dsr_msgs2/srv/detail/change_operation_speed__type_support.hpp
[58.011s] -- Installing: /home/rokey/ros2_ws/install/dsr_msgs2/include/dsr_msgs2/dsr_msgs2/srv/detail/check_motion__struct.hpp
[58.011s] -- Installing: /home/rokey/ros2_ws/install/dsr_msgs2/include/dsr_msgs2/dsr_msgs2/srv/detail/drl_start__builder.hpp
[58.011s] -- Installing: /home/rokey/ros2_ws/install/dsr_msgs2/include/dsr_msgs2/dsr_msgs2/srv/detail/set_ref_coord__struct.hpp
[58.011s] -- Installing: /home/rokey/ros2_ws/install/dsr_msgs2/include/dsr_msgs2/dsr_msgs2/srv/detail/alter_motion__builder.hpp
[58.011s] -- Installing: /home/rokey/ros2_ws/install/dsr_msgs2/include/dsr_msgs2/dsr_msgs2/srv/detail/get_current_tcp__type_support.hpp
[58.011s] -- Installing: /home/rokey/ros2_ws/install/dsr_msgs2/include/dsr_msgs2/dsr_msgs2/srv/detail/disable_alter_motion__type_support.hpp
[58.011s] -- Installing: /home/rokey/ros2_ws/install/dsr_msgs2/include/dsr_msgs2/dsr_msgs2/srv/detail/parallel_axis1__traits.hpp
[58.011s] -- Installing: /home/rokey/ros2_ws/install/dsr_msgs2/include/dsr_msgs2/dsr_msgs2/srv/detail/release_compliance_ctrl__traits.hpp
[58.011s] -- Installing: /home/rokey/ros2_ws/install/dsr_msgs2/include/dsr_msgs2/dsr_msgs2/srv/detail/set_desired_force__struct.hpp
[58.011s] -- Installing: /home/rokey/ros2_ws/install/dsr_msgs2/include/dsr_msgs2/dsr_msgs2/srv/detail/get_solution_space__struct.hpp
[58.012s] -- Installing: /home/rokey/ros2_ws/install/dsr_msgs2/include/dsr_msgs2/dsr_msgs2/srv/detail/stop_rt_control__builder.hpp
[58.012s] -- Installing: /home/rokey/ros2_ws/install/dsr_msgs2/include/dsr_msgs2/dsr_msgs2/srv/detail/read_data_rt__struct.hpp
[58.012s] -- Installing: /home/rokey/ros2_ws/install/dsr_msgs2/include/dsr_msgs2/dsr_msgs2/srv/detail/trans__traits.hpp
[58.012s] -- Installing: /home/rokey/ros2_ws/install/dsr_msgs2/include/dsr_msgs2/dsr_msgs2/srv/detail/set_user_cart_coord2__builder.hpp
[58.012s] -- Installing: /home/rokey/ros2_ws/install/dsr_msgs2/include/dsr_msgs2/dsr_msgs2/srv/detail/get_rt_control_input_data_list__builder.hpp
[58.012s] -- Installing: /home/rokey/ros2_ws/install/dsr_msgs2/include/dsr_msgs2/dsr_msgs2/srv/detail/get_user_cart_coord__builder.hpp
[58.012s] -- Installing: /home/rokey/ros2_ws/install/dsr_msgs2/include/dsr_msgs2/dsr_msgs2/srv/detail/check_orientation_condition1__type_support.hpp
[58.012s] -- Installing: /home/rokey/ros2_ws/install/dsr_msgs2/include/dsr_msgs2/dsr_msgs2/srv/detail/get_robot_system__traits.hpp
[58.012s] -- Installing: /home/rokey/ros2_ws/install/dsr_msgs2/include/dsr_msgs2/dsr_msgs2/srv/detail/start_rt_control__type_support.hpp
[58.012s] -- Installing: /home/rokey/ros2_ws/install/dsr_msgs2/include/dsr_msgs2/dsr_msgs2/srv/detail/get_ctrl_box_digital_output__builder.hpp
[58.012s] -- Installing: /home/rokey/ros2_ws/install/dsr_msgs2/include/dsr_msgs2/dsr_msgs2/srv/detail/servo_off__struct.hpp
[58.012s] -- Installing: /home/rokey/ros2_ws/install/dsr_msgs2/include/dsr_msgs2/dsr_msgs2/srv/detail/is_done_bolt_tightening__builder.hpp
[58.012s] -- Installing: /home/rokey/ros2_ws/install/dsr_msgs2/include/dsr_msgs2/dsr_msgs2/srv/detail/set_user_cart_coord3__builder.hpp
[58.012s] -- Installing: /home/rokey/ros2_ws/install/dsr_msgs2/include/dsr_msgs2/dsr_msgs2/srv/detail/move_spline_joint__struct.hpp
[58.012s] -- Installing: /home/rokey/ros2_ws/install/dsr_msgs2/include/dsr_msgs2/dsr_msgs2/srv/detail/get_current_pose__struct.hpp
[58.012s] -- Installing: /home/rokey/ros2_ws/install/dsr_msgs2/include/dsr_msgs2/dsr_msgs2/srv/detail/get_control_space__builder.hpp
[58.012s] -- Installing: /home/rokey/ros2_ws/install/dsr_msgs2/include/dsr_msgs2/dsr_msgs2/srv/detail/set_ctrl_box_analog_output__type_support.hpp
[58.012s] -- Installing: /home/rokey/ros2_ws/install/dsr_msgs2/include/dsr_msgs2/dsr_msgs2/srv/detail/ikin__struct.hpp
[58.012s] -- Installing: /home/rokey/ros2_ws/install/dsr_msgs2/include/dsr_msgs2/dsr_msgs2/srv/detail/get_rt_control_output_version_list__struct.hpp
[58.012s] -- Installing: /home/rokey/ros2_ws/install/dsr_msgs2/include/dsr_msgs2/dsr_msgs2/srv/detail/release_force__type_support.hpp
[58.012s] -- Installing: /home/rokey/ros2_ws/install/dsr_msgs2/include/dsr_msgs2/dsr_msgs2/srv/detail/get_last_alarm__traits.hpp
[58.012s] -- Installing: /home/rokey/ros2_ws/install/dsr_msgs2/include/dsr_msgs2/dsr_msgs2/srv/detail/check_orientation_condition1__builder.hpp
[58.013s] -- Installing: /home/rokey/ros2_ws/install/dsr_msgs2/include/dsr_msgs2/dsr_msgs2/srv/detail/ikin__traits.hpp
[58.013s] -- Installing: /home/rokey/ros2_ws/install/dsr_msgs2/include/dsr_msgs2/dsr_msgs2/srv/detail/move_blending__builder.hpp
[58.013s] -- Installing: /home/rokey/ros2_ws/install/dsr_msgs2/include/dsr_msgs2/dsr_msgs2/srv/detail/release_compliance_ctrl__struct.hpp
[58.013s] -- Installing: /home/rokey/ros2_ws/install/dsr_msgs2/include/dsr_msgs2/dsr_msgs2/srv/detail/parallel_axis1__builder.hpp
[58.013s] -- Installing: /home/rokey/ros2_ws/install/dsr_msgs2/include/dsr_msgs2/dsr_msgs2/srv/detail/get_tool_digital_output__struct.hpp
[58.013s] -- Installing: /home/rokey/ros2_ws/install/dsr_msgs2/include/dsr_msgs2/dsr_msgs2/srv/detail/parallel_axis2__type_support.hpp
[58.013s] -- Installing: /home/rokey/ros2_ws/install/dsr_msgs2/include/dsr_msgs2/dsr_msgs2/srv/detail/align_axis1__struct.hpp
[58.013s] -- Installing: /home/rokey/ros2_ws/install/dsr_msgs2/include/dsr_msgs2/dsr_msgs2/srv/detail/get_rt_control_input_version_list__builder.hpp
[58.013s] -- Installing: /home/rokey/ros2_ws/install/dsr_msgs2/include/dsr_msgs2/dsr_msgs2/srv/detail/set_singularity_handling__traits.hpp
[58.013s] -- Installing: /home/rokey/ros2_ws/install/dsr_msgs2/include/dsr_msgs2/dsr_msgs2/srv/detail/check_position_condition__traits.hpp
[58.013s] -- Installing: /home/rokey/ros2_ws/install/dsr_msgs2/include/dsr_msgs2/dsr_msgs2/srv/detail/set_stiffnessx__struct.hpp
[58.013s] -- Installing: /home/rokey/ros2_ws/install/dsr_msgs2/include/dsr_msgs2/dsr_msgs2/srv/detail/get_robot_state__builder.hpp
[58.013s] -- Installing: /home/rokey/ros2_ws/install/dsr_msgs2/include/dsr_msgs2/dsr_msgs2/srv/detail/get_current_velj__struct.hpp
[58.013s] -- Installing: /home/rokey/ros2_ws/install/dsr_msgs2/include/dsr_msgs2/dsr_msgs2/srv/detail/disconnect_rt_control__traits.hpp
[58.013s] -- Installing: /home/rokey/ros2_ws/install/dsr_msgs2/include/dsr_msgs2/dsr_msgs2/srv/detail/move_pause__struct.hpp
[58.013s] -- Installing: /home/rokey/ros2_ws/install/dsr_msgs2/include/dsr_msgs2/dsr_msgs2/srv/detail/change_collision_sensitivity__builder.hpp
[58.013s] -- Installing: /home/rokey/ros2_ws/install/dsr_msgs2/include/dsr_msgs2/dsr_msgs2/srv/detail/get_orientation_error__struct.hpp
[58.013s] -- Installing: /home/rokey/ros2_ws/install/dsr_msgs2/include/dsr_msgs2/dsr_msgs2/srv/detail/disconnect_rt_control__type_support.hpp
[58.013s] -- Installing: /home/rokey/ros2_ws/install/dsr_msgs2/include/dsr_msgs2/dsr_msgs2/srv/detail/config_delete_tcp__type_support.hpp
[58.013s] -- Installing: /home/rokey/ros2_ws/install/dsr_msgs2/include/dsr_msgs2/dsr_msgs2/srv/detail/jog_multi__builder.hpp
[58.013s] -- Installing: /home/rokey/ros2_ws/install/dsr_msgs2/include/dsr_msgs2/dsr_msgs2/srv/detail/move_stop__builder.hpp
[58.013s] -- Installing: /home/rokey/ros2_ws/install/dsr_msgs2/include/dsr_msgs2/dsr_msgs2/srv/detail/get_joint_torque__traits.hpp
[58.013s] -- Installing: /home/rokey/ros2_ws/install/dsr_msgs2/include/dsr_msgs2/dsr_msgs2/srv/detail/move_blending__traits.hpp
[58.014s] -- Installing: /home/rokey/ros2_ws/install/dsr_msgs2/include/dsr_msgs2/dsr_msgs2/srv/detail/parallel_axis1__struct.hpp
[58.014s] -- Installing: /home/rokey/ros2_ws/install/dsr_msgs2/include/dsr_msgs2/dsr_msgs2/srv/detail/get_desired_velj__struct.hpp
[58.014s] -- Installing: /home/rokey/ros2_ws/install/dsr_msgs2/include/dsr_msgs2/dsr_msgs2/srv/detail/get_robot_system__type_support.hpp
[58.014s] -- Installing: /home/rokey/ros2_ws/install/dsr_msgs2/include/dsr_msgs2/dsr_msgs2/srv/detail/set_current_tool__traits.hpp
[58.014s] -- Installing: /home/rokey/ros2_ws/install/dsr_msgs2/include/dsr_msgs2/dsr_msgs2/srv/detail/robotiq2_f_move__traits.hpp
[58.014s] -- Installing: /home/rokey/ros2_ws/install/dsr_msgs2/include/dsr_msgs2/dsr_msgs2/srv/detail/get_current_posx__struct.hpp
[58.014s] -- Installing: /home/rokey/ros2_ws/install/dsr_msgs2/include/dsr_msgs2/dsr_msgs2/srv/detail/set_velj_rt__builder.hpp
[58.014s] -- Installing: /home/rokey/ros2_ws/install/dsr_msgs2/include/dsr_msgs2/dsr_msgs2/srv/detail/get_joint_torque__builder.hpp
[58.014s] -- Installing: /home/rokey/ros2_ws/install/dsr_msgs2/include/dsr_msgs2/dsr_msgs2/srv/detail/set_modbus_output__struct.hpp
[58.014s] -- Installing: /home/rokey/ros2_ws/install/dsr_msgs2/include/dsr_msgs2/dsr_msgs2/srv/detail/disable_alter_motion__traits.hpp
[58.014s] -- Installing: /home/rokey/ros2_ws/install/dsr_msgs2/include/dsr_msgs2/dsr_msgs2/srv/detail/set_stiffnessx__type_support.hpp
[58.014s] -- Installing: /home/rokey/ros2_ws/install/dsr_msgs2/include/dsr_msgs2/dsr_msgs2/srv/detail/move_spline_joint__builder.hpp
[58.014s] -- Installing: /home/rokey/ros2_ws/install/dsr_msgs2/include/dsr_msgs2/dsr_msgs2/srv/detail/move_wait__builder.hpp
[58.014s] -- Installing: /home/rokey/ros2_ws/install/dsr_msgs2/include/dsr_msgs2/dsr_msgs2/srv/detail/drl_start__struct.hpp
[58.014s] -- Installing: /home/rokey/ros2_ws/install/dsr_msgs2/include/dsr_msgs2/dsr_msgs2/srv/detail/set_current_tcp__struct.hpp
[58.014s] -- Installing: /home/rokey/ros2_ws/install/dsr_msgs2/include/dsr_msgs2/dsr_msgs2/srv/detail/set_tool_digital_output__struct.hpp
[58.014s] -- Installing: /home/rokey/ros2_ws/install/dsr_msgs2/include/dsr_msgs2/dsr_msgs2/srv/detail/set_modbus_output__builder.hpp
[58.014s] -- Installing: /home/rokey/ros2_ws/install/dsr_msgs2/include/dsr_msgs2/dsr_msgs2/srv/detail/get_modbus_input__struct.hpp
[58.014s] -- Installing: /home/rokey/ros2_ws/install/dsr_msgs2/include/dsr_msgs2/dsr_msgs2/srv/detail/set_modbus_output__type_support.hpp
[58.014s] -- Installing: /home/rokey/ros2_ws/install/dsr_msgs2/include/dsr_msgs2/dsr_msgs2/srv/detail/robotiq2_f_close__struct.hpp
[58.014s] -- Installing: /home/rokey/ros2_ws/install/dsr_msgs2/include/dsr_msgs2/dsr_msgs2/srv/detail/get_current_solution_space__type_support.hpp
[58.014s] -- Installing: /home/rokey/ros2_ws/install/dsr_msgs2/include/dsr_msgs2/dsr_msgs2/srv/detail/write_data_rt__struct.hpp
[58.014s] -- Installing: /home/rokey/ros2_ws/install/dsr_msgs2/include/dsr_msgs2/dsr_msgs2/srv/detail/set_robot_mode__traits.hpp
[58.015s] -- Installing: /home/rokey/ros2_ws/install/dsr_msgs2/include/dsr_msgs2/dsr_msgs2/srv/detail/config_delete_modbus__struct.hpp
[58.015s] -- Installing: /home/rokey/ros2_ws/install/dsr_msgs2/include/dsr_msgs2/dsr_msgs2/srv/detail/write_data_rt__builder.hpp
[58.015s] -- Installing: /home/rokey/ros2_ws/install/dsr_msgs2/include/dsr_msgs2/dsr_msgs2/srv/detail/enable_alter_motion__type_support.hpp
[58.015s] -- Installing: /home/rokey/ros2_ws/install/dsr_msgs2/include/dsr_msgs2/dsr_msgs2/srv/detail/get_user_cart_coord__traits.hpp
[58.015s] -- Installing: /home/rokey/ros2_ws/install/dsr_msgs2/include/dsr_msgs2/dsr_msgs2/srv/detail/drl_pause__builder.hpp
[58.015s] -- Installing: /home/rokey/ros2_ws/install/dsr_msgs2/include/dsr_msgs2/dsr_msgs2/srv/detail/move_spline_joint__type_support.hpp
[58.015s] -- Installing: /home/rokey/ros2_ws/install/dsr_msgs2/include/dsr_msgs2/dsr_msgs2/srv/detail/robotiq2_f_open__traits.hpp
[58.015s] -- Installing: /home/rokey/ros2_ws/install/dsr_msgs2/include/dsr_msgs2/dsr_msgs2/srv/detail/check_force_condition__type_support.hpp
[58.015s] -- Installing: /home/rokey/ros2_ws/install/dsr_msgs2/include/dsr_msgs2/dsr_msgs2/srv/detail/get_current_posx__traits.hpp
[58.015s] -- Installing: /home/rokey/ros2_ws/install/dsr_msgs2/include/dsr_msgs2/dsr_msgs2/srv/detail/set_robot_system__type_support.hpp
[58.015s] -- Installing: /home/rokey/ros2_ws/install/dsr_msgs2/include/dsr_msgs2/dsr_msgs2/srv/detail/config_create_tool__traits.hpp
[58.015s] -- Installing: /home/rokey/ros2_ws/install/dsr_msgs2/include/dsr_msgs2/dsr_msgs2/srv/detail/move_spiral__traits.hpp
[58.015s] -- Installing: /home/rokey/ros2_ws/install/dsr_msgs2/include/dsr_msgs2/dsr_msgs2/srv/detail/get_robot_mode__type_support.hpp
[58.015s] -- Installing: /home/rokey/ros2_ws/install/dsr_msgs2/include/dsr_msgs2/dsr_msgs2/srv/detail/get_rt_control_output_version_list__traits.hpp
[58.015s] -- Installing: /home/rokey/ros2_ws/install/dsr_msgs2/include/dsr_msgs2/dsr_msgs2/srv/detail/config_delete_modbus__builder.hpp
[58.015s] -- Installing: /home/rokey/ros2_ws/install/dsr_msgs2/include/dsr_msgs2/dsr_msgs2/srv/detail/move_jointx__type_support.hpp
[58.015s] -- Installing: /home/rokey/ros2_ws/install/dsr_msgs2/include/dsr_msgs2/dsr_msgs2/srv/detail/overwrite_user_cart_coord__struct.hpp
[58.015s] -- Installing: /home/rokey/ros2_ws/install/dsr_msgs2/include/dsr_msgs2/dsr_msgs2/srv/detail/set_tool_shape__type_support.hpp
[58.015s] -- Installing: /home/rokey/ros2_ws/install/dsr_msgs2/include/dsr_msgs2/dsr_msgs2/srv/detail/get_robot_mode__builder.hpp
[58.015s] -- Installing: /home/rokey/ros2_ws/install/dsr_msgs2/include/dsr_msgs2/dsr_msgs2/srv/detail/connect_rt_control__type_support.hpp
[58.015s] -- Installing: /home/rokey/ros2_ws/install/dsr_msgs2/include/dsr_msgs2/dsr_msgs2/srv/detail/get_ctrl_box_digital_input__struct.hpp
[58.015s] -- Installing: /home/rokey/ros2_ws/install/dsr_msgs2/include/dsr_msgs2/dsr_msgs2/srv/detail/get_robot_speed_mode__builder.hpp
[58.016s] -- Installing: /home/rokey/ros2_ws/install/dsr_msgs2/include/dsr_msgs2/dsr_msgs2/srv/detail/trans__type_support.hpp
[58.016s] -- Installing: /home/rokey/ros2_ws/install/dsr_msgs2/include/dsr_msgs2/dsr_msgs2/srv/detail/get_last_alarm__struct.hpp
[58.016s] -- Installing: /home/rokey/ros2_ws/install/dsr_msgs2/include/dsr_msgs2/dsr_msgs2/srv/detail/drl_resume__traits.hpp
[58.016s] -- Installing: /home/rokey/ros2_ws/install/dsr_msgs2/include/dsr_msgs2/dsr_msgs2/srv/detail/check_motion__traits.hpp
[58.016s] -- Installing: /home/rokey/ros2_ws/install/dsr_msgs2/include/dsr_msgs2/dsr_msgs2/srv/detail/set_ctrl_box_analog_output__struct.hpp
[58.016s] -- Installing: /home/rokey/ros2_ws/install/dsr_msgs2/include/dsr_msgs2/dsr_msgs2/srv/detail/calc_coord__builder.hpp
[58.016s] -- Installing: /home/rokey/ros2_ws/install/dsr_msgs2/include/dsr_msgs2/dsr_msgs2/srv/detail/jog__struct.hpp
[58.016s] -- Installing: /home/rokey/ros2_ws/install/dsr_msgs2/include/dsr_msgs2/dsr_msgs2/srv/detail/get_external_torque__builder.hpp
[58.016s] -- Installing: /home/rokey/ros2_ws/install/dsr_msgs2/include/dsr_msgs2/dsr_msgs2/srv/detail/change_operation_speed__struct.hpp
[58.016s] -- Installing: /home/rokey/ros2_ws/install/dsr_msgs2/include/dsr_msgs2/dsr_msgs2/srv/detail/set_ctrl_box_analog_input_type__struct.hpp
[58.016s] -- Installing: /home/rokey/ros2_ws/install/dsr_msgs2/include/dsr_msgs2/dsr_msgs2/srv/detail/serial_send_data__type_support.hpp
[58.016s] -- Installing: /home/rokey/ros2_ws/install/dsr_msgs2/include/dsr_msgs2/dsr_msgs2/srv/detail/set_velj_rt__struct.hpp
[58.016s] -- Installing: /home/rokey/ros2_ws/install/dsr_msgs2/include/dsr_msgs2/dsr_msgs2/srv/detail/stop_rt_control__type_support.hpp
[58.016s] -- Installing: /home/rokey/ros2_ws/install/dsr_msgs2/include/dsr_msgs2/dsr_msgs2/srv/detail/get_current_tool__struct.hpp
[58.016s] -- Installing: /home/rokey/ros2_ws/install/dsr_msgs2/include/dsr_msgs2/dsr_msgs2/srv/detail/robotiq2_f_move__builder.hpp
[58.016s] -- Installing: /home/rokey/ros2_ws/install/dsr_msgs2/include/dsr_msgs2/dsr_msgs2/srv/detail/robotiq2_f_open__struct.hpp
[58.016s] -- Installing: /home/rokey/ros2_ws/install/dsr_msgs2/include/dsr_msgs2/dsr_msgs2/srv/detail/align_axis2__traits.hpp
[58.016s] -- Installing: /home/rokey/ros2_ws/install/dsr_msgs2/include/dsr_msgs2/dsr_msgs2/srv/detail/get_user_cart_coord__struct.hpp
[58.016s] -- Installing: /home/rokey/ros2_ws/install/dsr_msgs2/include/dsr_msgs2/dsr_msgs2/srv/detail/set_robot_control__type_support.hpp
[58.016s] -- Installing: /home/rokey/ros2_ws/install/dsr_msgs2/include/dsr_msgs2/dsr_msgs2/srv/detail/get_current_tool__builder.hpp
[58.016s] -- Installing: /home/rokey/ros2_ws/install/dsr_msgs2/include/dsr_msgs2/dsr_msgs2/srv/detail/is_done_bolt_tightening__type_support.hpp
[58.016s] -- Installing: /home/rokey/ros2_ws/install/dsr_msgs2/include/dsr_msgs2/dsr_msgs2/srv/detail/get_joint_torque__struct.hpp
[58.016s] -- Installing: /home/rokey/ros2_ws/install/dsr_msgs2/include/dsr_msgs2/dsr_msgs2/srv/detail/move_circle__traits.hpp
[58.017s] -- Installing: /home/rokey/ros2_ws/install/dsr_msgs2/include/dsr_msgs2/dsr_msgs2/srv/detail/move_circle__struct.hpp
[58.017s] -- Installing: /home/rokey/ros2_ws/install/dsr_msgs2/include/dsr_msgs2/dsr_msgs2/srv/detail/config_delete_tcp__builder.hpp
[58.017s] -- Installing: /home/rokey/ros2_ws/install/dsr_msgs2/include/dsr_msgs2/dsr_msgs2/srv/detail/get_robot_mode__traits.hpp
[58.017s] -- Installing: /home/rokey/ros2_ws/install/dsr_msgs2/include/dsr_msgs2/dsr_msgs2/srv/detail/get_desired_velx__traits.hpp
[58.017s] -- Installing: /home/rokey/ros2_ws/install/dsr_msgs2/include/dsr_msgs2/dsr_msgs2/srv/detail/set_desired_force__traits.hpp
[58.017s] -- Installing: /home/rokey/ros2_ws/install/dsr_msgs2/include/dsr_msgs2/dsr_msgs2/srv/detail/get_ctrl_box_analog_input__builder.hpp
[58.017s] -- Installing: /home/rokey/ros2_ws/install/dsr_msgs2/include/dsr_msgs2/dsr_msgs2/srv/detail/get_current_tool_flange_posx__type_support.hpp
[58.017s] -- Installing: /home/rokey/ros2_ws/install/dsr_msgs2/include/dsr_msgs2/dsr_msgs2/srv/detail/drl_start__traits.hpp
[58.017s] -- Installing: /home/rokey/ros2_ws/install/dsr_msgs2/include/dsr_msgs2/dsr_msgs2/srv/detail/set_velx_rt__builder.hpp
[58.017s] -- Installing: /home/rokey/ros2_ws/install/dsr_msgs2/include/dsr_msgs2/dsr_msgs2/srv/detail/move_spline_task__struct.hpp
[58.017s] -- Installing: /home/rokey/ros2_ws/install/dsr_msgs2/include/dsr_msgs2/dsr_msgs2/srv/detail/jog__traits.hpp
[58.017s] -- Installing: /home/rokey/ros2_ws/install/dsr_msgs2/include/dsr_msgs2/dsr_msgs2/srv/detail/get_robot_system__builder.hpp
[58.017s] -- Installing: /home/rokey/ros2_ws/install/dsr_msgs2/include/dsr_msgs2/dsr_msgs2/srv/detail/task_compliance_ctrl__type_support.hpp
[58.017s] -- Installing: /home/rokey/ros2_ws/install/dsr_msgs2/include/dsr_msgs2/dsr_msgs2/srv/detail/get_ctrl_box_digital_input__type_support.hpp
[58.017s] -- Installing: /home/rokey/ros2_ws/install/dsr_msgs2/include/dsr_msgs2/dsr_msgs2/srv/detail/set_safe_stop_reset_type__struct.hpp
[58.017s] -- Installing: /home/rokey/ros2_ws/install/dsr_msgs2/include/dsr_msgs2/dsr_msgs2/srv/detail/read_data_rt__type_support.hpp
[58.017s] -- Installing: /home/rokey/ros2_ws/install/dsr_msgs2/include/dsr_msgs2/dsr_msgs2/srv/detail/alter_motion__type_support.hpp
[58.017s] -- Installing: /home/rokey/ros2_ws/install/dsr_msgs2/include/dsr_msgs2/dsr_msgs2/srv/detail/set_safety_mode__builder.hpp
[58.017s] -- Installing: /home/rokey/ros2_ws/install/dsr_msgs2/include/dsr_msgs2/dsr_msgs2/srv/detail/get_current_tool__type_support.hpp
[58.017s] -- Installing: /home/rokey/ros2_ws/install/dsr_msgs2/include/dsr_msgs2/dsr_msgs2/srv/detail/get_drl_state__builder.hpp
[58.017s] -- Installing: /home/rokey/ros2_ws/install/dsr_msgs2/include/dsr_msgs2/dsr_msgs2/srv/detail/set_ref_coord__builder.hpp
[58.017s] -- Installing: /home/rokey/ros2_ws/install/dsr_msgs2/include/dsr_msgs2/dsr_msgs2/srv/detail/set_user_cart_coord1__type_support.hpp
[58.017s] -- Installing: /home/rokey/ros2_ws/install/dsr_msgs2/include/dsr_msgs2/dsr_msgs2/srv/detail/change_operation_speed__traits.hpp
[58.018s] -- Installing: /home/rokey/ros2_ws/install/dsr_msgs2/include/dsr_msgs2/dsr_msgs2/srv/detail/get_tool_digital_input__struct.hpp
[58.018s] -- Installing: /home/rokey/ros2_ws/install/dsr_msgs2/include/dsr_msgs2/dsr_msgs2/srv/detail/serial_send_data__builder.hpp
[58.018s] -- Installing: /home/rokey/ros2_ws/install/dsr_msgs2/include/dsr_msgs2/dsr_msgs2/srv/detail/config_create_tool__builder.hpp
[58.018s] -- Installing: /home/rokey/ros2_ws/install/dsr_msgs2/include/dsr_msgs2/dsr_msgs2/srv/detail/parallel_axis1__type_support.hpp
[58.018s] -- Installing: /home/rokey/ros2_ws/install/dsr_msgs2/include/dsr_msgs2/dsr_msgs2/srv/detail/start_rt_control__struct.hpp
[58.018s] -- Installing: /home/rokey/ros2_ws/install/dsr_msgs2/include/dsr_msgs2/dsr_msgs2/srv/detail/set_tool_digital_output__traits.hpp
[58.018s] -- Installing: /home/rokey/ros2_ws/install/dsr_msgs2/include/dsr_msgs2/dsr_msgs2/srv/detail/set_user_cart_coord3__struct.hpp
[58.018s] -- Installing: /home/rokey/ros2_ws/install/dsr_msgs2/include/dsr_msgs2/dsr_msgs2/srv/detail/move_line__builder.hpp
[58.018s] -- Installing: /home/rokey/ros2_ws/install/dsr_msgs2/include/dsr_msgs2/dsr_msgs2/srv/detail/move_stop__traits.hpp
[58.018s] -- Installing: /home/rokey/ros2_ws/install/dsr_msgs2/include/dsr_msgs2/dsr_msgs2/srv/detail/get_workpiece_weight__struct.hpp
[58.018s] -- Installing: /home/rokey/ros2_ws/install/dsr_msgs2/include/dsr_msgs2/dsr_msgs2/srv/detail/check_force_condition__struct.hpp
[58.018s] -- Installing: /home/rokey/ros2_ws/install/dsr_msgs2/include/dsr_msgs2/dsr_msgs2/srv/detail/get_desired_posj__type_support.hpp
[58.018s] -- Installing: /home/rokey/ros2_ws/install/dsr_msgs2/include/dsr_msgs2/dsr_msgs2/srv/detail/config_create_modbus__traits.hpp
[58.018s] -- Installing: /home/rokey/ros2_ws/install/dsr_msgs2/include/dsr_msgs2/dsr_msgs2/srv/detail/robotiq2_f_open__type_support.hpp
[58.018s] -- Installing: /home/rokey/ros2_ws/install/dsr_msgs2/include/dsr_msgs2/dsr_msgs2/srv/detail/set_singularity_handling__builder.hpp
[58.018s] -- Installing: /home/rokey/ros2_ws/install/dsr_msgs2/include/dsr_msgs2/dsr_msgs2/srv/detail/stop_rt_control__traits.hpp
[58.018s] -- Installing: /home/rokey/ros2_ws/install/dsr_msgs2/include/dsr_msgs2/dsr_msgs2/srv/detail/set_safety_mode__type_support.hpp
[58.018s] -- Installing: /home/rokey/ros2_ws/install/dsr_msgs2/include/dsr_msgs2/dsr_msgs2/srv/detail/get_current_velj__type_support.hpp
[58.018s] -- Installing: /home/rokey/ros2_ws/install/dsr_msgs2/include/dsr_msgs2/dsr_msgs2/srv/detail/set_robot_control__struct.hpp
[58.018s] -- Installing: /home/rokey/ros2_ws/install/dsr_msgs2/include/dsr_msgs2/dsr_msgs2/srv/detail/get_rt_control_output_data_list__struct.hpp
[58.018s] -- Installing: /home/rokey/ros2_ws/install/dsr_msgs2/include/dsr_msgs2/dsr_msgs2/srv/detail/set_current_tool__type_support.hpp
[58.018s] -- Installing: /home/rokey/ros2_ws/install/dsr_msgs2/include/dsr_msgs2/dsr_msgs2/srv/detail/set_robot_control__traits.hpp
[58.018s] -- Installing: /home/rokey/ros2_ws/install/dsr_msgs2/include/dsr_msgs2/dsr_msgs2/srv/detail/connect_rt_control__builder.hpp
[58.018s] -- Installing: /home/rokey/ros2_ws/install/dsr_msgs2/include/dsr_msgs2/dsr_msgs2/srv/detail/check_force_condition__traits.hpp
[58.019s] -- Installing: /home/rokey/ros2_ws/install/dsr_msgs2/include/dsr_msgs2/dsr_msgs2/srv/detail/get_external_torque__traits.hpp
[58.019s] -- Installing: /home/rokey/ros2_ws/install/dsr_msgs2/include/dsr_msgs2/dsr_msgs2/srv/detail/get_current_posx__type_support.hpp
[58.019s] -- Installing: /home/rokey/ros2_ws/install/dsr_msgs2/include/dsr_msgs2/dsr_msgs2/srv/detail/check_orientation_condition2__builder.hpp
[58.019s] -- Installing: /home/rokey/ros2_ws/install/dsr_msgs2/include/dsr_msgs2/dsr_msgs2/srv/detail/move_blending__type_support.hpp
[58.019s] -- Installing: /home/rokey/ros2_ws/install/dsr_msgs2/include/dsr_msgs2/dsr_msgs2/srv/detail/align_axis1__traits.hpp
[58.019s] -- Installing: /home/rokey/ros2_ws/install/dsr_msgs2/include/dsr_msgs2/dsr_msgs2/srv/detail/move_periodic__builder.hpp
[58.019s] -- Installing: /home/rokey/ros2_ws/install/dsr_msgs2/include/dsr_msgs2/dsr_msgs2/srv/detail/get_current_velx__struct.hpp
[58.019s] -- Installing: /home/rokey/ros2_ws/install/dsr_msgs2/include/dsr_msgs2/dsr_msgs2/srv/detail/connect_rt_control__traits.hpp
[58.019s] -- Installing: /home/rokey/ros2_ws/install/dsr_msgs2/include/dsr_msgs2/dsr_msgs2/srv/detail/change_collision_sensitivity__type_support.hpp
[58.019s] -- Installing: /home/rokey/ros2_ws/install/dsr_msgs2/include/dsr_msgs2/dsr_msgs2/srv/detail/get_orientation_error__type_support.hpp
[58.019s] -- Installing: /home/rokey/ros2_ws/install/dsr_msgs2/include/dsr_msgs2/dsr_msgs2/srv/detail/set_safety_mode__traits.hpp
[58.019s] -- Installing: /home/rokey/ros2_ws/install/dsr_msgs2/include/dsr_msgs2/dsr_msgs2/srv/detail/get_current_velx__type_support.hpp
[58.019s] -- Installing: /home/rokey/ros2_ws/install/dsr_msgs2/include/dsr_msgs2/dsr_msgs2/srv/detail/config_create_modbus__builder.hpp
[58.019s] -- Installing: /home/rokey/ros2_ws/install/dsr_msgs2/include/dsr_msgs2/dsr_msgs2/srv/detail/serial_send_data__traits.hpp
[58.019s] -- Installing: /home/rokey/ros2_ws/install/dsr_msgs2/include/dsr_msgs2/dsr_msgs2/srv/detail/move_periodic__traits.hpp
[58.019s] -- Installing: /home/rokey/ros2_ws/install/dsr_msgs2/include/dsr_msgs2/dsr_msgs2/srv/detail/set_velj_rt__traits.hpp
[58.019s] -- Installing: /home/rokey/ros2_ws/install/dsr_msgs2/include/dsr_msgs2/dsr_msgs2/srv/detail/get_tool_digital_output__type_support.hpp
[58.019s] -- Installing: /home/rokey/ros2_ws/install/dsr_msgs2/include/dsr_msgs2/dsr_msgs2/srv/detail/jog_multi__struct.hpp
[58.019s] -- Installing: /home/rokey/ros2_ws/install/dsr_msgs2/include/dsr_msgs2/dsr_msgs2/srv/detail/drl_start__type_support.hpp
[58.019s] -- Installing: /home/rokey/ros2_ws/install/dsr_msgs2/include/dsr_msgs2/dsr_msgs2/srv/detail/align_axis2__type_support.hpp
[58.019s] -- Installing: /home/rokey/ros2_ws/install/dsr_msgs2/include/dsr_msgs2/dsr_msgs2/srv/detail/get_current_pose__type_support.hpp
[58.019s] -- Installing: /home/rokey/ros2_ws/install/dsr_msgs2/include/dsr_msgs2/dsr_msgs2/srv/detail/get_ctrl_box_digital_output__traits.hpp
[58.019s] -- Installing: /home/rokey/ros2_ws/install/dsr_msgs2/include/dsr_msgs2/dsr_msgs2/srv/fkin.hpp
[58.020s] -- Installing: /home/rokey/ros2_ws/install/dsr_msgs2/include/dsr_msgs2/dsr_msgs2/srv/set_ctrl_box_digital_output.hpp
[58.020s] -- Installing: /home/rokey/ros2_ws/install/dsr_msgs2/include/dsr_msgs2/dsr_msgs2/srv/get_drl_state.hpp
[58.020s] -- Installing: /home/rokey/ros2_ws/install/dsr_msgs2/include/dsr_msgs2/dsr_msgs2/srv/set_stiffnessx.hpp
[58.020s] -- Installing: /home/rokey/ros2_ws/install/dsr_msgs2/include/dsr_msgs2/dsr_msgs2/srv/get_rt_control_input_version_list.hpp
[58.020s] -- Installing: /home/rokey/ros2_ws/install/dsr_msgs2/include/dsr_msgs2/dsr_msgs2/srv/config_delete_tcp.hpp
[58.020s] -- Installing: /home/rokey/ros2_ws/install/dsr_msgs2/include/dsr_msgs2/dsr_msgs2/srv/config_create_tool.hpp
[58.020s] -- Installing: /home/rokey/ros2_ws/install/dsr_msgs2/include/dsr_msgs2/dsr_msgs2/srv/drl_start.hpp
[58.020s] -- Installing: /home/rokey/ros2_ws/install/dsr_msgs2/include/dsr_msgs2/dsr_msgs2/srv/get_current_velj.hpp
[58.020s] -- Installing: /home/rokey/ros2_ws/install/dsr_msgs2/include/dsr_msgs2/dsr_msgs2/srv/set_ctrl_box_analog_output_type.hpp
[58.020s] -- Installing: /home/rokey/ros2_ws/install/dsr_msgs2/include/dsr_msgs2/dsr_msgs2/srv/get_desired_posj.hpp
[58.020s] -- Installing: /home/rokey/ros2_ws/install/dsr_msgs2/include/dsr_msgs2/dsr_msgs2/srv/check_orientation_condition1.hpp
[58.020s] -- Installing: /home/rokey/ros2_ws/install/dsr_msgs2/include/dsr_msgs2/dsr_msgs2/srv/move_resume.hpp
[58.020s] -- Installing: /home/rokey/ros2_ws/install/dsr_msgs2/include/dsr_msgs2/dsr_msgs2/srv/set_desired_force.hpp
[58.020s] -- Installing: /home/rokey/ros2_ws/install/dsr_msgs2/include/dsr_msgs2/dsr_msgs2/srv/get_current_rotm.hpp
[58.020s] -- Installing: /home/rokey/ros2_ws/install/dsr_msgs2/include/dsr_msgs2/dsr_msgs2/srv/calc_coord.hpp
[58.020s] -- Installing: /home/rokey/ros2_ws/install/dsr_msgs2/include/dsr_msgs2/dsr_msgs2/srv/config_create_modbus.hpp
[58.020s] -- Up-to-date: /home/rokey/ros2_ws/install/dsr_msgs2/include/dsr_msgs2/dsr_msgs2
[58.021s] -- Up-to-date: /home/rokey/ros2_ws/install/dsr_msgs2/include/dsr_msgs2/dsr_msgs2/msg
[58.021s] -- Installing: /home/rokey/ros2_ws/install/dsr_msgs2/include/dsr_msgs2/dsr_msgs2/msg/rosidl_typesupport_fastrtps_cpp__visibility_control.h
[58.021s] -- Up-to-date: /home/rokey/ros2_ws/install/dsr_msgs2/include/dsr_msgs2/dsr_msgs2/msg/detail
[58.021s] -- Installing: /home/rokey/ros2_ws/install/dsr_msgs2/include/dsr_msgs2/dsr_msgs2/msg/detail/robot_state__rosidl_typesupport_fastrtps_cpp.hpp
[58.021s] -- Installing: /home/rokey/ros2_ws/install/dsr_msgs2/include/dsr_msgs2/dsr_msgs2/msg/detail/alter_motion_stream__rosidl_typesupport_fastrtps_cpp.hpp
[58.021s] -- Installing: /home/rokey/ros2_ws/install/dsr_msgs2/include/dsr_msgs2/dsr_msgs2/msg/detail/speedj_rt_stream__rosidl_typesupport_fastrtps_cpp.hpp
[58.021s] -- Installing: /home/rokey/ros2_ws/install/dsr_msgs2/include/dsr_msgs2/dsr_msgs2/msg/detail/servoj_stream__rosidl_typesupport_fastrtps_cpp.hpp
[58.021s] -- Installing: /home/rokey/ros2_ws/install/dsr_msgs2/include/dsr_msgs2/dsr_msgs2/msg/detail/robot_state_rt__rosidl_typesupport_fastrtps_cpp.hpp
[58.021s] -- Installing: /home/rokey/ros2_ws/install/dsr_msgs2/include/dsr_msgs2/dsr_msgs2/msg/detail/torque_rt_stream__rosidl_typesupport_fastrtps_cpp.hpp
[58.021s] -- Installing: /home/rokey/ros2_ws/install/dsr_msgs2/include/dsr_msgs2/dsr_msgs2/msg/detail/speedj_stream__rosidl_typesupport_fastrtps_cpp.hpp
[58.021s] -- Installing: /home/rokey/ros2_ws/install/dsr_msgs2/include/dsr_msgs2/dsr_msgs2/msg/detail/servol_stream__rosidl_typesupport_fastrtps_cpp.hpp
[58.021s] -- Installing: /home/rokey/ros2_ws/install/dsr_msgs2/include/dsr_msgs2/dsr_msgs2/msg/detail/servoj_rt_stream__rosidl_typesupport_fastrtps_cpp.hpp
[58.021s] -- Installing: /home/rokey/ros2_ws/install/dsr_msgs2/include/dsr_msgs2/dsr_msgs2/msg/detail/dds_fastrtps
[58.021s] -- Installing: /home/rokey/ros2_ws/install/dsr_msgs2/include/dsr_msgs2/dsr_msgs2/msg/detail/log_alarm__rosidl_typesupport_fastrtps_cpp.hpp
[58.021s] -- Installing: /home/rokey/ros2_ws/install/dsr_msgs2/include/dsr_msgs2/dsr_msgs2/msg/detail/speedl_rt_stream__rosidl_typesupport_fastrtps_cpp.hpp
[58.021s] -- Installing: /home/rokey/ros2_ws/install/dsr_msgs2/include/dsr_msgs2/dsr_msgs2/msg/detail/speedl_stream__rosidl_typesupport_fastrtps_cpp.hpp
[58.021s] -- Installing: /home/rokey/ros2_ws/install/dsr_msgs2/include/dsr_msgs2/dsr_msgs2/msg/detail/robot_stop__rosidl_typesupport_fastrtps_cpp.hpp
[58.021s] -- Installing: /home/rokey/ros2_ws/install/dsr_msgs2/include/dsr_msgs2/dsr_msgs2/msg/detail/jog_multi_axis__rosidl_typesupport_fastrtps_cpp.hpp
[58.021s] -- Installing: /home/rokey/ros2_ws/install/dsr_msgs2/include/dsr_msgs2/dsr_msgs2/msg/detail/servol_rt_stream__rosidl_typesupport_fastrtps_cpp.hpp
[58.021s] -- Installing: /home/rokey/ros2_ws/install/dsr_msgs2/include/dsr_msgs2/dsr_msgs2/msg/detail/modbus_state__rosidl_typesupport_fastrtps_cpp.hpp
[58.021s] -- Installing: /home/rokey/ros2_ws/install/dsr_msgs2/include/dsr_msgs2/dsr_msgs2/msg/detail/robot_error__rosidl_typesupport_fastrtps_cpp.hpp
[58.021s] -- Up-to-date: /home/rokey/ros2_ws/install/dsr_msgs2/include/dsr_msgs2/dsr_msgs2/srv
[58.021s] -- Up-to-date: /home/rokey/ros2_ws/install/dsr_msgs2/include/dsr_msgs2/dsr_msgs2/srv/detail
[58.021s] -- Installing: /home/rokey/ros2_ws/install/dsr_msgs2/include/dsr_msgs2/dsr_msgs2/srv/detail/check_orientation_condition1__rosidl_typesupport_fastrtps_cpp.hpp
[58.021s] -- Installing: /home/rokey/ros2_ws/install/dsr_msgs2/include/dsr_msgs2/dsr_msgs2/srv/detail/get_current_velx__rosidl_typesupport_fastrtps_cpp.hpp
[58.022s] -- Installing: /home/rokey/ros2_ws/install/dsr_msgs2/include/dsr_msgs2/dsr_msgs2/srv/detail/config_create_tcp__rosidl_typesupport_fastrtps_cpp.hpp
[58.022s] -- Installing: /home/rokey/ros2_ws/install/dsr_msgs2/include/dsr_msgs2/dsr_msgs2/srv/detail/get_control_space__rosidl_typesupport_fastrtps_cpp.hpp
[58.022s] -- Installing: /home/rokey/ros2_ws/install/dsr_msgs2/include/dsr_msgs2/dsr_msgs2/srv/detail/move_circle__rosidl_typesupport_fastrtps_cpp.hpp
[58.022s] -- Installing: /home/rokey/ros2_ws/install/dsr_msgs2/include/dsr_msgs2/dsr_msgs2/srv/detail/move_spline_task__rosidl_typesupport_fastrtps_cpp.hpp
[58.022s] -- Installing: /home/rokey/ros2_ws/install/dsr_msgs2/include/dsr_msgs2/dsr_msgs2/srv/detail/disable_alter_motion__rosidl_typesupport_fastrtps_cpp.hpp
[58.022s] -- Installing: /home/rokey/ros2_ws/install/dsr_msgs2/include/dsr_msgs2/dsr_msgs2/srv/detail/get_robot_mode__rosidl_typesupport_fastrtps_cpp.hpp
[58.022s] -- Installing: /home/rokey/ros2_ws/install/dsr_msgs2/include/dsr_msgs2/dsr_msgs2/srv/detail/set_safe_stop_reset_type__rosidl_typesupport_fastrtps_cpp.hpp
[58.022s] -- Installing: /home/rokey/ros2_ws/install/dsr_msgs2/include/dsr_msgs2/dsr_msgs2/srv/detail/get_tool_force__rosidl_typesupport_fastrtps_cpp.hpp
[58.022s] -- Installing: /home/rokey/ros2_ws/install/dsr_msgs2/include/dsr_msgs2/dsr_msgs2/srv/detail/set_current_tcp__rosidl_typesupport_fastrtps_cpp.hpp
[58.022s] -- Installing: /home/rokey/ros2_ws/install/dsr_msgs2/include/dsr_msgs2/dsr_msgs2/srv/detail/get_workpiece_weight__rosidl_typesupport_fastrtps_cpp.hpp
[58.022s] -- Installing: /home/rokey/ros2_ws/install/dsr_msgs2/include/dsr_msgs2/dsr_msgs2/srv/detail/release_compliance_ctrl__rosidl_typesupport_fastrtps_cpp.hpp
[58.022s] -- Installing: /home/rokey/ros2_ws/install/dsr_msgs2/include/dsr_msgs2/dsr_msgs2/srv/detail/check_position_condition__rosidl_typesupport_fastrtps_cpp.hpp
[58.022s] -- Installing: /home/rokey/ros2_ws/install/dsr_msgs2/include/dsr_msgs2/dsr_msgs2/srv/detail/connect_rt_control__rosidl_typesupport_fastrtps_cpp.hpp
[58.022s] -- Installing: /home/rokey/ros2_ws/install/dsr_msgs2/include/dsr_msgs2/dsr_msgs2/srv/detail/set_velx_rt__rosidl_typesupport_fastrtps_cpp.hpp
[58.022s] -- Installing: /home/rokey/ros2_ws/install/dsr_msgs2/include/dsr_msgs2/dsr_msgs2/srv/detail/read_data_rt__rosidl_typesupport_fastrtps_cpp.hpp
[58.022s] -- Installing: /home/rokey/ros2_ws/install/dsr_msgs2/include/dsr_msgs2/dsr_msgs2/srv/detail/set_accj_rt__rosidl_typesupport_fastrtps_cpp.hpp
[58.022s] -- Installing: /home/rokey/ros2_ws/install/dsr_msgs2/include/dsr_msgs2/dsr_msgs2/srv/detail/get_ctrl_box_analog_input__rosidl_typesupport_fastrtps_cpp.hpp
[58.022s] -- Installing: /home/rokey/ros2_ws/install/dsr_msgs2/include/dsr_msgs2/dsr_msgs2/srv/detail/drl_resume__rosidl_typesupport_fastrtps_cpp.hpp
[58.022s] -- Installing: /home/rokey/ros2_ws/install/dsr_msgs2/include/dsr_msgs2/dsr_msgs2/srv/detail/set_accx_rt__rosidl_typesupport_fastrtps_cpp.hpp
[58.022s] -- Installing: /home/rokey/ros2_ws/install/dsr_msgs2/include/dsr_msgs2/dsr_msgs2/srv/detail/set_tool_shape__rosidl_typesupport_fastrtps_cpp.hpp
[58.022s] -- Installing: /home/rokey/ros2_ws/install/dsr_msgs2/include/dsr_msgs2/dsr_msgs2/srv/detail/get_rt_control_input_data_list__rosidl_typesupport_fastrtps_cpp.hpp
[58.022s] -- Installing: /home/rokey/ros2_ws/install/dsr_msgs2/include/dsr_msgs2/dsr_msgs2/srv/detail/set_robot_system__rosidl_typesupport_fastrtps_cpp.hpp
[58.023s] -- Installing: /home/rokey/ros2_ws/install/dsr_msgs2/include/dsr_msgs2/dsr_msgs2/srv/detail/get_current_pose__rosidl_typesupport_fastrtps_cpp.hpp
[58.023s] -- Installing: /home/rokey/ros2_ws/install/dsr_msgs2/include/dsr_msgs2/dsr_msgs2/srv/detail/set_tool_digital_output__rosidl_typesupport_fastrtps_cpp.hpp
[58.023s] -- Installing: /home/rokey/ros2_ws/install/dsr_msgs2/include/dsr_msgs2/dsr_msgs2/srv/detail/set_current_tool__rosidl_typesupport_fastrtps_cpp.hpp
[58.023s] -- Installing: /home/rokey/ros2_ws/install/dsr_msgs2/include/dsr_msgs2/dsr_msgs2/srv/detail/jog_multi__rosidl_typesupport_fastrtps_cpp.hpp
[58.023s] -- Installing: /home/rokey/ros2_ws/install/dsr_msgs2/include/dsr_msgs2/dsr_msgs2/srv/detail/set_ctrl_box_analog_input_type__rosidl_typesupport_fastrtps_cpp.hpp
[58.023s] -- Installing: /home/rokey/ros2_ws/install/dsr_msgs2/include/dsr_msgs2/dsr_msgs2/srv/detail/get_ctrl_box_digital_output__rosidl_typesupport_fastrtps_cpp.hpp
[58.023s] -- Installing: /home/rokey/ros2_ws/install/dsr_msgs2/include/dsr_msgs2/dsr_msgs2/srv/detail/get_tool_digital_input__rosidl_typesupport_fastrtps_cpp.hpp
[58.023s] -- Installing: /home/rokey/ros2_ws/install/dsr_msgs2/include/dsr_msgs2/dsr_msgs2/srv/detail/coord_transform__rosidl_typesupport_fastrtps_cpp.hpp
[58.023s] -- Installing: /home/rokey/ros2_ws/install/dsr_msgs2/include/dsr_msgs2/dsr_msgs2/srv/detail/get_desired_velx__rosidl_typesupport_fastrtps_cpp.hpp
[58.023s] -- Installing: /home/rokey/ros2_ws/install/dsr_msgs2/include/dsr_msgs2/dsr_msgs2/srv/detail/set_singularity_handling__rosidl_typesupport_fastrtps_cpp.hpp
[58.023s] -- Installing: /home/rokey/ros2_ws/install/dsr_msgs2/include/dsr_msgs2/dsr_msgs2/srv/detail/get_control_mode__rosidl_typesupport_fastrtps_cpp.hpp
[58.023s] -- Installing: /home/rokey/ros2_ws/install/dsr_msgs2/include/dsr_msgs2/dsr_msgs2/srv/detail/set_ref_coord__rosidl_typesupport_fastrtps_cpp.hpp
[58.023s] -- Installing: /home/rokey/ros2_ws/install/dsr_msgs2/include/dsr_msgs2/dsr_msgs2/srv/detail/get_current_tcp__rosidl_typesupport_fastrtps_cpp.hpp
[58.023s] -- Installing: /home/rokey/ros2_ws/install/dsr_msgs2/include/dsr_msgs2/dsr_msgs2/srv/detail/get_current_posj__rosidl_typesupport_fastrtps_cpp.hpp
[58.023s] -- Installing: /home/rokey/ros2_ws/install/dsr_msgs2/include/dsr_msgs2/dsr_msgs2/srv/detail/config_delete_tool__rosidl_typesupport_fastrtps_cpp.hpp
[58.023s] -- Installing: /home/rokey/ros2_ws/install/dsr_msgs2/include/dsr_msgs2/dsr_msgs2/srv/detail/get_desired_posj__rosidl_typesupport_fastrtps_cpp.hpp
[58.023s] -- Installing: /home/rokey/ros2_ws/install/dsr_msgs2/include/dsr_msgs2/dsr_msgs2/srv/detail/get_robot_system__rosidl_typesupport_fastrtps_cpp.hpp
[58.023s] -- Installing: /home/rokey/ros2_ws/install/dsr_msgs2/include/dsr_msgs2/dsr_msgs2/srv/detail/set_robot_mode__rosidl_typesupport_fastrtps_cpp.hpp
[58.023s] -- Installing: /home/rokey/ros2_ws/install/dsr_msgs2/include/dsr_msgs2/dsr_msgs2/srv/detail/robotiq2_f_close__rosidl_typesupport_fastrtps_cpp.hpp
[58.023s] -- Installing: /home/rokey/ros2_ws/install/dsr_msgs2/include/dsr_msgs2/dsr_msgs2/srv/detail/get_modbus_input__rosidl_typesupport_fastrtps_cpp.hpp
[58.023s] -- Installing: /home/rokey/ros2_ws/install/dsr_msgs2/include/dsr_msgs2/dsr_msgs2/srv/detail/move_line__rosidl_typesupport_fastrtps_cpp.hpp
[58.023s] -- Installing: /home/rokey/ros2_ws/install/dsr_msgs2/include/dsr_msgs2/dsr_msgs2/srv/detail/is_done_bolt_tightening__rosidl_typesupport_fastrtps_cpp.hpp
[58.023s] -- Installing: /home/rokey/ros2_ws/install/dsr_msgs2/include/dsr_msgs2/dsr_msgs2/srv/detail/drl_pause__rosidl_typesupport_fastrtps_cpp.hpp
[58.024s] -- Installing: /home/rokey/ros2_ws/install/dsr_msgs2/include/dsr_msgs2/dsr_msgs2/srv/detail/config_delete_tcp__rosidl_typesupport_fastrtps_cpp.hpp
[58.024s] -- Installing: /home/rokey/ros2_ws/install/dsr_msgs2/include/dsr_msgs2/dsr_msgs2/srv/detail/set_safety_mode__rosidl_typesupport_fastrtps_cpp.hpp
[58.024s] -- Installing: /home/rokey/ros2_ws/install/dsr_msgs2/include/dsr_msgs2/dsr_msgs2/srv/detail/task_compliance_ctrl__rosidl_typesupport_fastrtps_cpp.hpp
[58.024s] -- Installing: /home/rokey/ros2_ws/install/dsr_msgs2/include/dsr_msgs2/dsr_msgs2/srv/detail/move_home__rosidl_typesupport_fastrtps_cpp.hpp
[58.024s] -- Installing: /home/rokey/ros2_ws/install/dsr_msgs2/include/dsr_msgs2/dsr_msgs2/srv/detail/robotiq2_f_open__rosidl_typesupport_fastrtps_cpp.hpp
[58.024s] -- Installing: /home/rokey/ros2_ws/install/dsr_msgs2/include/dsr_msgs2/dsr_msgs2/srv/detail/overwrite_user_cart_coord__rosidl_typesupport_fastrtps_cpp.hpp
[58.024s] -- Installing: /home/rokey/ros2_ws/install/dsr_msgs2/include/dsr_msgs2/dsr_msgs2/srv/detail/servo_off__rosidl_typesupport_fastrtps_cpp.hpp
[58.024s] -- Installing: /home/rokey/ros2_ws/install/dsr_msgs2/include/dsr_msgs2/dsr_msgs2/srv/detail/serial_send_data__rosidl_typesupport_fastrtps_cpp.hpp
[58.024s] -- Installing: /home/rokey/ros2_ws/install/dsr_msgs2/include/dsr_msgs2/dsr_msgs2/srv/detail/reset_workpiece_weight__rosidl_typesupport_fastrtps_cpp.hpp
[58.024s] -- Installing: /home/rokey/ros2_ws/install/dsr_msgs2/include/dsr_msgs2/dsr_msgs2/srv/detail/set_ctrl_box_analog_output__rosidl_typesupport_fastrtps_cpp.hpp
[58.024s] -- Installing: /home/rokey/ros2_ws/install/dsr_msgs2/include/dsr_msgs2/dsr_msgs2/srv/detail/get_current_velj__rosidl_typesupport_fastrtps_cpp.hpp
[58.024s] -- Installing: /home/rokey/ros2_ws/install/dsr_msgs2/include/dsr_msgs2/dsr_msgs2/srv/detail/dds_fastrtps
[58.024s] -- Installing: /home/rokey/ros2_ws/install/dsr_msgs2/include/dsr_msgs2/dsr_msgs2/srv/detail/robotiq2_f_move__rosidl_typesupport_fastrtps_cpp.hpp
[58.024s] -- Installing: /home/rokey/ros2_ws/install/dsr_msgs2/include/dsr_msgs2/dsr_msgs2/srv/detail/set_modbus_output__rosidl_typesupport_fastrtps_cpp.hpp
[58.024s] -- Installing: /home/rokey/ros2_ws/install/dsr_msgs2/include/dsr_msgs2/dsr_msgs2/srv/detail/get_desired_velj__rosidl_typesupport_fastrtps_cpp.hpp
[58.024s] -- Installing: /home/rokey/ros2_ws/install/dsr_msgs2/include/dsr_msgs2/dsr_msgs2/srv/detail/move_jointx__rosidl_typesupport_fastrtps_cpp.hpp
[58.024s] -- Installing: /home/rokey/ros2_ws/install/dsr_msgs2/include/dsr_msgs2/dsr_msgs2/srv/detail/move_blending__rosidl_typesupport_fastrtps_cpp.hpp
[58.024s] -- Installing: /home/rokey/ros2_ws/install/dsr_msgs2/include/dsr_msgs2/dsr_msgs2/srv/detail/calc_coord__rosidl_typesupport_fastrtps_cpp.hpp
[58.024s] -- Installing: /home/rokey/ros2_ws/install/dsr_msgs2/include/dsr_msgs2/dsr_msgs2/srv/detail/get_drl_state__rosidl_typesupport_fastrtps_cpp.hpp
[58.024s] -- Installing: /home/rokey/ros2_ws/install/dsr_msgs2/include/dsr_msgs2/dsr_msgs2/srv/detail/get_last_alarm__rosidl_typesupport_fastrtps_cpp.hpp
[58.024s] -- Installing: /home/rokey/ros2_ws/install/dsr_msgs2/include/dsr_msgs2/dsr_msgs2/srv/detail/config_delete_modbus__rosidl_typesupport_fastrtps_cpp.hpp
[58.025s] -- Installing: /home/rokey/ros2_ws/install/dsr_msgs2/include/dsr_msgs2/dsr_msgs2/srv/detail/check_motion__rosidl_typesupport_fastrtps_cpp.hpp
[58.025s] -- Installing: /home/rokey/ros2_ws/install/dsr_msgs2/include/dsr_msgs2/dsr_msgs2/srv/detail/move_resume__rosidl_typesupport_fastrtps_cpp.hpp
[58.025s] -- Installing: /home/rokey/ros2_ws/install/dsr_msgs2/include/dsr_msgs2/dsr_msgs2/srv/detail/move_spline_joint__rosidl_typesupport_fastrtps_cpp.hpp
[58.025s] -- Installing: /home/rokey/ros2_ws/install/dsr_msgs2/include/dsr_msgs2/dsr_msgs2/srv/detail/get_current_tool__rosidl_typesupport_fastrtps_cpp.hpp
[58.025s] -- Installing: /home/rokey/ros2_ws/install/dsr_msgs2/include/dsr_msgs2/dsr_msgs2/srv/detail/set_robot_speed_mode__rosidl_typesupport_fastrtps_cpp.hpp
[58.025s] -- Installing: /home/rokey/ros2_ws/install/dsr_msgs2/include/dsr_msgs2/dsr_msgs2/srv/detail/get_orientation_error__rosidl_typesupport_fastrtps_cpp.hpp
[58.025s] -- Installing: /home/rokey/ros2_ws/install/dsr_msgs2/include/dsr_msgs2/dsr_msgs2/srv/detail/set_rt_control_output__rosidl_typesupport_fastrtps_cpp.hpp
[58.025s] -- Installing: /home/rokey/ros2_ws/install/dsr_msgs2/include/dsr_msgs2/dsr_msgs2/srv/detail/align_axis2__rosidl_typesupport_fastrtps_cpp.hpp
[58.025s] -- Installing: /home/rokey/ros2_ws/install/dsr_msgs2/include/dsr_msgs2/dsr_msgs2/srv/detail/config_create_tool__rosidl_typesupport_fastrtps_cpp.hpp
[58.025s] -- Installing: /home/rokey/ros2_ws/install/dsr_msgs2/include/dsr_msgs2/dsr_msgs2/srv/detail/change_collision_sensitivity__rosidl_typesupport_fastrtps_cpp.hpp
[58.025s] -- Installing: /home/rokey/ros2_ws/install/dsr_msgs2/include/dsr_msgs2/dsr_msgs2/srv/detail/get_current_tool_flange_posx__rosidl_typesupport_fastrtps_cpp.hpp
[58.025s] -- Installing: /home/rokey/ros2_ws/install/dsr_msgs2/include/dsr_msgs2/dsr_msgs2/srv/detail/start_rt_control__rosidl_typesupport_fastrtps_cpp.hpp
[58.025s] -- Installing: /home/rokey/ros2_ws/install/dsr_msgs2/include/dsr_msgs2/dsr_msgs2/srv/detail/move_spiral__rosidl_typesupport_fastrtps_cpp.hpp
[58.025s] -- Installing: /home/rokey/ros2_ws/install/dsr_msgs2/include/dsr_msgs2/dsr_msgs2/srv/detail/change_operation_speed__rosidl_typesupport_fastrtps_cpp.hpp
[58.025s] -- Installing: /home/rokey/ros2_ws/install/dsr_msgs2/include/dsr_msgs2/dsr_msgs2/srv/detail/drl_stop__rosidl_typesupport_fastrtps_cpp.hpp
[58.025s] -- Installing: /home/rokey/ros2_ws/install/dsr_msgs2/include/dsr_msgs2/dsr_msgs2/srv/detail/get_user_cart_coord__rosidl_typesupport_fastrtps_cpp.hpp
[58.025s] -- Installing: /home/rokey/ros2_ws/install/dsr_msgs2/include/dsr_msgs2/dsr_msgs2/srv/detail/get_joint_torque__rosidl_typesupport_fastrtps_cpp.hpp
[58.025s] -- Installing: /home/rokey/ros2_ws/install/dsr_msgs2/include/dsr_msgs2/dsr_msgs2/srv/detail/jog__rosidl_typesupport_fastrtps_cpp.hpp
[58.025s] -- Installing: /home/rokey/ros2_ws/install/dsr_msgs2/include/dsr_msgs2/dsr_msgs2/srv/detail/enable_alter_motion__rosidl_typesupport_fastrtps_cpp.hpp
[58.025s] -- Installing: /home/rokey/ros2_ws/install/dsr_msgs2/include/dsr_msgs2/dsr_msgs2/srv/detail/trans__rosidl_typesupport_fastrtps_cpp.hpp
[58.025s] -- Installing: /home/rokey/ros2_ws/install/dsr_msgs2/include/dsr_msgs2/dsr_msgs2/srv/detail/get_desired_posx__rosidl_typesupport_fastrtps_cpp.hpp
[58.025s] -- Installing: /home/rokey/ros2_ws/install/dsr_msgs2/include/dsr_msgs2/dsr_msgs2/srv/detail/set_rt_control_input__rosidl_typesupport_fastrtps_cpp.hpp
[58.025s] -- Installing: /home/rokey/ros2_ws/install/dsr_msgs2/include/dsr_msgs2/dsr_msgs2/srv/detail/get_rt_control_input_version_list__rosidl_typesupport_fastrtps_cpp.hpp
[58.026s] -- Installing: /home/rokey/ros2_ws/install/dsr_msgs2/include/dsr_msgs2/dsr_msgs2/srv/detail/ikin__rosidl_typesupport_fastrtps_cpp.hpp
[58.026s] -- Installing: /home/rokey/ros2_ws/install/dsr_msgs2/include/dsr_msgs2/dsr_msgs2/srv/detail/stop_rt_control__rosidl_typesupport_fastrtps_cpp.hpp
[58.026s] -- Installing: /home/rokey/ros2_ws/install/dsr_msgs2/include/dsr_msgs2/dsr_msgs2/srv/detail/set_robot_control__rosidl_typesupport_fastrtps_cpp.hpp
[58.026s] -- Installing: /home/rokey/ros2_ws/install/dsr_msgs2/include/dsr_msgs2/dsr_msgs2/srv/detail/fkin__rosidl_typesupport_fastrtps_cpp.hpp
[58.026s] -- Installing: /home/rokey/ros2_ws/install/dsr_msgs2/include/dsr_msgs2/dsr_msgs2/srv/detail/get_ctrl_box_digital_input__rosidl_typesupport_fastrtps_cpp.hpp
[58.026s] -- Installing: /home/rokey/ros2_ws/install/dsr_msgs2/include/dsr_msgs2/dsr_msgs2/srv/detail/get_rt_control_output_data_list__rosidl_typesupport_fastrtps_cpp.hpp
[58.026s] -- Installing: /home/rokey/ros2_ws/install/dsr_msgs2/include/dsr_msgs2/dsr_msgs2/srv/detail/get_rt_control_output_version_list__rosidl_typesupport_fastrtps_cpp.hpp
[58.026s] -- Installing: /home/rokey/ros2_ws/install/dsr_msgs2/include/dsr_msgs2/dsr_msgs2/srv/detail/drl_start__rosidl_typesupport_fastrtps_cpp.hpp
[58.026s] -- Installing: /home/rokey/ros2_ws/install/dsr_msgs2/include/dsr_msgs2/dsr_msgs2/srv/detail/write_data_rt__rosidl_typesupport_fastrtps_cpp.hpp
[58.026s] -- Installing: /home/rokey/ros2_ws/install/dsr_msgs2/include/dsr_msgs2/dsr_msgs2/srv/detail/get_robot_speed_mode__rosidl_typesupport_fastrtps_cpp.hpp
[58.026s] -- Installing: /home/rokey/ros2_ws/install/dsr_msgs2/include/dsr_msgs2/dsr_msgs2/srv/detail/move_stop__rosidl_typesupport_fastrtps_cpp.hpp
[58.026s] -- Installing: /home/rokey/ros2_ws/install/dsr_msgs2/include/dsr_msgs2/dsr_msgs2/srv/detail/set_velj_rt__rosidl_typesupport_fastrtps_cpp.hpp
[58.026s] -- Installing: /home/rokey/ros2_ws/install/dsr_msgs2/include/dsr_msgs2/dsr_msgs2/srv/detail/parallel_axis2__rosidl_typesupport_fastrtps_cpp.hpp
[58.026s] -- Installing: /home/rokey/ros2_ws/install/dsr_msgs2/include/dsr_msgs2/dsr_msgs2/srv/detail/set_ctrl_box_digital_output__rosidl_typesupport_fastrtps_cpp.hpp
[58.026s] -- Installing: /home/rokey/ros2_ws/install/dsr_msgs2/include/dsr_msgs2/dsr_msgs2/srv/detail/release_force__rosidl_typesupport_fastrtps_cpp.hpp
[58.026s] -- Installing: /home/rokey/ros2_ws/install/dsr_msgs2/include/dsr_msgs2/dsr_msgs2/srv/detail/disconnect_rt_control__rosidl_typesupport_fastrtps_cpp.hpp
[58.026s] -- Installing: /home/rokey/ros2_ws/install/dsr_msgs2/include/dsr_msgs2/dsr_msgs2/srv/detail/set_desired_force__rosidl_typesupport_fastrtps_cpp.hpp
[58.026s] -- Installing: /home/rokey/ros2_ws/install/dsr_msgs2/include/dsr_msgs2/dsr_msgs2/srv/detail/set_user_cart_coord2__rosidl_typesupport_fastrtps_cpp.hpp
[58.026s] -- Installing: /home/rokey/ros2_ws/install/dsr_msgs2/include/dsr_msgs2/dsr_msgs2/srv/detail/get_current_solution_space__rosidl_typesupport_fastrtps_cpp.hpp
[58.026s] -- Installing: /home/rokey/ros2_ws/install/dsr_msgs2/include/dsr_msgs2/dsr_msgs2/srv/detail/get_external_torque__rosidl_typesupport_fastrtps_cpp.hpp
[58.026s] -- Installing: /home/rokey/ros2_ws/install/dsr_msgs2/include/dsr_msgs2/dsr_msgs2/srv/detail/alter_motion__rosidl_typesupport_fastrtps_cpp.hpp
[58.026s] -- Installing: /home/rokey/ros2_ws/install/dsr_msgs2/include/dsr_msgs2/dsr_msgs2/srv/detail/get_solution_space__rosidl_typesupport_fastrtps_cpp.hpp
[58.027s] -- Installing: /home/rokey/ros2_ws/install/dsr_msgs2/include/dsr_msgs2/dsr_msgs2/srv/detail/set_stiffnessx__rosidl_typesupport_fastrtps_cpp.hpp
[58.027s] -- Installing: /home/rokey/ros2_ws/install/dsr_msgs2/include/dsr_msgs2/dsr_msgs2/srv/detail/get_robot_state__rosidl_typesupport_fastrtps_cpp.hpp
[58.027s] -- Installing: /home/rokey/ros2_ws/install/dsr_msgs2/include/dsr_msgs2/dsr_msgs2/srv/detail/get_current_rotm__rosidl_typesupport_fastrtps_cpp.hpp
[58.027s] -- Installing: /home/rokey/ros2_ws/install/dsr_msgs2/include/dsr_msgs2/dsr_msgs2/srv/detail/set_ctrl_box_analog_output_type__rosidl_typesupport_fastrtps_cpp.hpp
[58.027s] -- Installing: /home/rokey/ros2_ws/install/dsr_msgs2/include/dsr_msgs2/dsr_msgs2/srv/detail/move_joint__rosidl_typesupport_fastrtps_cpp.hpp
[58.027s] -- Installing: /home/rokey/ros2_ws/install/dsr_msgs2/include/dsr_msgs2/dsr_msgs2/srv/detail/parallel_axis1__rosidl_typesupport_fastrtps_cpp.hpp
[58.027s] -- Installing: /home/rokey/ros2_ws/install/dsr_msgs2/include/dsr_msgs2/dsr_msgs2/srv/detail/set_user_cart_coord3__rosidl_typesupport_fastrtps_cpp.hpp
[58.027s] -- Installing: /home/rokey/ros2_ws/install/dsr_msgs2/include/dsr_msgs2/dsr_msgs2/srv/detail/get_current_posx__rosidl_typesupport_fastrtps_cpp.hpp
[58.027s] -- Installing: /home/rokey/ros2_ws/install/dsr_msgs2/include/dsr_msgs2/dsr_msgs2/srv/detail/check_orientation_condition2__rosidl_typesupport_fastrtps_cpp.hpp
[58.027s] -- Installing: /home/rokey/ros2_ws/install/dsr_msgs2/include/dsr_msgs2/dsr_msgs2/srv/detail/config_create_modbus__rosidl_typesupport_fastrtps_cpp.hpp
[58.027s] -- Installing: /home/rokey/ros2_ws/install/dsr_msgs2/include/dsr_msgs2/dsr_msgs2/srv/detail/move_pause__rosidl_typesupport_fastrtps_cpp.hpp
[58.027s] -- Installing: /home/rokey/ros2_ws/install/dsr_msgs2/include/dsr_msgs2/dsr_msgs2/srv/detail/align_axis1__rosidl_typesupport_fastrtps_cpp.hpp
[58.027s] -- Installing: /home/rokey/ros2_ws/install/dsr_msgs2/include/dsr_msgs2/dsr_msgs2/srv/detail/move_periodic__rosidl_typesupport_fastrtps_cpp.hpp
[58.027s] -- Installing: /home/rokey/ros2_ws/install/dsr_msgs2/include/dsr_msgs2/dsr_msgs2/srv/detail/check_force_condition__rosidl_typesupport_fastrtps_cpp.hpp
[58.027s] -- Installing: /home/rokey/ros2_ws/install/dsr_msgs2/include/dsr_msgs2/dsr_msgs2/srv/detail/move_wait__rosidl_typesupport_fastrtps_cpp.hpp
[58.027s] -- Installing: /home/rokey/ros2_ws/install/dsr_msgs2/include/dsr_msgs2/dsr_msgs2/srv/detail/set_user_cart_coord1__rosidl_typesupport_fastrtps_cpp.hpp
[58.027s] -- Installing: /home/rokey/ros2_ws/install/dsr_msgs2/include/dsr_msgs2/dsr_msgs2/srv/detail/get_tool_digital_output__rosidl_typesupport_fastrtps_cpp.hpp
[58.027s] -- Installing: /home/rokey/ros2_ws/install/dsr_msgs2/lib/libdsr_msgs2__rosidl_typesupport_fastrtps_cpp.so
[58.028s] -- Set runtime path of "/home/rokey/ros2_ws/install/dsr_msgs2/lib/libdsr_msgs2__rosidl_typesupport_fastrtps_cpp.so" to ""
[58.029s] -- Up-to-date: /home/rokey/ros2_ws/install/dsr_msgs2/include/dsr_msgs2/dsr_msgs2
[58.029s] -- Up-to-date: /home/rokey/ros2_ws/install/dsr_msgs2/include/dsr_msgs2/dsr_msgs2/msg
[58.029s] -- Installing: /home/rokey/ros2_ws/install/dsr_msgs2/include/dsr_msgs2/dsr_msgs2/msg/rosidl_typesupport_introspection_c__visibility_control.h
[58.029s] -- Up-to-date: /home/rokey/ros2_ws/install/dsr_msgs2/include/dsr_msgs2/dsr_msgs2/msg/detail
[58.029s] -- Installing: /home/rokey/ros2_ws/install/dsr_msgs2/include/dsr_msgs2/dsr_msgs2/msg/detail/speedj_stream__rosidl_typesupport_introspection_c.h
[58.029s] -- Installing: /home/rokey/ros2_ws/install/dsr_msgs2/include/dsr_msgs2/dsr_msgs2/msg/detail/servol_rt_stream__rosidl_typesupport_introspection_c.h
[58.029s] -- Installing: /home/rokey/ros2_ws/install/dsr_msgs2/include/dsr_msgs2/dsr_msgs2/msg/detail/speedl_stream__rosidl_typesupport_introspection_c.h
[58.029s] -- Installing: /home/rokey/ros2_ws/install/dsr_msgs2/include/dsr_msgs2/dsr_msgs2/msg/detail/robot_error__type_support.c
[58.029s] -- Installing: /home/rokey/ros2_ws/install/dsr_msgs2/include/dsr_msgs2/dsr_msgs2/msg/detail/log_alarm__type_support.c
[58.029s] -- Installing: /home/rokey/ros2_ws/install/dsr_msgs2/include/dsr_msgs2/dsr_msgs2/msg/detail/servoj_stream__rosidl_typesupport_introspection_c.h
[58.029s] -- Installing: /home/rokey/ros2_ws/install/dsr_msgs2/include/dsr_msgs2/dsr_msgs2/msg/detail/speedl_stream__type_support.c
[58.029s] -- Installing: /home/rokey/ros2_ws/install/dsr_msgs2/include/dsr_msgs2/dsr_msgs2/msg/detail/servoj_stream__type_support.c
[58.029s] -- Installing: /home/rokey/ros2_ws/install/dsr_msgs2/include/dsr_msgs2/dsr_msgs2/msg/detail/robot_stop__type_support.c
[58.029s] -- Installing: /home/rokey/ros2_ws/install/dsr_msgs2/include/dsr_msgs2/dsr_msgs2/msg/detail/robot_state_rt__rosidl_typesupport_introspection_c.h
[58.029s] -- Installing: /home/rokey/ros2_ws/install/dsr_msgs2/include/dsr_msgs2/dsr_msgs2/msg/detail/robot_state_rt__type_support.c
[58.029s] -- Installing: /home/rokey/ros2_ws/install/dsr_msgs2/include/dsr_msgs2/dsr_msgs2/msg/detail/jog_multi_axis__rosidl_typesupport_introspection_c.h
[58.029s] -- Installing: /home/rokey/ros2_ws/install/dsr_msgs2/include/dsr_msgs2/dsr_msgs2/msg/detail/log_alarm__rosidl_typesupport_introspection_c.h
[58.029s] -- Installing: /home/rokey/ros2_ws/install/dsr_msgs2/include/dsr_msgs2/dsr_msgs2/msg/detail/servol_stream__rosidl_typesupport_introspection_c.h
[58.029s] -- Installing: /home/rokey/ros2_ws/install/dsr_msgs2/include/dsr_msgs2/dsr_msgs2/msg/detail/speedj_rt_stream__type_support.c
[58.029s] -- Installing: /home/rokey/ros2_ws/install/dsr_msgs2/include/dsr_msgs2/dsr_msgs2/msg/detail/robot_stop__rosidl_typesupport_introspection_c.h
[58.029s] -- Installing: /home/rokey/ros2_ws/install/dsr_msgs2/include/dsr_msgs2/dsr_msgs2/msg/detail/robot_error__rosidl_typesupport_introspection_c.h
[58.029s] -- Installing: /home/rokey/ros2_ws/install/dsr_msgs2/include/dsr_msgs2/dsr_msgs2/msg/detail/servol_stream__type_support.c
[58.029s] -- Installing: /home/rokey/ros2_ws/install/dsr_msgs2/include/dsr_msgs2/dsr_msgs2/msg/detail/servoj_rt_stream__type_support.c
[58.030s] -- Installing: /home/rokey/ros2_ws/install/dsr_msgs2/include/dsr_msgs2/dsr_msgs2/msg/detail/speedl_rt_stream__rosidl_typesupport_introspection_c.h
[58.030s] -- Installing: /home/rokey/ros2_ws/install/dsr_msgs2/include/dsr_msgs2/dsr_msgs2/msg/detail/speedl_rt_stream__type_support.c
[58.030s] -- Installing: /home/rokey/ros2_ws/install/dsr_msgs2/include/dsr_msgs2/dsr_msgs2/msg/detail/robot_state__type_support.c
[58.030s] -- Installing: /home/rokey/ros2_ws/install/dsr_msgs2/include/dsr_msgs2/dsr_msgs2/msg/detail/servoj_rt_stream__rosidl_typesupport_introspection_c.h
[58.030s] -- Installing: /home/rokey/ros2_ws/install/dsr_msgs2/include/dsr_msgs2/dsr_msgs2/msg/detail/alter_motion_stream__rosidl_typesupport_introspection_c.h
[58.030s] -- Installing: /home/rokey/ros2_ws/install/dsr_msgs2/include/dsr_msgs2/dsr_msgs2/msg/detail/speedj_rt_stream__rosidl_typesupport_introspection_c.h
[58.030s] -- Installing: /home/rokey/ros2_ws/install/dsr_msgs2/include/dsr_msgs2/dsr_msgs2/msg/detail/robot_state__rosidl_typesupport_introspection_c.h
[58.030s] -- Installing: /home/rokey/ros2_ws/install/dsr_msgs2/include/dsr_msgs2/dsr_msgs2/msg/detail/torque_rt_stream__type_support.c
[58.030s] -- Installing: /home/rokey/ros2_ws/install/dsr_msgs2/include/dsr_msgs2/dsr_msgs2/msg/detail/modbus_state__rosidl_typesupport_introspection_c.h
[58.030s] -- Installing: /home/rokey/ros2_ws/install/dsr_msgs2/include/dsr_msgs2/dsr_msgs2/msg/detail/alter_motion_stream__type_support.c
[58.030s] -- Installing: /home/rokey/ros2_ws/install/dsr_msgs2/include/dsr_msgs2/dsr_msgs2/msg/detail/servol_rt_stream__type_support.c
[58.030s] -- Installing: /home/rokey/ros2_ws/install/dsr_msgs2/include/dsr_msgs2/dsr_msgs2/msg/detail/speedj_stream__type_support.c
[58.030s] -- Installing: /home/rokey/ros2_ws/install/dsr_msgs2/include/dsr_msgs2/dsr_msgs2/msg/detail/torque_rt_stream__rosidl_typesupport_introspection_c.h
[58.030s] -- Installing: /home/rokey/ros2_ws/install/dsr_msgs2/include/dsr_msgs2/dsr_msgs2/msg/detail/jog_multi_axis__type_support.c
[58.030s] -- Installing: /home/rokey/ros2_ws/install/dsr_msgs2/include/dsr_msgs2/dsr_msgs2/msg/detail/modbus_state__type_support.c
[58.030s] -- Up-to-date: /home/rokey/ros2_ws/install/dsr_msgs2/include/dsr_msgs2/dsr_msgs2/srv
[58.030s] -- Up-to-date: /home/rokey/ros2_ws/install/dsr_msgs2/include/dsr_msgs2/dsr_msgs2/srv/detail
[58.030s] -- Installing: /home/rokey/ros2_ws/install/dsr_msgs2/include/dsr_msgs2/dsr_msgs2/srv/detail/write_data_rt__rosidl_typesupport_introspection_c.h
[58.030s] -- Installing: /home/rokey/ros2_ws/install/dsr_msgs2/include/dsr_msgs2/dsr_msgs2/srv/detail/start_rt_control__type_support.c
[58.030s] -- Installing: /home/rokey/ros2_ws/install/dsr_msgs2/include/dsr_msgs2/dsr_msgs2/srv/detail/change_operation_speed__type_support.c
[58.031s] -- Installing: /home/rokey/ros2_ws/install/dsr_msgs2/include/dsr_msgs2/dsr_msgs2/srv/detail/disable_alter_motion__type_support.c
[58.031s] -- Installing: /home/rokey/ros2_ws/install/dsr_msgs2/include/dsr_msgs2/dsr_msgs2/srv/detail/set_safety_mode__rosidl_typesupport_introspection_c.h
[58.031s] -- Installing: /home/rokey/ros2_ws/install/dsr_msgs2/include/dsr_msgs2/dsr_msgs2/srv/detail/disconnect_rt_control__rosidl_typesupport_introspection_c.h
[58.031s] -- Installing: /home/rokey/ros2_ws/install/dsr_msgs2/include/dsr_msgs2/dsr_msgs2/srv/detail/get_drl_state__type_support.c
[58.031s] -- Installing: /home/rokey/ros2_ws/install/dsr_msgs2/include/dsr_msgs2/dsr_msgs2/srv/detail/get_current_rotm__type_support.c
[58.031s] -- Installing: /home/rokey/ros2_ws/install/dsr_msgs2/include/dsr_msgs2/dsr_msgs2/srv/detail/get_ctrl_box_digital_output__rosidl_typesupport_introspection_c.h
[58.031s] -- Installing: /home/rokey/ros2_ws/install/dsr_msgs2/include/dsr_msgs2/dsr_msgs2/srv/detail/parallel_axis1__type_support.c
[58.031s] -- Installing: /home/rokey/ros2_ws/install/dsr_msgs2/include/dsr_msgs2/dsr_msgs2/srv/detail/get_current_tool_flange_posx__type_support.c
[58.031s] -- Installing: /home/rokey/ros2_ws/install/dsr_msgs2/include/dsr_msgs2/dsr_msgs2/srv/detail/set_accx_rt__rosidl_typesupport_introspection_c.h
[58.031s] -- Installing: /home/rokey/ros2_ws/install/dsr_msgs2/include/dsr_msgs2/dsr_msgs2/srv/detail/get_external_torque__rosidl_typesupport_introspection_c.h
[58.031s] -- Installing: /home/rokey/ros2_ws/install/dsr_msgs2/include/dsr_msgs2/dsr_msgs2/srv/detail/get_workpiece_weight__rosidl_typesupport_introspection_c.h
[58.031s] -- Installing: /home/rokey/ros2_ws/install/dsr_msgs2/include/dsr_msgs2/dsr_msgs2/srv/detail/get_desired_posx__rosidl_typesupport_introspection_c.h
[58.031s] -- Installing: /home/rokey/ros2_ws/install/dsr_msgs2/include/dsr_msgs2/dsr_msgs2/srv/detail/align_axis2__type_support.c
[58.031s] -- Installing: /home/rokey/ros2_ws/install/dsr_msgs2/include/dsr_msgs2/dsr_msgs2/srv/detail/get_current_velj__type_support.c
[58.031s] -- Installing: /home/rokey/ros2_ws/install/dsr_msgs2/include/dsr_msgs2/dsr_msgs2/srv/detail/get_current_velx__type_support.c
[58.031s] -- Installing: /home/rokey/ros2_ws/install/dsr_msgs2/include/dsr_msgs2/dsr_msgs2/srv/detail/is_done_bolt_tightening__type_support.c
[58.031s] -- Installing: /home/rokey/ros2_ws/install/dsr_msgs2/include/dsr_msgs2/dsr_msgs2/srv/detail/set_user_cart_coord2__rosidl_typesupport_introspection_c.h
[58.031s] -- Installing: /home/rokey/ros2_ws/install/dsr_msgs2/include/dsr_msgs2/dsr_msgs2/srv/detail/overwrite_user_cart_coord__type_support.c
[58.031s] -- Installing: /home/rokey/ros2_ws/install/dsr_msgs2/include/dsr_msgs2/dsr_msgs2/srv/detail/set_safe_stop_reset_type__type_support.c
[58.031s] -- Installing: /home/rokey/ros2_ws/install/dsr_msgs2/include/dsr_msgs2/dsr_msgs2/srv/detail/get_solution_space__rosidl_typesupport_introspection_c.h
[58.031s] -- Installing: /home/rokey/ros2_ws/install/dsr_msgs2/include/dsr_msgs2/dsr_msgs2/srv/detail/coord_transform__type_support.c
[58.031s] -- Installing: /home/rokey/ros2_ws/install/dsr_msgs2/include/dsr_msgs2/dsr_msgs2/srv/detail/get_robot_system__type_support.c
[58.032s] -- Installing: /home/rokey/ros2_ws/install/dsr_msgs2/include/dsr_msgs2/dsr_msgs2/srv/detail/set_velx_rt__type_support.c
[58.032s] -- Installing: /home/rokey/ros2_ws/install/dsr_msgs2/include/dsr_msgs2/dsr_msgs2/srv/detail/get_ctrl_box_analog_input__type_support.c
[58.032s] -- Installing: /home/rokey/ros2_ws/install/dsr_msgs2/include/dsr_msgs2/dsr_msgs2/srv/detail/jog__rosidl_typesupport_introspection_c.h
[58.032s] -- Installing: /home/rokey/ros2_ws/install/dsr_msgs2/include/dsr_msgs2/dsr_msgs2/srv/detail/get_current_velx__rosidl_typesupport_introspection_c.h
[58.032s] -- Installing: /home/rokey/ros2_ws/install/dsr_msgs2/include/dsr_msgs2/dsr_msgs2/srv/detail/release_force__rosidl_typesupport_introspection_c.h
[58.032s] -- Installing: /home/rokey/ros2_ws/install/dsr_msgs2/include/dsr_msgs2/dsr_msgs2/srv/detail/get_ctrl_box_digital_input__rosidl_typesupport_introspection_c.h
[58.032s] -- Installing: /home/rokey/ros2_ws/install/dsr_msgs2/include/dsr_msgs2/dsr_msgs2/srv/detail/task_compliance_ctrl__rosidl_typesupport_introspection_c.h
[58.032s] -- Installing: /home/rokey/ros2_ws/install/dsr_msgs2/include/dsr_msgs2/dsr_msgs2/srv/detail/set_ctrl_box_analog_output_type__rosidl_typesupport_introspection_c.h
[58.032s] -- Installing: /home/rokey/ros2_ws/install/dsr_msgs2/include/dsr_msgs2/dsr_msgs2/srv/detail/set_desired_force__rosidl_typesupport_introspection_c.h
[58.032s] -- Installing: /home/rokey/ros2_ws/install/dsr_msgs2/include/dsr_msgs2/dsr_msgs2/srv/detail/check_motion__rosidl_typesupport_introspection_c.h
[58.032s] -- Installing: /home/rokey/ros2_ws/install/dsr_msgs2/include/dsr_msgs2/dsr_msgs2/srv/detail/drl_resume__type_support.c
[58.032s] -- Installing: /home/rokey/ros2_ws/install/dsr_msgs2/include/dsr_msgs2/dsr_msgs2/srv/detail/drl_stop__rosidl_typesupport_introspection_c.h
[58.032s] -- Installing: /home/rokey/ros2_ws/install/dsr_msgs2/include/dsr_msgs2/dsr_msgs2/srv/detail/get_current_posj__rosidl_typesupport_introspection_c.h
[58.032s] -- Installing: /home/rokey/ros2_ws/install/dsr_msgs2/include/dsr_msgs2/dsr_msgs2/srv/detail/get_control_mode__type_support.c
[58.032s] -- Installing: /home/rokey/ros2_ws/install/dsr_msgs2/include/dsr_msgs2/dsr_msgs2/srv/detail/write_data_rt__type_support.c
[58.032s] -- Installing: /home/rokey/ros2_ws/install/dsr_msgs2/include/dsr_msgs2/dsr_msgs2/srv/detail/get_solution_space__type_support.c
[58.032s] -- Installing: /home/rokey/ros2_ws/install/dsr_msgs2/include/dsr_msgs2/dsr_msgs2/srv/detail/is_done_bolt_tightening__rosidl_typesupport_introspection_c.h
[58.032s] -- Installing: /home/rokey/ros2_ws/install/dsr_msgs2/include/dsr_msgs2/dsr_msgs2/srv/detail/get_current_solution_space__rosidl_typesupport_introspection_c.h
[58.032s] -- Installing: /home/rokey/ros2_ws/install/dsr_msgs2/include/dsr_msgs2/dsr_msgs2/srv/detail/set_current_tcp__type_support.c
[58.032s] -- Installing: /home/rokey/ros2_ws/install/dsr_msgs2/include/dsr_msgs2/dsr_msgs2/srv/detail/serial_send_data__type_support.c
[58.032s] -- Installing: /home/rokey/ros2_ws/install/dsr_msgs2/include/dsr_msgs2/dsr_msgs2/srv/detail/set_robot_system__rosidl_typesupport_introspection_c.h
[58.032s] -- Installing: /home/rokey/ros2_ws/install/dsr_msgs2/include/dsr_msgs2/dsr_msgs2/srv/detail/calc_coord__rosidl_typesupport_introspection_c.h
[58.032s] -- Installing: /home/rokey/ros2_ws/install/dsr_msgs2/include/dsr_msgs2/dsr_msgs2/srv/detail/get_robot_mode__rosidl_typesupport_introspection_c.h
[58.033s] -- Installing: /home/rokey/ros2_ws/install/dsr_msgs2/include/dsr_msgs2/dsr_msgs2/srv/detail/ikin__type_support.c
[58.033s] -- Installing: /home/rokey/ros2_ws/install/dsr_msgs2/include/dsr_msgs2/dsr_msgs2/srv/detail/check_orientation_condition1__rosidl_typesupport_introspection_c.h
[58.033s] -- Installing: /home/rokey/ros2_ws/install/dsr_msgs2/include/dsr_msgs2/dsr_msgs2/srv/detail/get_rt_control_input_version_list__rosidl_typesupport_introspection_c.h
[58.033s] -- Installing: /home/rokey/ros2_ws/install/dsr_msgs2/include/dsr_msgs2/dsr_msgs2/srv/detail/get_desired_velj__rosidl_typesupport_introspection_c.h
[58.033s] -- Installing: /home/rokey/ros2_ws/install/dsr_msgs2/include/dsr_msgs2/dsr_msgs2/srv/detail/robotiq2_f_move__rosidl_typesupport_introspection_c.h
[58.033s] -- Installing: /home/rokey/ros2_ws/install/dsr_msgs2/include/dsr_msgs2/dsr_msgs2/srv/detail/config_create_tcp__type_support.c
[58.033s] -- Installing: /home/rokey/ros2_ws/install/dsr_msgs2/include/dsr_msgs2/dsr_msgs2/srv/detail/set_rt_control_output__rosidl_typesupport_introspection_c.h
[58.033s] -- Installing: /home/rokey/ros2_ws/install/dsr_msgs2/include/dsr_msgs2/dsr_msgs2/srv/detail/check_orientation_condition1__type_support.c
[58.033s] -- Installing: /home/rokey/ros2_ws/install/dsr_msgs2/include/dsr_msgs2/dsr_msgs2/srv/detail/get_tool_digital_output__rosidl_typesupport_introspection_c.h
[58.033s] -- Installing: /home/rokey/ros2_ws/install/dsr_msgs2/include/dsr_msgs2/dsr_msgs2/srv/detail/enable_alter_motion__type_support.c
[58.033s] -- Installing: /home/rokey/ros2_ws/install/dsr_msgs2/include/dsr_msgs2/dsr_msgs2/srv/detail/get_robot_mode__type_support.c
[58.033s] -- Installing: /home/rokey/ros2_ws/install/dsr_msgs2/include/dsr_msgs2/dsr_msgs2/srv/detail/check_position_condition__type_support.c
[58.033s] -- Installing: /home/rokey/ros2_ws/install/dsr_msgs2/include/dsr_msgs2/dsr_msgs2/srv/detail/read_data_rt__type_support.c
[58.033s] -- Installing: /home/rokey/ros2_ws/install/dsr_msgs2/include/dsr_msgs2/dsr_msgs2/srv/detail/move_wait__type_support.c
[58.033s] -- Installing: /home/rokey/ros2_ws/install/dsr_msgs2/include/dsr_msgs2/dsr_msgs2/srv/detail/get_joint_torque__type_support.c
[58.033s] -- Installing: /home/rokey/ros2_ws/install/dsr_msgs2/include/dsr_msgs2/dsr_msgs2/srv/detail/move_pause__type_support.c
[58.033s] -- Installing: /home/rokey/ros2_ws/install/dsr_msgs2/include/dsr_msgs2/dsr_msgs2/srv/detail/get_modbus_input__type_support.c
[58.033s] -- Installing: /home/rokey/ros2_ws/install/dsr_msgs2/include/dsr_msgs2/dsr_msgs2/srv/detail/set_rt_control_input__rosidl_typesupport_introspection_c.h
[58.033s] -- Installing: /home/rokey/ros2_ws/install/dsr_msgs2/include/dsr_msgs2/dsr_msgs2/srv/detail/servo_off__type_support.c
[58.033s] -- Installing: /home/rokey/ros2_ws/install/dsr_msgs2/include/dsr_msgs2/dsr_msgs2/srv/detail/set_tool_shape__type_support.c
[58.033s] -- Installing: /home/rokey/ros2_ws/install/dsr_msgs2/include/dsr_msgs2/dsr_msgs2/srv/detail/reset_workpiece_weight__type_support.c
[58.033s] -- Installing: /home/rokey/ros2_ws/install/dsr_msgs2/include/dsr_msgs2/dsr_msgs2/srv/detail/get_tool_force__type_support.c
[58.034s] -- Installing: /home/rokey/ros2_ws/install/dsr_msgs2/include/dsr_msgs2/dsr_msgs2/srv/detail/set_robot_system__type_support.c
[58.034s] -- Installing: /home/rokey/ros2_ws/install/dsr_msgs2/include/dsr_msgs2/dsr_msgs2/srv/detail/move_jointx__type_support.c
[58.034s] -- Installing: /home/rokey/ros2_ws/install/dsr_msgs2/include/dsr_msgs2/dsr_msgs2/srv/detail/connect_rt_control__rosidl_typesupport_introspection_c.h
[58.034s] -- Installing: /home/rokey/ros2_ws/install/dsr_msgs2/include/dsr_msgs2/dsr_msgs2/srv/detail/set_robot_speed_mode__type_support.c
[58.034s] -- Installing: /home/rokey/ros2_ws/install/dsr_msgs2/include/dsr_msgs2/dsr_msgs2/srv/detail/get_rt_control_output_version_list__type_support.c
[58.034s] -- Installing: /home/rokey/ros2_ws/install/dsr_msgs2/include/dsr_msgs2/dsr_msgs2/srv/detail/set_current_tool__type_support.c
[58.034s] -- Installing: /home/rokey/ros2_ws/install/dsr_msgs2/include/dsr_msgs2/dsr_msgs2/srv/detail/move_periodic__rosidl_typesupport_introspection_c.h
[58.034s] -- Installing: /home/rokey/ros2_ws/install/dsr_msgs2/include/dsr_msgs2/dsr_msgs2/srv/detail/get_tool_digital_input__type_support.c
[58.034s] -- Installing: /home/rokey/ros2_ws/install/dsr_msgs2/include/dsr_msgs2/dsr_msgs2/srv/detail/connect_rt_control__type_support.c
[58.034s] -- Installing: /home/rokey/ros2_ws/install/dsr_msgs2/include/dsr_msgs2/dsr_msgs2/srv/detail/set_safe_stop_reset_type__rosidl_typesupport_introspection_c.h
[58.034s] -- Installing: /home/rokey/ros2_ws/install/dsr_msgs2/include/dsr_msgs2/dsr_msgs2/srv/detail/get_last_alarm__rosidl_typesupport_introspection_c.h
[58.034s] -- Installing: /home/rokey/ros2_ws/install/dsr_msgs2/include/dsr_msgs2/dsr_msgs2/srv/detail/move_spiral__type_support.c
[58.034s] -- Installing: /home/rokey/ros2_ws/install/dsr_msgs2/include/dsr_msgs2/dsr_msgs2/srv/detail/set_modbus_output__type_support.c
[58.034s] -- Installing: /home/rokey/ros2_ws/install/dsr_msgs2/include/dsr_msgs2/dsr_msgs2/srv/detail/align_axis2__rosidl_typesupport_introspection_c.h
[58.034s] -- Installing: /home/rokey/ros2_ws/install/dsr_msgs2/include/dsr_msgs2/dsr_msgs2/srv/detail/parallel_axis2__type_support.c
[58.034s] -- Installing: /home/rokey/ros2_ws/install/dsr_msgs2/include/dsr_msgs2/dsr_msgs2/srv/detail/release_compliance_ctrl__rosidl_typesupport_introspection_c.h
[58.034s] -- Installing: /home/rokey/ros2_ws/install/dsr_msgs2/include/dsr_msgs2/dsr_msgs2/srv/detail/get_desired_velx__type_support.c
[58.034s] -- Installing: /home/rokey/ros2_ws/install/dsr_msgs2/include/dsr_msgs2/dsr_msgs2/srv/detail/parallel_axis1__rosidl_typesupport_introspection_c.h
[58.034s] -- Installing: /home/rokey/ros2_ws/install/dsr_msgs2/include/dsr_msgs2/dsr_msgs2/srv/detail/config_create_tool__rosidl_typesupport_introspection_c.h
[58.034s] -- Installing: /home/rokey/ros2_ws/install/dsr_msgs2/include/dsr_msgs2/dsr_msgs2/srv/detail/calc_coord__type_support.c
[58.034s] -- Installing: /home/rokey/ros2_ws/install/dsr_msgs2/include/dsr_msgs2/dsr_msgs2/srv/detail/get_current_tool__rosidl_typesupport_introspection_c.h
[58.034s] -- Installing: /home/rokey/ros2_ws/install/dsr_msgs2/include/dsr_msgs2/dsr_msgs2/srv/detail/set_user_cart_coord2__type_support.c
[58.035s] -- Installing: /home/rokey/ros2_ws/install/dsr_msgs2/include/dsr_msgs2/dsr_msgs2/srv/detail/alter_motion__type_support.c
[58.035s] -- Installing: /home/rokey/ros2_ws/install/dsr_msgs2/include/dsr_msgs2/dsr_msgs2/srv/detail/get_tool_digital_input__rosidl_typesupport_introspection_c.h
[58.035s] -- Installing: /home/rokey/ros2_ws/install/dsr_msgs2/include/dsr_msgs2/dsr_msgs2/srv/detail/set_robot_speed_mode__rosidl_typesupport_introspection_c.h
[58.035s] -- Installing: /home/rokey/ros2_ws/install/dsr_msgs2/include/dsr_msgs2/dsr_msgs2/srv/detail/set_user_cart_coord1__type_support.c
[58.035s] -- Installing: /home/rokey/ros2_ws/install/dsr_msgs2/include/dsr_msgs2/dsr_msgs2/srv/detail/get_rt_control_input_data_list__type_support.c
[58.035s] -- Installing: /home/rokey/ros2_ws/install/dsr_msgs2/include/dsr_msgs2/dsr_msgs2/srv/detail/release_compliance_ctrl__type_support.c
[58.035s] -- Installing: /home/rokey/ros2_ws/install/dsr_msgs2/include/dsr_msgs2/dsr_msgs2/srv/detail/get_current_pose__type_support.c
[58.035s] -- Installing: /home/rokey/ros2_ws/install/dsr_msgs2/include/dsr_msgs2/dsr_msgs2/srv/detail/set_ctrl_box_analog_input_type__type_support.c
[58.035s] -- Installing: /home/rokey/ros2_ws/install/dsr_msgs2/include/dsr_msgs2/dsr_msgs2/srv/detail/get_control_space__type_support.c
[58.035s] -- Installing: /home/rokey/ros2_ws/install/dsr_msgs2/include/dsr_msgs2/dsr_msgs2/srv/detail/set_tool_digital_output__type_support.c
[58.035s] -- Installing: /home/rokey/ros2_ws/install/dsr_msgs2/include/dsr_msgs2/dsr_msgs2/srv/detail/get_rt_control_input_data_list__rosidl_typesupport_introspection_c.h
[58.035s] -- Installing: /home/rokey/ros2_ws/install/dsr_msgs2/include/dsr_msgs2/dsr_msgs2/srv/detail/set_stiffnessx__type_support.c
[58.035s] -- Installing: /home/rokey/ros2_ws/install/dsr_msgs2/include/dsr_msgs2/dsr_msgs2/srv/detail/get_robot_state__type_support.c
[58.035s] -- Installing: /home/rokey/ros2_ws/install/dsr_msgs2/include/dsr_msgs2/dsr_msgs2/srv/detail/drl_start__type_support.c
[58.035s] -- Installing: /home/rokey/ros2_ws/install/dsr_msgs2/include/dsr_msgs2/dsr_msgs2/srv/detail/set_current_tcp__rosidl_typesupport_introspection_c.h
[58.035s] -- Installing: /home/rokey/ros2_ws/install/dsr_msgs2/include/dsr_msgs2/dsr_msgs2/srv/detail/move_blending__rosidl_typesupport_introspection_c.h
[58.035s] -- Installing: /home/rokey/ros2_ws/install/dsr_msgs2/include/dsr_msgs2/dsr_msgs2/srv/detail/move_resume__rosidl_typesupport_introspection_c.h
[58.035s] -- Installing: /home/rokey/ros2_ws/install/dsr_msgs2/include/dsr_msgs2/dsr_msgs2/srv/detail/config_create_modbus__type_support.c
[58.035s] -- Installing: /home/rokey/ros2_ws/install/dsr_msgs2/include/dsr_msgs2/dsr_msgs2/srv/detail/ikin__rosidl_typesupport_introspection_c.h
[58.035s] -- Installing: /home/rokey/ros2_ws/install/dsr_msgs2/include/dsr_msgs2/dsr_msgs2/srv/detail/move_resume__type_support.c
[58.035s] -- Installing: /home/rokey/ros2_ws/install/dsr_msgs2/include/dsr_msgs2/dsr_msgs2/srv/detail/overwrite_user_cart_coord__rosidl_typesupport_introspection_c.h
[58.036s] -- Installing: /home/rokey/ros2_ws/install/dsr_msgs2/include/dsr_msgs2/dsr_msgs2/srv/detail/change_collision_sensitivity__type_support.c
[58.036s] -- Installing: /home/rokey/ros2_ws/install/dsr_msgs2/include/dsr_msgs2/dsr_msgs2/srv/detail/robotiq2_f_open__type_support.c
[58.036s] -- Installing: /home/rokey/ros2_ws/install/dsr_msgs2/include/dsr_msgs2/dsr_msgs2/srv/detail/get_current_solution_space__type_support.c
[58.036s] -- Installing: /home/rokey/ros2_ws/install/dsr_msgs2/include/dsr_msgs2/dsr_msgs2/srv/detail/move_spline_joint__type_support.c
[58.036s] -- Installing: /home/rokey/ros2_ws/install/dsr_msgs2/include/dsr_msgs2/dsr_msgs2/srv/detail/move_blending__type_support.c
[58.036s] -- Installing: /home/rokey/ros2_ws/install/dsr_msgs2/include/dsr_msgs2/dsr_msgs2/srv/detail/robotiq2_f_open__rosidl_typesupport_introspection_c.h
[58.036s] -- Installing: /home/rokey/ros2_ws/install/dsr_msgs2/include/dsr_msgs2/dsr_msgs2/srv/detail/robotiq2_f_close__type_support.c
[58.036s] -- Installing: /home/rokey/ros2_ws/install/dsr_msgs2/include/dsr_msgs2/dsr_msgs2/srv/detail/robotiq2_f_close__rosidl_typesupport_introspection_c.h
[58.036s] -- Installing: /home/rokey/ros2_ws/install/dsr_msgs2/include/dsr_msgs2/dsr_msgs2/srv/detail/set_singularity_handling__type_support.c
[58.036s] -- Installing: /home/rokey/ros2_ws/install/dsr_msgs2/include/dsr_msgs2/dsr_msgs2/srv/detail/config_create_modbus__rosidl_typesupport_introspection_c.h
[58.036s] -- Installing: /home/rokey/ros2_ws/install/dsr_msgs2/include/dsr_msgs2/dsr_msgs2/srv/detail/jog__type_support.c
[58.036s] -- Installing: /home/rokey/ros2_ws/install/dsr_msgs2/include/dsr_msgs2/dsr_msgs2/srv/detail/get_modbus_input__rosidl_typesupport_introspection_c.h
[58.036s] -- Installing: /home/rokey/ros2_ws/install/dsr_msgs2/include/dsr_msgs2/dsr_msgs2/srv/detail/get_desired_posj__type_support.c
[58.036s] -- Installing: /home/rokey/ros2_ws/install/dsr_msgs2/include/dsr_msgs2/dsr_msgs2/srv/detail/set_robot_control__type_support.c
[58.036s] -- Installing: /home/rokey/ros2_ws/install/dsr_msgs2/include/dsr_msgs2/dsr_msgs2/srv/detail/get_joint_torque__rosidl_typesupport_introspection_c.h
[58.036s] -- Installing: /home/rokey/ros2_ws/install/dsr_msgs2/include/dsr_msgs2/dsr_msgs2/srv/detail/config_delete_tcp__rosidl_typesupport_introspection_c.h
[58.036s] -- Installing: /home/rokey/ros2_ws/install/dsr_msgs2/include/dsr_msgs2/dsr_msgs2/srv/detail/set_tool_digital_output__rosidl_typesupport_introspection_c.h
[58.036s] -- Installing: /home/rokey/ros2_ws/install/dsr_msgs2/include/dsr_msgs2/dsr_msgs2/srv/detail/move_home__type_support.c
[58.036s] -- Installing: /home/rokey/ros2_ws/install/dsr_msgs2/include/dsr_msgs2/dsr_msgs2/srv/detail/set_accj_rt__type_support.c
[58.036s] -- Installing: /home/rokey/ros2_ws/install/dsr_msgs2/include/dsr_msgs2/dsr_msgs2/srv/detail/get_tool_force__rosidl_typesupport_introspection_c.h
[58.036s] -- Installing: /home/rokey/ros2_ws/install/dsr_msgs2/include/dsr_msgs2/dsr_msgs2/srv/detail/get_user_cart_coord__rosidl_typesupport_introspection_c.h
[58.036s] -- Installing: /home/rokey/ros2_ws/install/dsr_msgs2/include/dsr_msgs2/dsr_msgs2/srv/detail/move_spline_task__type_support.c
[58.036s] -- Installing: /home/rokey/ros2_ws/install/dsr_msgs2/include/dsr_msgs2/dsr_msgs2/srv/detail/change_collision_sensitivity__rosidl_typesupport_introspection_c.h
[58.037s] -- Installing: /home/rokey/ros2_ws/install/dsr_msgs2/include/dsr_msgs2/dsr_msgs2/srv/detail/move_stop__rosidl_typesupport_introspection_c.h
[58.037s] -- Installing: /home/rokey/ros2_ws/install/dsr_msgs2/include/dsr_msgs2/dsr_msgs2/srv/detail/set_ref_coord__type_support.c
[58.037s] -- Installing: /home/rokey/ros2_ws/install/dsr_msgs2/include/dsr_msgs2/dsr_msgs2/srv/detail/get_orientation_error__type_support.c
[58.037s] -- Installing: /home/rokey/ros2_ws/install/dsr_msgs2/include/dsr_msgs2/dsr_msgs2/srv/detail/get_ctrl_box_digital_output__type_support.c
[58.037s] -- Installing: /home/rokey/ros2_ws/install/dsr_msgs2/include/dsr_msgs2/dsr_msgs2/srv/detail/set_tool_shape__rosidl_typesupport_introspection_c.h
[58.037s] -- Installing: /home/rokey/ros2_ws/install/dsr_msgs2/include/dsr_msgs2/dsr_msgs2/srv/detail/set_accj_rt__rosidl_typesupport_introspection_c.h
[58.037s] -- Installing: /home/rokey/ros2_ws/install/dsr_msgs2/include/dsr_msgs2/dsr_msgs2/srv/detail/get_current_tcp__type_support.c
[58.037s] -- Installing: /home/rokey/ros2_ws/install/dsr_msgs2/include/dsr_msgs2/dsr_msgs2/srv/detail/get_robot_state__rosidl_typesupport_introspection_c.h
[58.037s] -- Installing: /home/rokey/ros2_ws/install/dsr_msgs2/include/dsr_msgs2/dsr_msgs2/srv/detail/set_singularity_handling__rosidl_typesupport_introspection_c.h
[58.037s] -- Installing: /home/rokey/ros2_ws/install/dsr_msgs2/include/dsr_msgs2/dsr_msgs2/srv/detail/move_stop__type_support.c
[58.037s] -- Installing: /home/rokey/ros2_ws/install/dsr_msgs2/include/dsr_msgs2/dsr_msgs2/srv/detail/enable_alter_motion__rosidl_typesupport_introspection_c.h
[58.037s] -- Installing: /home/rokey/ros2_ws/install/dsr_msgs2/include/dsr_msgs2/dsr_msgs2/srv/detail/serial_send_data__rosidl_typesupport_introspection_c.h
[58.037s] -- Installing: /home/rokey/ros2_ws/install/dsr_msgs2/include/dsr_msgs2/dsr_msgs2/srv/detail/get_ctrl_box_digital_input__type_support.c
[58.037s] -- Installing: /home/rokey/ros2_ws/install/dsr_msgs2/include/dsr_msgs2/dsr_msgs2/srv/detail/move_spline_task__rosidl_typesupport_introspection_c.h
[58.037s] -- Installing: /home/rokey/ros2_ws/install/dsr_msgs2/include/dsr_msgs2/dsr_msgs2/srv/detail/set_safety_mode__type_support.c
[58.037s] -- Installing: /home/rokey/ros2_ws/install/dsr_msgs2/include/dsr_msgs2/dsr_msgs2/srv/detail/check_motion__type_support.c
[58.037s] -- Installing: /home/rokey/ros2_ws/install/dsr_msgs2/include/dsr_msgs2/dsr_msgs2/srv/detail/change_operation_speed__rosidl_typesupport_introspection_c.h
[58.037s] -- Installing: /home/rokey/ros2_ws/install/dsr_msgs2/include/dsr_msgs2/dsr_msgs2/srv/detail/move_spline_joint__rosidl_typesupport_introspection_c.h
[58.037s] -- Installing: /home/rokey/ros2_ws/install/dsr_msgs2/include/dsr_msgs2/dsr_msgs2/srv/detail/get_tool_digital_output__type_support.c
[58.037s] -- Installing: /home/rokey/ros2_ws/install/dsr_msgs2/include/dsr_msgs2/dsr_msgs2/srv/detail/reset_workpiece_weight__rosidl_typesupport_introspection_c.h
[58.037s] -- Installing: /home/rokey/ros2_ws/install/dsr_msgs2/include/dsr_msgs2/dsr_msgs2/srv/detail/start_rt_control__rosidl_typesupport_introspection_c.h
[58.037s] -- Installing: /home/rokey/ros2_ws/install/dsr_msgs2/include/dsr_msgs2/dsr_msgs2/srv/detail/disable_alter_motion__rosidl_typesupport_introspection_c.h
[58.037s] -- Installing: /home/rokey/ros2_ws/install/dsr_msgs2/include/dsr_msgs2/dsr_msgs2/srv/detail/read_data_rt__rosidl_typesupport_introspection_c.h
[58.038s] -- Installing: /home/rokey/ros2_ws/install/dsr_msgs2/include/dsr_msgs2/dsr_msgs2/srv/detail/get_desired_posx__type_support.c
[58.038s] -- Installing: /home/rokey/ros2_ws/install/dsr_msgs2/include/dsr_msgs2/dsr_msgs2/srv/detail/get_current_tcp__rosidl_typesupport_introspection_c.h
[58.038s] -- Installing: /home/rokey/ros2_ws/install/dsr_msgs2/include/dsr_msgs2/dsr_msgs2/srv/detail/drl_resume__rosidl_typesupport_introspection_c.h
[58.038s] -- Installing: /home/rokey/ros2_ws/install/dsr_msgs2/include/dsr_msgs2/dsr_msgs2/srv/detail/set_velx_rt__rosidl_typesupport_introspection_c.h
[58.038s] -- Installing: /home/rokey/ros2_ws/install/dsr_msgs2/include/dsr_msgs2/dsr_msgs2/srv/detail/task_compliance_ctrl__type_support.c
[58.038s] -- Installing: /home/rokey/ros2_ws/install/dsr_msgs2/include/dsr_msgs2/dsr_msgs2/srv/detail/set_current_tool__rosidl_typesupport_introspection_c.h
[58.038s] -- Installing: /home/rokey/ros2_ws/install/dsr_msgs2/include/dsr_msgs2/dsr_msgs2/srv/detail/check_force_condition__type_support.c
[58.038s] -- Installing: /home/rokey/ros2_ws/install/dsr_msgs2/include/dsr_msgs2/dsr_msgs2/srv/detail/get_rt_control_output_data_list__type_support.c
[58.038s] -- Installing: /home/rokey/ros2_ws/install/dsr_msgs2/include/dsr_msgs2/dsr_msgs2/srv/detail/set_user_cart_coord1__rosidl_typesupport_introspection_c.h
[58.038s] -- Installing: /home/rokey/ros2_ws/install/dsr_msgs2/include/dsr_msgs2/dsr_msgs2/srv/detail/set_user_cart_coord3__type_support.c
[58.038s] -- Installing: /home/rokey/ros2_ws/install/dsr_msgs2/include/dsr_msgs2/dsr_msgs2/srv/detail/set_ctrl_box_digital_output__rosidl_typesupport_introspection_c.h
[58.038s] -- Installing: /home/rokey/ros2_ws/install/dsr_msgs2/include/dsr_msgs2/dsr_msgs2/srv/detail/get_current_rotm__rosidl_typesupport_introspection_c.h
[58.038s] -- Installing: /home/rokey/ros2_ws/install/dsr_msgs2/include/dsr_msgs2/dsr_msgs2/srv/detail/config_create_tool__type_support.c
[58.038s] -- Installing: /home/rokey/ros2_ws/install/dsr_msgs2/include/dsr_msgs2/dsr_msgs2/srv/detail/move_pause__rosidl_typesupport_introspection_c.h
[58.038s] -- Installing: /home/rokey/ros2_ws/install/dsr_msgs2/include/dsr_msgs2/dsr_msgs2/srv/detail/disconnect_rt_control__type_support.c
[58.038s] -- Installing: /home/rokey/ros2_ws/install/dsr_msgs2/include/dsr_msgs2/dsr_msgs2/srv/detail/set_rt_control_output__type_support.c
[58.038s] -- Installing: /home/rokey/ros2_ws/install/dsr_msgs2/include/dsr_msgs2/dsr_msgs2/srv/detail/move_line__rosidl_typesupport_introspection_c.h
[58.038s] -- Installing: /home/rokey/ros2_ws/install/dsr_msgs2/include/dsr_msgs2/dsr_msgs2/srv/detail/set_modbus_output__rosidl_typesupport_introspection_c.h
[58.038s] -- Installing: /home/rokey/ros2_ws/install/dsr_msgs2/include/dsr_msgs2/dsr_msgs2/srv/detail/config_delete_tool__rosidl_typesupport_introspection_c.h
[58.038s] -- Installing: /home/rokey/ros2_ws/install/dsr_msgs2/include/dsr_msgs2/dsr_msgs2/srv/detail/set_ctrl_box_analog_input_type__rosidl_typesupport_introspection_c.h
[58.038s] -- Installing: /home/rokey/ros2_ws/install/dsr_msgs2/include/dsr_msgs2/dsr_msgs2/srv/detail/fkin__type_support.c
[58.038s] -- Installing: /home/rokey/ros2_ws/install/dsr_msgs2/include/dsr_msgs2/dsr_msgs2/srv/detail/drl_start__rosidl_typesupport_introspection_c.h
[58.038s] -- Installing: /home/rokey/ros2_ws/install/dsr_msgs2/include/dsr_msgs2/dsr_msgs2/srv/detail/jog_multi__rosidl_typesupport_introspection_c.h
[58.039s] -- Installing: /home/rokey/ros2_ws/install/dsr_msgs2/include/dsr_msgs2/dsr_msgs2/srv/detail/config_create_tcp__rosidl_typesupport_introspection_c.h
[58.039s] -- Installing: /home/rokey/ros2_ws/install/dsr_msgs2/include/dsr_msgs2/dsr_msgs2/srv/detail/set_desired_force__type_support.c
[58.039s] -- Installing: /home/rokey/ros2_ws/install/dsr_msgs2/include/dsr_msgs2/dsr_msgs2/srv/detail/get_current_tool_flange_posx__rosidl_typesupport_introspection_c.h
[58.039s] -- Installing: /home/rokey/ros2_ws/install/dsr_msgs2/include/dsr_msgs2/dsr_msgs2/srv/detail/get_current_posx__rosidl_typesupport_introspection_c.h
[58.039s] -- Installing: /home/rokey/ros2_ws/install/dsr_msgs2/include/dsr_msgs2/dsr_msgs2/srv/detail/config_delete_modbus__rosidl_typesupport_introspection_c.h
[58.039s] -- Installing: /home/rokey/ros2_ws/install/dsr_msgs2/include/dsr_msgs2/dsr_msgs2/srv/detail/move_jointx__rosidl_typesupport_introspection_c.h
[58.039s] -- Installing: /home/rokey/ros2_ws/install/dsr_msgs2/include/dsr_msgs2/dsr_msgs2/srv/detail/config_delete_tcp__type_support.c
[58.039s] -- Installing: /home/rokey/ros2_ws/install/dsr_msgs2/include/dsr_msgs2/dsr_msgs2/srv/detail/fkin__rosidl_typesupport_introspection_c.h
[58.039s] -- Installing: /home/rokey/ros2_ws/install/dsr_msgs2/include/dsr_msgs2/dsr_msgs2/srv/detail/get_current_posj__type_support.c
[58.039s] -- Installing: /home/rokey/ros2_ws/install/dsr_msgs2/include/dsr_msgs2/dsr_msgs2/srv/detail/config_delete_modbus__type_support.c
[58.039s] -- Installing: /home/rokey/ros2_ws/install/dsr_msgs2/include/dsr_msgs2/dsr_msgs2/srv/detail/set_ctrl_box_analog_output_type__type_support.c
[58.039s] -- Installing: /home/rokey/ros2_ws/install/dsr_msgs2/include/dsr_msgs2/dsr_msgs2/srv/detail/check_orientation_condition2__type_support.c
[58.039s] -- Installing: /home/rokey/ros2_ws/install/dsr_msgs2/include/dsr_msgs2/dsr_msgs2/srv/detail/get_last_alarm__type_support.c
[58.039s] -- Installing: /home/rokey/ros2_ws/install/dsr_msgs2/include/dsr_msgs2/dsr_msgs2/srv/detail/stop_rt_control__rosidl_typesupport_introspection_c.h
[58.039s] -- Installing: /home/rokey/ros2_ws/install/dsr_msgs2/include/dsr_msgs2/dsr_msgs2/srv/detail/get_external_torque__type_support.c
[58.039s] -- Installing: /home/rokey/ros2_ws/install/dsr_msgs2/include/dsr_msgs2/dsr_msgs2/srv/detail/release_force__type_support.c
[58.039s] -- Installing: /home/rokey/ros2_ws/install/dsr_msgs2/include/dsr_msgs2/dsr_msgs2/srv/detail/set_accx_rt__type_support.c
[58.039s] -- Installing: /home/rokey/ros2_ws/install/dsr_msgs2/include/dsr_msgs2/dsr_msgs2/srv/detail/get_user_cart_coord__type_support.c
[58.039s] -- Installing: /home/rokey/ros2_ws/install/dsr_msgs2/include/dsr_msgs2/dsr_msgs2/srv/detail/get_orientation_error__rosidl_typesupport_introspection_c.h
[58.039s] -- Installing: /home/rokey/ros2_ws/install/dsr_msgs2/include/dsr_msgs2/dsr_msgs2/srv/detail/get_current_pose__rosidl_typesupport_introspection_c.h
[58.039s] -- Installing: /home/rokey/ros2_ws/install/dsr_msgs2/include/dsr_msgs2/dsr_msgs2/srv/detail/get_robot_system__rosidl_typesupport_introspection_c.h
[58.039s] -- Installing: /home/rokey/ros2_ws/install/dsr_msgs2/include/dsr_msgs2/dsr_msgs2/srv/detail/move_spiral__rosidl_typesupport_introspection_c.h
[58.039s] -- Installing: /home/rokey/ros2_ws/install/dsr_msgs2/include/dsr_msgs2/dsr_msgs2/srv/detail/get_robot_speed_mode__rosidl_typesupport_introspection_c.h
[58.040s] -- Installing: /home/rokey/ros2_ws/install/dsr_msgs2/include/dsr_msgs2/dsr_msgs2/srv/detail/set_user_cart_coord3__rosidl_typesupport_introspection_c.h
[58.040s] -- Installing: /home/rokey/ros2_ws/install/dsr_msgs2/include/dsr_msgs2/dsr_msgs2/srv/detail/get_current_posx__type_support.c
[58.040s] -- Installing: /home/rokey/ros2_ws/install/dsr_msgs2/include/dsr_msgs2/dsr_msgs2/srv/detail/set_velj_rt__type_support.c
[58.040s] -- Installing: /home/rokey/ros2_ws/install/dsr_msgs2/include/dsr_msgs2/dsr_msgs2/srv/detail/set_stiffnessx__rosidl_typesupport_introspection_c.h
[58.040s] -- Installing: /home/rokey/ros2_ws/install/dsr_msgs2/include/dsr_msgs2/dsr_msgs2/srv/detail/set_ctrl_box_analog_output__type_support.c
[58.040s] -- Installing: /home/rokey/ros2_ws/install/dsr_msgs2/include/dsr_msgs2/dsr_msgs2/srv/detail/jog_multi__type_support.c
[58.040s] -- Installing: /home/rokey/ros2_ws/install/dsr_msgs2/include/dsr_msgs2/dsr_msgs2/srv/detail/trans__type_support.c
[58.040s] -- Installing: /home/rokey/ros2_ws/install/dsr_msgs2/include/dsr_msgs2/dsr_msgs2/srv/detail/get_desired_velx__rosidl_typesupport_introspection_c.h
[58.040s] -- Installing: /home/rokey/ros2_ws/install/dsr_msgs2/include/dsr_msgs2/dsr_msgs2/srv/detail/get_current_velj__rosidl_typesupport_introspection_c.h
[58.040s] -- Installing: /home/rokey/ros2_ws/install/dsr_msgs2/include/dsr_msgs2/dsr_msgs2/srv/detail/move_joint__rosidl_typesupport_introspection_c.h
[58.040s] -- Installing: /home/rokey/ros2_ws/install/dsr_msgs2/include/dsr_msgs2/dsr_msgs2/srv/detail/coord_transform__rosidl_typesupport_introspection_c.h
[58.040s] -- Installing: /home/rokey/ros2_ws/install/dsr_msgs2/include/dsr_msgs2/dsr_msgs2/srv/detail/get_control_mode__rosidl_typesupport_introspection_c.h
[58.040s] -- Installing: /home/rokey/ros2_ws/install/dsr_msgs2/include/dsr_msgs2/dsr_msgs2/srv/detail/move_joint__type_support.c
[58.040s] -- Installing: /home/rokey/ros2_ws/install/dsr_msgs2/include/dsr_msgs2/dsr_msgs2/srv/detail/align_axis1__type_support.c
[58.040s] -- Installing: /home/rokey/ros2_ws/install/dsr_msgs2/include/dsr_msgs2/dsr_msgs2/srv/detail/get_current_tool__type_support.c
[58.040s] -- Installing: /home/rokey/ros2_ws/install/dsr_msgs2/include/dsr_msgs2/dsr_msgs2/srv/detail/set_ref_coord__rosidl_typesupport_introspection_c.h
[58.040s] -- Installing: /home/rokey/ros2_ws/install/dsr_msgs2/include/dsr_msgs2/dsr_msgs2/srv/detail/get_ctrl_box_analog_input__rosidl_typesupport_introspection_c.h
[58.040s] -- Installing: /home/rokey/ros2_ws/install/dsr_msgs2/include/dsr_msgs2/dsr_msgs2/srv/detail/move_periodic__type_support.c
[58.040s] -- Installing: /home/rokey/ros2_ws/install/dsr_msgs2/include/dsr_msgs2/dsr_msgs2/srv/detail/move_circle__type_support.c
[58.040s] -- Installing: /home/rokey/ros2_ws/install/dsr_msgs2/include/dsr_msgs2/dsr_msgs2/srv/detail/get_rt_control_input_version_list__type_support.c
[58.040s] -- Installing: /home/rokey/ros2_ws/install/dsr_msgs2/include/dsr_msgs2/dsr_msgs2/srv/detail/drl_pause__rosidl_typesupport_introspection_c.h
[58.041s] -- Installing: /home/rokey/ros2_ws/install/dsr_msgs2/include/dsr_msgs2/dsr_msgs2/srv/detail/get_rt_control_output_data_list__rosidl_typesupport_introspection_c.h
[58.041s] -- Installing: /home/rokey/ros2_ws/install/dsr_msgs2/include/dsr_msgs2/dsr_msgs2/srv/detail/servo_off__rosidl_typesupport_introspection_c.h
[58.041s] -- Installing: /home/rokey/ros2_ws/install/dsr_msgs2/include/dsr_msgs2/dsr_msgs2/srv/detail/alter_motion__rosidl_typesupport_introspection_c.h
[58.041s] -- Installing: /home/rokey/ros2_ws/install/dsr_msgs2/include/dsr_msgs2/dsr_msgs2/srv/detail/move_home__rosidl_typesupport_introspection_c.h
[58.041s] -- Installing: /home/rokey/ros2_ws/install/dsr_msgs2/include/dsr_msgs2/dsr_msgs2/srv/detail/check_position_condition__rosidl_typesupport_introspection_c.h
[58.041s] -- Installing: /home/rokey/ros2_ws/install/dsr_msgs2/include/dsr_msgs2/dsr_msgs2/srv/detail/get_robot_speed_mode__type_support.c
[58.041s] -- Installing: /home/rokey/ros2_ws/install/dsr_msgs2/include/dsr_msgs2/dsr_msgs2/srv/detail/stop_rt_control__type_support.c
[58.041s] -- Installing: /home/rokey/ros2_ws/install/dsr_msgs2/include/dsr_msgs2/dsr_msgs2/srv/detail/trans__rosidl_typesupport_introspection_c.h
[58.041s] -- Installing: /home/rokey/ros2_ws/install/dsr_msgs2/include/dsr_msgs2/dsr_msgs2/srv/detail/set_velj_rt__rosidl_typesupport_introspection_c.h
[58.041s] -- Installing: /home/rokey/ros2_ws/install/dsr_msgs2/include/dsr_msgs2/dsr_msgs2/srv/detail/set_robot_control__rosidl_typesupport_introspection_c.h
[58.041s] -- Installing: /home/rokey/ros2_ws/install/dsr_msgs2/include/dsr_msgs2/dsr_msgs2/srv/detail/drl_pause__type_support.c
[58.041s] -- Installing: /home/rokey/ros2_ws/install/dsr_msgs2/include/dsr_msgs2/dsr_msgs2/srv/detail/set_rt_control_input__type_support.c
[58.041s] -- Installing: /home/rokey/ros2_ws/install/dsr_msgs2/include/dsr_msgs2/dsr_msgs2/srv/detail/set_ctrl_box_digital_output__type_support.c
[58.041s] -- Installing: /home/rokey/ros2_ws/install/dsr_msgs2/include/dsr_msgs2/dsr_msgs2/srv/detail/config_delete_tool__type_support.c
[58.041s] -- Installing: /home/rokey/ros2_ws/install/dsr_msgs2/include/dsr_msgs2/dsr_msgs2/srv/detail/get_drl_state__rosidl_typesupport_introspection_c.h
[58.041s] -- Installing: /home/rokey/ros2_ws/install/dsr_msgs2/include/dsr_msgs2/dsr_msgs2/srv/detail/check_orientation_condition2__rosidl_typesupport_introspection_c.h
[58.041s] -- Installing: /home/rokey/ros2_ws/install/dsr_msgs2/include/dsr_msgs2/dsr_msgs2/srv/detail/move_line__type_support.c
[58.041s] -- Installing: /home/rokey/ros2_ws/install/dsr_msgs2/include/dsr_msgs2/dsr_msgs2/srv/detail/align_axis1__rosidl_typesupport_introspection_c.h
[58.041s] -- Installing: /home/rokey/ros2_ws/install/dsr_msgs2/include/dsr_msgs2/dsr_msgs2/srv/detail/get_desired_velj__type_support.c
[58.041s] -- Installing: /home/rokey/ros2_ws/install/dsr_msgs2/include/dsr_msgs2/dsr_msgs2/srv/detail/get_desired_posj__rosidl_typesupport_introspection_c.h
[58.041s] -- Installing: /home/rokey/ros2_ws/install/dsr_msgs2/include/dsr_msgs2/dsr_msgs2/srv/detail/get_rt_control_output_version_list__rosidl_typesupport_introspection_c.h
[58.041s] -- Installing: /home/rokey/ros2_ws/install/dsr_msgs2/include/dsr_msgs2/dsr_msgs2/srv/detail/drl_stop__type_support.c
[58.041s] -- Installing: /home/rokey/ros2_ws/install/dsr_msgs2/include/dsr_msgs2/dsr_msgs2/srv/detail/move_wait__rosidl_typesupport_introspection_c.h
[58.042s] -- Installing: /home/rokey/ros2_ws/install/dsr_msgs2/include/dsr_msgs2/dsr_msgs2/srv/detail/get_control_space__rosidl_typesupport_introspection_c.h
[58.042s] -- Installing: /home/rokey/ros2_ws/install/dsr_msgs2/include/dsr_msgs2/dsr_msgs2/srv/detail/move_circle__rosidl_typesupport_introspection_c.h
[58.042s] -- Installing: /home/rokey/ros2_ws/install/dsr_msgs2/include/dsr_msgs2/dsr_msgs2/srv/detail/set_ctrl_box_analog_output__rosidl_typesupport_introspection_c.h
[58.042s] -- Installing: /home/rokey/ros2_ws/install/dsr_msgs2/include/dsr_msgs2/dsr_msgs2/srv/detail/check_force_condition__rosidl_typesupport_introspection_c.h
[58.042s] -- Installing: /home/rokey/ros2_ws/install/dsr_msgs2/include/dsr_msgs2/dsr_msgs2/srv/detail/get_workpiece_weight__type_support.c
[58.042s] -- Installing: /home/rokey/ros2_ws/install/dsr_msgs2/include/dsr_msgs2/dsr_msgs2/srv/detail/set_robot_mode__rosidl_typesupport_introspection_c.h
[58.042s] -- Installing: /home/rokey/ros2_ws/install/dsr_msgs2/include/dsr_msgs2/dsr_msgs2/srv/detail/parallel_axis2__rosidl_typesupport_introspection_c.h
[58.042s] -- Installing: /home/rokey/ros2_ws/install/dsr_msgs2/include/dsr_msgs2/dsr_msgs2/srv/detail/robotiq2_f_move__type_support.c
[58.042s] -- Installing: /home/rokey/ros2_ws/install/dsr_msgs2/include/dsr_msgs2/dsr_msgs2/srv/detail/set_robot_mode__type_support.c
[58.042s] -- Installing: /home/rokey/ros2_ws/install/dsr_msgs2/lib/libdsr_msgs2__rosidl_typesupport_introspection_c.so
[58.043s] -- Set runtime path of "/home/rokey/ros2_ws/install/dsr_msgs2/lib/libdsr_msgs2__rosidl_typesupport_introspection_c.so" to ""
[58.043s] -- Installing: /home/rokey/ros2_ws/install/dsr_msgs2/lib/libdsr_msgs2__rosidl_typesupport_c.so
[58.044s] -- Set runtime path of "/home/rokey/ros2_ws/install/dsr_msgs2/lib/libdsr_msgs2__rosidl_typesupport_c.so" to ""
[58.044s] -- Up-to-date: /home/rokey/ros2_ws/install/dsr_msgs2/include/dsr_msgs2/dsr_msgs2
[58.044s] -- Up-to-date: /home/rokey/ros2_ws/install/dsr_msgs2/include/dsr_msgs2/dsr_msgs2/msg
[58.044s] -- Up-to-date: /home/rokey/ros2_ws/install/dsr_msgs2/include/dsr_msgs2/dsr_msgs2/msg/detail
[58.044s] -- Installing: /home/rokey/ros2_ws/install/dsr_msgs2/include/dsr_msgs2/dsr_msgs2/msg/detail/robot_stop__type_support.cpp
[58.044s] -- Installing: /home/rokey/ros2_ws/install/dsr_msgs2/include/dsr_msgs2/dsr_msgs2/msg/detail/speedj_stream__type_support.cpp
[58.044s] -- Installing: /home/rokey/ros2_ws/install/dsr_msgs2/include/dsr_msgs2/dsr_msgs2/msg/detail/alter_motion_stream__type_support.cpp
[58.044s] -- Installing: /home/rokey/ros2_ws/install/dsr_msgs2/include/dsr_msgs2/dsr_msgs2/msg/detail/servoj_stream__type_support.cpp
[58.044s] -- Installing: /home/rokey/ros2_ws/install/dsr_msgs2/include/dsr_msgs2/dsr_msgs2/msg/detail/servol_rt_stream__type_support.cpp
[58.044s] -- Installing: /home/rokey/ros2_ws/install/dsr_msgs2/include/dsr_msgs2/dsr_msgs2/msg/detail/log_alarm__type_support.cpp
[58.044s] -- Installing: /home/rokey/ros2_ws/install/dsr_msgs2/include/dsr_msgs2/dsr_msgs2/msg/detail/servoj_stream__rosidl_typesupport_introspection_cpp.hpp
[58.044s] -- Installing: /home/rokey/ros2_ws/install/dsr_msgs2/include/dsr_msgs2/dsr_msgs2/msg/detail/robot_state_rt__rosidl_typesupport_introspection_cpp.hpp
[58.044s] -- Installing: /home/rokey/ros2_ws/install/dsr_msgs2/include/dsr_msgs2/dsr_msgs2/msg/detail/robot_state__rosidl_typesupport_introspection_cpp.hpp
[58.044s] -- Installing: /home/rokey/ros2_ws/install/dsr_msgs2/include/dsr_msgs2/dsr_msgs2/msg/detail/speedj_stream__rosidl_typesupport_introspection_cpp.hpp
[58.044s] -- Installing: /home/rokey/ros2_ws/install/dsr_msgs2/include/dsr_msgs2/dsr_msgs2/msg/detail/servoj_rt_stream__type_support.cpp
[58.044s] -- Installing: /home/rokey/ros2_ws/install/dsr_msgs2/include/dsr_msgs2/dsr_msgs2/msg/detail/speedl_stream__type_support.cpp
[58.044s] -- Installing: /home/rokey/ros2_ws/install/dsr_msgs2/include/dsr_msgs2/dsr_msgs2/msg/detail/robot_stop__rosidl_typesupport_introspection_cpp.hpp
[58.044s] -- Installing: /home/rokey/ros2_ws/install/dsr_msgs2/include/dsr_msgs2/dsr_msgs2/msg/detail/modbus_state__type_support.cpp
[58.044s] -- Installing: /home/rokey/ros2_ws/install/dsr_msgs2/include/dsr_msgs2/dsr_msgs2/msg/detail/servoj_rt_stream__rosidl_typesupport_introspection_cpp.hpp
[58.044s] -- Installing: /home/rokey/ros2_ws/install/dsr_msgs2/include/dsr_msgs2/dsr_msgs2/msg/detail/speedl_rt_stream__rosidl_typesupport_introspection_cpp.hpp
[58.044s] -- Installing: /home/rokey/ros2_ws/install/dsr_msgs2/include/dsr_msgs2/dsr_msgs2/msg/detail/alter_motion_stream__rosidl_typesupport_introspection_cpp.hpp
[58.044s] -- Installing: /home/rokey/ros2_ws/install/dsr_msgs2/include/dsr_msgs2/dsr_msgs2/msg/detail/jog_multi_axis__type_support.cpp
[58.044s] -- Installing: /home/rokey/ros2_ws/install/dsr_msgs2/include/dsr_msgs2/dsr_msgs2/msg/detail/servol_stream__type_support.cpp
[58.044s] -- Installing: /home/rokey/ros2_ws/install/dsr_msgs2/include/dsr_msgs2/dsr_msgs2/msg/detail/log_alarm__rosidl_typesupport_introspection_cpp.hpp
[58.045s] -- Installing: /home/rokey/ros2_ws/install/dsr_msgs2/include/dsr_msgs2/dsr_msgs2/msg/detail/jog_multi_axis__rosidl_typesupport_introspection_cpp.hpp
[58.045s] -- Installing: /home/rokey/ros2_ws/install/dsr_msgs2/include/dsr_msgs2/dsr_msgs2/msg/detail/modbus_state__rosidl_typesupport_introspection_cpp.hpp
[58.045s] -- Installing: /home/rokey/ros2_ws/install/dsr_msgs2/include/dsr_msgs2/dsr_msgs2/msg/detail/speedl_stream__rosidl_typesupport_introspection_cpp.hpp
[58.045s] -- Installing: /home/rokey/ros2_ws/install/dsr_msgs2/include/dsr_msgs2/dsr_msgs2/msg/detail/speedj_rt_stream__rosidl_typesupport_introspection_cpp.hpp
[58.045s] -- Installing: /home/rokey/ros2_ws/install/dsr_msgs2/include/dsr_msgs2/dsr_msgs2/msg/detail/servol_stream__rosidl_typesupport_introspection_cpp.hpp
[58.045s] -- Installing: /home/rokey/ros2_ws/install/dsr_msgs2/include/dsr_msgs2/dsr_msgs2/msg/detail/robot_state_rt__type_support.cpp
[58.045s] -- Installing: /home/rokey/ros2_ws/install/dsr_msgs2/include/dsr_msgs2/dsr_msgs2/msg/detail/robot_state__type_support.cpp
[58.045s] -- Installing: /home/rokey/ros2_ws/install/dsr_msgs2/include/dsr_msgs2/dsr_msgs2/msg/detail/speedl_rt_stream__type_support.cpp
[58.045s] -- Installing: /home/rokey/ros2_ws/install/dsr_msgs2/include/dsr_msgs2/dsr_msgs2/msg/detail/torque_rt_stream__rosidl_typesupport_introspection_cpp.hpp
[58.045s] -- Installing: /home/rokey/ros2_ws/install/dsr_msgs2/include/dsr_msgs2/dsr_msgs2/msg/detail/robot_error__type_support.cpp
[58.045s] -- Installing: /home/rokey/ros2_ws/install/dsr_msgs2/include/dsr_msgs2/dsr_msgs2/msg/detail/robot_error__rosidl_typesupport_introspection_cpp.hpp
[58.045s] -- Installing: /home/rokey/ros2_ws/install/dsr_msgs2/include/dsr_msgs2/dsr_msgs2/msg/detail/torque_rt_stream__type_support.cpp
[58.045s] -- Installing: /home/rokey/ros2_ws/install/dsr_msgs2/include/dsr_msgs2/dsr_msgs2/msg/detail/speedj_rt_stream__type_support.cpp
[58.045s] -- Installing: /home/rokey/ros2_ws/install/dsr_msgs2/include/dsr_msgs2/dsr_msgs2/msg/detail/servol_rt_stream__rosidl_typesupport_introspection_cpp.hpp
[58.045s] -- Up-to-date: /home/rokey/ros2_ws/install/dsr_msgs2/include/dsr_msgs2/dsr_msgs2/srv
[58.045s] -- Up-to-date: /home/rokey/ros2_ws/install/dsr_msgs2/include/dsr_msgs2/dsr_msgs2/srv/detail
[58.045s] -- Installing: /home/rokey/ros2_ws/install/dsr_msgs2/include/dsr_msgs2/dsr_msgs2/srv/detail/get_current_tool_flange_posx__rosidl_typesupport_introspection_cpp.hpp
[58.045s] -- Installing: /home/rokey/ros2_ws/install/dsr_msgs2/include/dsr_msgs2/dsr_msgs2/srv/detail/config_create_tool__rosidl_typesupport_introspection_cpp.hpp
[58.045s] -- Installing: /home/rokey/ros2_ws/install/dsr_msgs2/include/dsr_msgs2/dsr_msgs2/srv/detail/config_delete_tool__type_support.cpp
[58.045s] -- Installing: /home/rokey/ros2_ws/install/dsr_msgs2/include/dsr_msgs2/dsr_msgs2/srv/detail/overwrite_user_cart_coord__rosidl_typesupport_introspection_cpp.hpp
[58.045s] -- Installing: /home/rokey/ros2_ws/install/dsr_msgs2/include/dsr_msgs2/dsr_msgs2/srv/detail/get_rt_control_input_data_list__rosidl_typesupport_introspection_cpp.hpp
[58.046s] -- Installing: /home/rokey/ros2_ws/install/dsr_msgs2/include/dsr_msgs2/dsr_msgs2/srv/detail/set_user_cart_coord1__rosidl_typesupport_introspection_cpp.hpp
[58.046s] -- Installing: /home/rokey/ros2_ws/install/dsr_msgs2/include/dsr_msgs2/dsr_msgs2/srv/detail/move_home__type_support.cpp
[58.046s] -- Installing: /home/rokey/ros2_ws/install/dsr_msgs2/include/dsr_msgs2/dsr_msgs2/srv/detail/move_wait__rosidl_typesupport_introspection_cpp.hpp
[58.046s] -- Installing: /home/rokey/ros2_ws/install/dsr_msgs2/include/dsr_msgs2/dsr_msgs2/srv/detail/move_spiral__rosidl_typesupport_introspection_cpp.hpp
[58.046s] -- Installing: /home/rokey/ros2_ws/install/dsr_msgs2/include/dsr_msgs2/dsr_msgs2/srv/detail/move_circle__rosidl_typesupport_introspection_cpp.hpp
[58.046s] -- Installing: /home/rokey/ros2_ws/install/dsr_msgs2/include/dsr_msgs2/dsr_msgs2/srv/detail/set_ctrl_box_digital_output__rosidl_typesupport_introspection_cpp.hpp
[58.046s] -- Installing: /home/rokey/ros2_ws/install/dsr_msgs2/include/dsr_msgs2/dsr_msgs2/srv/detail/set_singularity_handling__type_support.cpp
[58.046s] -- Installing: /home/rokey/ros2_ws/install/dsr_msgs2/include/dsr_msgs2/dsr_msgs2/srv/detail/get_desired_posj__type_support.cpp
[58.046s] -- Installing: /home/rokey/ros2_ws/install/dsr_msgs2/include/dsr_msgs2/dsr_msgs2/srv/detail/get_joint_torque__type_support.cpp
[58.046s] -- Installing: /home/rokey/ros2_ws/install/dsr_msgs2/include/dsr_msgs2/dsr_msgs2/srv/detail/set_ref_coord__rosidl_typesupport_introspection_cpp.hpp
[58.046s] -- Installing: /home/rokey/ros2_ws/install/dsr_msgs2/include/dsr_msgs2/dsr_msgs2/srv/detail/robotiq2_f_close__rosidl_typesupport_introspection_cpp.hpp
[58.046s] -- Installing: /home/rokey/ros2_ws/install/dsr_msgs2/include/dsr_msgs2/dsr_msgs2/srv/detail/get_rt_control_output_version_list__type_support.cpp
[58.046s] -- Installing: /home/rokey/ros2_ws/install/dsr_msgs2/include/dsr_msgs2/dsr_msgs2/srv/detail/get_current_posj__type_support.cpp
[58.046s] -- Installing: /home/rokey/ros2_ws/install/dsr_msgs2/include/dsr_msgs2/dsr_msgs2/srv/detail/get_rt_control_input_version_list__type_support.cpp
[58.046s] -- Installing: /home/rokey/ros2_ws/install/dsr_msgs2/include/dsr_msgs2/dsr_msgs2/srv/detail/get_user_cart_coord__rosidl_typesupport_introspection_cpp.hpp
[58.046s] -- Installing: /home/rokey/ros2_ws/install/dsr_msgs2/include/dsr_msgs2/dsr_msgs2/srv/detail/jog__rosidl_typesupport_introspection_cpp.hpp
[58.046s] -- Installing: /home/rokey/ros2_ws/install/dsr_msgs2/include/dsr_msgs2/dsr_msgs2/srv/detail/get_control_space__rosidl_typesupport_introspection_cpp.hpp
[58.046s] -- Installing: /home/rokey/ros2_ws/install/dsr_msgs2/include/dsr_msgs2/dsr_msgs2/srv/detail/get_robot_state__rosidl_typesupport_introspection_cpp.hpp
[58.046s] -- Installing: /home/rokey/ros2_ws/install/dsr_msgs2/include/dsr_msgs2/dsr_msgs2/srv/detail/move_joint__type_support.cpp
[58.046s] -- Installing: /home/rokey/ros2_ws/install/dsr_msgs2/include/dsr_msgs2/dsr_msgs2/srv/detail/change_operation_speed__rosidl_typesupport_introspection_cpp.hpp
[58.046s] -- Installing: /home/rokey/ros2_ws/install/dsr_msgs2/include/dsr_msgs2/dsr_msgs2/srv/detail/check_orientation_condition2__type_support.cpp
[58.047s] -- Installing: /home/rokey/ros2_ws/install/dsr_msgs2/include/dsr_msgs2/dsr_msgs2/srv/detail/reset_workpiece_weight__rosidl_typesupport_introspection_cpp.hpp
[58.047s] -- Installing: /home/rokey/ros2_ws/install/dsr_msgs2/include/dsr_msgs2/dsr_msgs2/srv/detail/drl_pause__rosidl_typesupport_introspection_cpp.hpp
[58.047s] -- Installing: /home/rokey/ros2_ws/install/dsr_msgs2/include/dsr_msgs2/dsr_msgs2/srv/detail/get_current_tool_flange_posx__type_support.cpp
[58.047s] -- Installing: /home/rokey/ros2_ws/install/dsr_msgs2/include/dsr_msgs2/dsr_msgs2/srv/detail/get_robot_system__rosidl_typesupport_introspection_cpp.hpp
[58.047s] -- Installing: /home/rokey/ros2_ws/install/dsr_msgs2/include/dsr_msgs2/dsr_msgs2/srv/detail/overwrite_user_cart_coord__type_support.cpp
[58.047s] -- Installing: /home/rokey/ros2_ws/install/dsr_msgs2/include/dsr_msgs2/dsr_msgs2/srv/detail/check_orientation_condition2__rosidl_typesupport_introspection_cpp.hpp
[58.047s] -- Installing: /home/rokey/ros2_ws/install/dsr_msgs2/include/dsr_msgs2/dsr_msgs2/srv/detail/set_ref_coord__type_support.cpp
[58.047s] -- Installing: /home/rokey/ros2_ws/install/dsr_msgs2/include/dsr_msgs2/dsr_msgs2/srv/detail/set_robot_speed_mode__type_support.cpp
[58.047s] -- Installing: /home/rokey/ros2_ws/install/dsr_msgs2/include/dsr_msgs2/dsr_msgs2/srv/detail/write_data_rt__type_support.cpp
[58.047s] -- Installing: /home/rokey/ros2_ws/install/dsr_msgs2/include/dsr_msgs2/dsr_msgs2/srv/detail/set_robot_control__rosidl_typesupport_introspection_cpp.hpp
[58.047s] -- Installing: /home/rokey/ros2_ws/install/dsr_msgs2/include/dsr_msgs2/dsr_msgs2/srv/detail/set_tool_shape__rosidl_typesupport_introspection_cpp.hpp
[58.047s] -- Installing: /home/rokey/ros2_ws/install/dsr_msgs2/include/dsr_msgs2/dsr_msgs2/srv/detail/get_control_mode__rosidl_typesupport_introspection_cpp.hpp
[58.047s] -- Installing: /home/rokey/ros2_ws/install/dsr_msgs2/include/dsr_msgs2/dsr_msgs2/srv/detail/get_current_velx__type_support.cpp
[58.047s] -- Installing: /home/rokey/ros2_ws/install/dsr_msgs2/include/dsr_msgs2/dsr_msgs2/srv/detail/get_ctrl_box_analog_input__type_support.cpp
[58.047s] -- Installing: /home/rokey/ros2_ws/install/dsr_msgs2/include/dsr_msgs2/dsr_msgs2/srv/detail/disconnect_rt_control__rosidl_typesupport_introspection_cpp.hpp
[58.047s] -- Installing: /home/rokey/ros2_ws/install/dsr_msgs2/include/dsr_msgs2/dsr_msgs2/srv/detail/get_current_solution_space__type_support.cpp
[58.047s] -- Installing: /home/rokey/ros2_ws/install/dsr_msgs2/include/dsr_msgs2/dsr_msgs2/srv/detail/parallel_axis1__type_support.cpp
[58.047s] -- Installing: /home/rokey/ros2_ws/install/dsr_msgs2/include/dsr_msgs2/dsr_msgs2/srv/detail/get_current_posx__rosidl_typesupport_introspection_cpp.hpp
[58.047s] -- Installing: /home/rokey/ros2_ws/install/dsr_msgs2/include/dsr_msgs2/dsr_msgs2/srv/detail/trans__rosidl_typesupport_introspection_cpp.hpp
[58.047s] -- Installing: /home/rokey/ros2_ws/install/dsr_msgs2/include/dsr_msgs2/dsr_msgs2/srv/detail/move_jointx__type_support.cpp
[58.047s] -- Installing: /home/rokey/ros2_ws/install/dsr_msgs2/include/dsr_msgs2/dsr_msgs2/srv/detail/get_desired_posj__rosidl_typesupport_introspection_cpp.hpp
[58.047s] -- Installing: /home/rokey/ros2_ws/install/dsr_msgs2/include/dsr_msgs2/dsr_msgs2/srv/detail/get_ctrl_box_digital_output__rosidl_typesupport_introspection_cpp.hpp
[58.048s] -- Installing: /home/rokey/ros2_ws/install/dsr_msgs2/include/dsr_msgs2/dsr_msgs2/srv/detail/get_robot_speed_mode__type_support.cpp
[58.048s] -- Installing: /home/rokey/ros2_ws/install/dsr_msgs2/include/dsr_msgs2/dsr_msgs2/srv/detail/connect_rt_control__type_support.cpp
[58.048s] -- Installing: /home/rokey/ros2_ws/install/dsr_msgs2/include/dsr_msgs2/dsr_msgs2/srv/detail/config_delete_modbus__type_support.cpp
[58.048s] -- Installing: /home/rokey/ros2_ws/install/dsr_msgs2/include/dsr_msgs2/dsr_msgs2/srv/detail/move_spline_joint__type_support.cpp
[58.048s] -- Installing: /home/rokey/ros2_ws/install/dsr_msgs2/include/dsr_msgs2/dsr_msgs2/srv/detail/get_solution_space__rosidl_typesupport_introspection_cpp.hpp
[58.048s] -- Installing: /home/rokey/ros2_ws/install/dsr_msgs2/include/dsr_msgs2/dsr_msgs2/srv/detail/move_home__rosidl_typesupport_introspection_cpp.hpp
[58.048s] -- Installing: /home/rokey/ros2_ws/install/dsr_msgs2/include/dsr_msgs2/dsr_msgs2/srv/detail/set_ctrl_box_digital_output__type_support.cpp
[58.048s] -- Installing: /home/rokey/ros2_ws/install/dsr_msgs2/include/dsr_msgs2/dsr_msgs2/srv/detail/get_orientation_error__rosidl_typesupport_introspection_cpp.hpp
[58.048s] -- Installing: /home/rokey/ros2_ws/install/dsr_msgs2/include/dsr_msgs2/dsr_msgs2/srv/detail/get_current_pose__type_support.cpp
[58.048s] -- Installing: /home/rokey/ros2_ws/install/dsr_msgs2/include/dsr_msgs2/dsr_msgs2/srv/detail/robotiq2_f_open__type_support.cpp
[58.048s] -- Installing: /home/rokey/ros2_ws/install/dsr_msgs2/include/dsr_msgs2/dsr_msgs2/srv/detail/drl_start__rosidl_typesupport_introspection_cpp.hpp
[58.048s] -- Installing: /home/rokey/ros2_ws/install/dsr_msgs2/include/dsr_msgs2/dsr_msgs2/srv/detail/get_drl_state__type_support.cpp
[58.048s] -- Installing: /home/rokey/ros2_ws/install/dsr_msgs2/include/dsr_msgs2/dsr_msgs2/srv/detail/set_ctrl_box_analog_input_type__type_support.cpp
[58.048s] -- Installing: /home/rokey/ros2_ws/install/dsr_msgs2/include/dsr_msgs2/dsr_msgs2/srv/detail/set_user_cart_coord3__rosidl_typesupport_introspection_cpp.hpp
[58.048s] -- Installing: /home/rokey/ros2_ws/install/dsr_msgs2/include/dsr_msgs2/dsr_msgs2/srv/detail/move_periodic__type_support.cpp
[58.048s] -- Installing: /home/rokey/ros2_ws/install/dsr_msgs2/include/dsr_msgs2/dsr_msgs2/srv/detail/alter_motion__type_support.cpp
[58.048s] -- Installing: /home/rokey/ros2_ws/install/dsr_msgs2/include/dsr_msgs2/dsr_msgs2/srv/detail/read_data_rt__rosidl_typesupport_introspection_cpp.hpp
[58.048s] -- Installing: /home/rokey/ros2_ws/install/dsr_msgs2/include/dsr_msgs2/dsr_msgs2/srv/detail/get_tool_force__rosidl_typesupport_introspection_cpp.hpp
[58.048s] -- Installing: /home/rokey/ros2_ws/install/dsr_msgs2/include/dsr_msgs2/dsr_msgs2/srv/detail/get_desired_velx__rosidl_typesupport_introspection_cpp.hpp
[58.048s] -- Installing: /home/rokey/ros2_ws/install/dsr_msgs2/include/dsr_msgs2/dsr_msgs2/srv/detail/set_robot_speed_mode__rosidl_typesupport_introspection_cpp.hpp
[58.048s] -- Installing: /home/rokey/ros2_ws/install/dsr_msgs2/include/dsr_msgs2/dsr_msgs2/srv/detail/set_robot_system__type_support.cpp
[58.048s] -- Installing: /home/rokey/ros2_ws/install/dsr_msgs2/include/dsr_msgs2/dsr_msgs2/srv/detail/serial_send_data__type_support.cpp
[58.049s] -- Installing: /home/rokey/ros2_ws/install/dsr_msgs2/include/dsr_msgs2/dsr_msgs2/srv/detail/set_ctrl_box_analog_input_type__rosidl_typesupport_introspection_cpp.hpp
[58.049s] -- Installing: /home/rokey/ros2_ws/install/dsr_msgs2/include/dsr_msgs2/dsr_msgs2/srv/detail/get_orientation_error__type_support.cpp
[58.049s] -- Installing: /home/rokey/ros2_ws/install/dsr_msgs2/include/dsr_msgs2/dsr_msgs2/srv/detail/move_stop__type_support.cpp
[58.049s] -- Installing: /home/rokey/ros2_ws/install/dsr_msgs2/include/dsr_msgs2/dsr_msgs2/srv/detail/set_robot_system__rosidl_typesupport_introspection_cpp.hpp
[58.049s] -- Installing: /home/rokey/ros2_ws/install/dsr_msgs2/include/dsr_msgs2/dsr_msgs2/srv/detail/drl_start__type_support.cpp
[58.049s] -- Installing: /home/rokey/ros2_ws/install/dsr_msgs2/include/dsr_msgs2/dsr_msgs2/srv/detail/get_current_tool__type_support.cpp
[58.049s] -- Installing: /home/rokey/ros2_ws/install/dsr_msgs2/include/dsr_msgs2/dsr_msgs2/srv/detail/calc_coord__rosidl_typesupport_introspection_cpp.hpp
[58.049s] -- Installing: /home/rokey/ros2_ws/install/dsr_msgs2/include/dsr_msgs2/dsr_msgs2/srv/detail/move_spline_task__rosidl_typesupport_introspection_cpp.hpp
[58.049s] -- Installing: /home/rokey/ros2_ws/install/dsr_msgs2/include/dsr_msgs2/dsr_msgs2/srv/detail/set_rt_control_output__rosidl_typesupport_introspection_cpp.hpp
[58.049s] -- Installing: /home/rokey/ros2_ws/install/dsr_msgs2/include/dsr_msgs2/dsr_msgs2/srv/detail/config_delete_tcp__rosidl_typesupport_introspection_cpp.hpp
[58.049s] -- Installing: /home/rokey/ros2_ws/install/dsr_msgs2/include/dsr_msgs2/dsr_msgs2/srv/detail/move_pause__type_support.cpp
[58.049s] -- Installing: /home/rokey/ros2_ws/install/dsr_msgs2/include/dsr_msgs2/dsr_msgs2/srv/detail/align_axis1__type_support.cpp
[58.049s] -- Installing: /home/rokey/ros2_ws/install/dsr_msgs2/include/dsr_msgs2/dsr_msgs2/srv/detail/start_rt_control__type_support.cpp
[58.049s] -- Installing: /home/rokey/ros2_ws/install/dsr_msgs2/include/dsr_msgs2/dsr_msgs2/srv/detail/get_ctrl_box_analog_input__rosidl_typesupport_introspection_cpp.hpp
[58.049s] -- Installing: /home/rokey/ros2_ws/install/dsr_msgs2/include/dsr_msgs2/dsr_msgs2/srv/detail/robotiq2_f_move__type_support.cpp
[58.049s] -- Installing: /home/rokey/ros2_ws/install/dsr_msgs2/include/dsr_msgs2/dsr_msgs2/srv/detail/check_force_condition__type_support.cpp
[58.049s] -- Installing: /home/rokey/ros2_ws/install/dsr_msgs2/include/dsr_msgs2/dsr_msgs2/srv/detail/set_safe_stop_reset_type__type_support.cpp
[58.049s] -- Installing: /home/rokey/ros2_ws/install/dsr_msgs2/include/dsr_msgs2/dsr_msgs2/srv/detail/trans__type_support.cpp
[58.049s] -- Installing: /home/rokey/ros2_ws/install/dsr_msgs2/include/dsr_msgs2/dsr_msgs2/srv/detail/jog__type_support.cpp
[58.049s] -- Installing: /home/rokey/ros2_ws/install/dsr_msgs2/include/dsr_msgs2/dsr_msgs2/srv/detail/config_create_tcp__type_support.cpp
[58.049s] -- Installing: /home/rokey/ros2_ws/install/dsr_msgs2/include/dsr_msgs2/dsr_msgs2/srv/detail/set_velx_rt__rosidl_typesupport_introspection_cpp.hpp
[58.049s] -- Installing: /home/rokey/ros2_ws/install/dsr_msgs2/include/dsr_msgs2/dsr_msgs2/srv/detail/set_accx_rt__type_support.cpp
[58.050s] -- Installing: /home/rokey/ros2_ws/install/dsr_msgs2/include/dsr_msgs2/dsr_msgs2/srv/detail/set_safety_mode__rosidl_typesupport_introspection_cpp.hpp
[58.050s] -- Installing: /home/rokey/ros2_ws/install/dsr_msgs2/include/dsr_msgs2/dsr_msgs2/srv/detail/set_desired_force__rosidl_typesupport_introspection_cpp.hpp
[58.050s] -- Installing: /home/rokey/ros2_ws/install/dsr_msgs2/include/dsr_msgs2/dsr_msgs2/srv/detail/get_current_velj__rosidl_typesupport_introspection_cpp.hpp
[58.050s] -- Installing: /home/rokey/ros2_ws/install/dsr_msgs2/include/dsr_msgs2/dsr_msgs2/srv/detail/change_operation_speed__type_support.cpp
[58.050s] -- Installing: /home/rokey/ros2_ws/install/dsr_msgs2/include/dsr_msgs2/dsr_msgs2/srv/detail/set_current_tcp__type_support.cpp
[58.050s] -- Installing: /home/rokey/ros2_ws/install/dsr_msgs2/include/dsr_msgs2/dsr_msgs2/srv/detail/reset_workpiece_weight__type_support.cpp
[58.050s] -- Installing: /home/rokey/ros2_ws/install/dsr_msgs2/include/dsr_msgs2/dsr_msgs2/srv/detail/config_delete_modbus__rosidl_typesupport_introspection_cpp.hpp
[58.050s] -- Installing: /home/rokey/ros2_ws/install/dsr_msgs2/include/dsr_msgs2/dsr_msgs2/srv/detail/move_spline_joint__rosidl_typesupport_introspection_cpp.hpp
[58.050s] -- Installing: /home/rokey/ros2_ws/install/dsr_msgs2/include/dsr_msgs2/dsr_msgs2/srv/detail/get_desired_velx__type_support.cpp
[58.050s] -- Installing: /home/rokey/ros2_ws/install/dsr_msgs2/include/dsr_msgs2/dsr_msgs2/srv/detail/set_tool_shape__type_support.cpp
[58.050s] -- Installing: /home/rokey/ros2_ws/install/dsr_msgs2/include/dsr_msgs2/dsr_msgs2/srv/detail/move_spline_task__type_support.cpp
[58.050s] -- Installing: /home/rokey/ros2_ws/install/dsr_msgs2/include/dsr_msgs2/dsr_msgs2/srv/detail/get_ctrl_box_digital_input__type_support.cpp
[58.050s] -- Installing: /home/rokey/ros2_ws/install/dsr_msgs2/include/dsr_msgs2/dsr_msgs2/srv/detail/connect_rt_control__rosidl_typesupport_introspection_cpp.hpp
[58.050s] -- Installing: /home/rokey/ros2_ws/install/dsr_msgs2/include/dsr_msgs2/dsr_msgs2/srv/detail/set_user_cart_coord3__type_support.cpp
[58.050s] -- Installing: /home/rokey/ros2_ws/install/dsr_msgs2/include/dsr_msgs2/dsr_msgs2/srv/detail/get_external_torque__rosidl_typesupport_introspection_cpp.hpp
[58.050s] -- Installing: /home/rokey/ros2_ws/install/dsr_msgs2/include/dsr_msgs2/dsr_msgs2/srv/detail/align_axis2__type_support.cpp
[58.050s] -- Installing: /home/rokey/ros2_ws/install/dsr_msgs2/include/dsr_msgs2/dsr_msgs2/srv/detail/ikin__type_support.cpp
[58.050s] -- Installing: /home/rokey/ros2_ws/install/dsr_msgs2/include/dsr_msgs2/dsr_msgs2/srv/detail/get_last_alarm__rosidl_typesupport_introspection_cpp.hpp
[58.050s] -- Installing: /home/rokey/ros2_ws/install/dsr_msgs2/include/dsr_msgs2/dsr_msgs2/srv/detail/check_motion__type_support.cpp
[58.050s] -- Installing: /home/rokey/ros2_ws/install/dsr_msgs2/include/dsr_msgs2/dsr_msgs2/srv/detail/move_periodic__rosidl_typesupport_introspection_cpp.hpp
[58.050s] -- Installing: /home/rokey/ros2_ws/install/dsr_msgs2/include/dsr_msgs2/dsr_msgs2/srv/detail/coord_transform__type_support.cpp
[58.050s] -- Installing: /home/rokey/ros2_ws/install/dsr_msgs2/include/dsr_msgs2/dsr_msgs2/srv/detail/get_modbus_input__rosidl_typesupport_introspection_cpp.hpp
[58.051s] -- Installing: /home/rokey/ros2_ws/install/dsr_msgs2/include/dsr_msgs2/dsr_msgs2/srv/detail/set_rt_control_input__type_support.cpp
[58.051s] -- Installing: /home/rokey/ros2_ws/install/dsr_msgs2/include/dsr_msgs2/dsr_msgs2/srv/detail/set_singularity_handling__rosidl_typesupport_introspection_cpp.hpp
[58.051s] -- Installing: /home/rokey/ros2_ws/install/dsr_msgs2/include/dsr_msgs2/dsr_msgs2/srv/detail/set_velx_rt__type_support.cpp
[58.051s] -- Installing: /home/rokey/ros2_ws/install/dsr_msgs2/include/dsr_msgs2/dsr_msgs2/srv/detail/config_create_modbus__rosidl_typesupport_introspection_cpp.hpp
[58.051s] -- Installing: /home/rokey/ros2_ws/install/dsr_msgs2/include/dsr_msgs2/dsr_msgs2/srv/detail/set_rt_control_input__rosidl_typesupport_introspection_cpp.hpp
[58.051s] -- Installing: /home/rokey/ros2_ws/install/dsr_msgs2/include/dsr_msgs2/dsr_msgs2/srv/detail/change_collision_sensitivity__type_support.cpp
[58.051s] -- Installing: /home/rokey/ros2_ws/install/dsr_msgs2/include/dsr_msgs2/dsr_msgs2/srv/detail/move_line__type_support.cpp
[58.051s] -- Installing: /home/rokey/ros2_ws/install/dsr_msgs2/include/dsr_msgs2/dsr_msgs2/srv/detail/coord_transform__rosidl_typesupport_introspection_cpp.hpp
[58.051s] -- Installing: /home/rokey/ros2_ws/install/dsr_msgs2/include/dsr_msgs2/dsr_msgs2/srv/detail/task_compliance_ctrl__type_support.cpp
[58.051s] -- Installing: /home/rokey/ros2_ws/install/dsr_msgs2/include/dsr_msgs2/dsr_msgs2/srv/detail/check_force_condition__rosidl_typesupport_introspection_cpp.hpp
[58.051s] -- Installing: /home/rokey/ros2_ws/install/dsr_msgs2/include/dsr_msgs2/dsr_msgs2/srv/detail/set_user_cart_coord2__rosidl_typesupport_introspection_cpp.hpp
[58.051s] -- Installing: /home/rokey/ros2_ws/install/dsr_msgs2/include/dsr_msgs2/dsr_msgs2/srv/detail/set_robot_control__type_support.cpp
[58.051s] -- Installing: /home/rokey/ros2_ws/install/dsr_msgs2/include/dsr_msgs2/dsr_msgs2/srv/detail/servo_off__type_support.cpp
[58.051s] -- Installing: /home/rokey/ros2_ws/install/dsr_msgs2/include/dsr_msgs2/dsr_msgs2/srv/detail/get_current_rotm__rosidl_typesupport_introspection_cpp.hpp
[58.051s] -- Installing: /home/rokey/ros2_ws/install/dsr_msgs2/include/dsr_msgs2/dsr_msgs2/srv/detail/robotiq2_f_move__rosidl_typesupport_introspection_cpp.hpp
[58.051s] -- Installing: /home/rokey/ros2_ws/install/dsr_msgs2/include/dsr_msgs2/dsr_msgs2/srv/detail/set_ctrl_box_analog_output_type__type_support.cpp
[58.051s] -- Installing: /home/rokey/ros2_ws/install/dsr_msgs2/include/dsr_msgs2/dsr_msgs2/srv/detail/set_modbus_output__rosidl_typesupport_introspection_cpp.hpp
[58.051s] -- Installing: /home/rokey/ros2_ws/install/dsr_msgs2/include/dsr_msgs2/dsr_msgs2/srv/detail/is_done_bolt_tightening__rosidl_typesupport_introspection_cpp.hpp
[58.051s] -- Installing: /home/rokey/ros2_ws/install/dsr_msgs2/include/dsr_msgs2/dsr_msgs2/srv/detail/get_current_tcp__type_support.cpp
[58.051s] -- Installing: /home/rokey/ros2_ws/install/dsr_msgs2/include/dsr_msgs2/dsr_msgs2/srv/detail/get_desired_posx__type_support.cpp
[58.051s] -- Installing: /home/rokey/ros2_ws/install/dsr_msgs2/include/dsr_msgs2/dsr_msgs2/srv/detail/move_stop__rosidl_typesupport_introspection_cpp.hpp
[58.051s] -- Installing: /home/rokey/ros2_ws/install/dsr_msgs2/include/dsr_msgs2/dsr_msgs2/srv/detail/set_velj_rt__type_support.cpp
[58.052s] -- Installing: /home/rokey/ros2_ws/install/dsr_msgs2/include/dsr_msgs2/dsr_msgs2/srv/detail/move_jointx__rosidl_typesupport_introspection_cpp.hpp
[58.052s] -- Installing: /home/rokey/ros2_ws/install/dsr_msgs2/include/dsr_msgs2/dsr_msgs2/srv/detail/set_ctrl_box_analog_output__rosidl_typesupport_introspection_cpp.hpp
[58.052s] -- Installing: /home/rokey/ros2_ws/install/dsr_msgs2/include/dsr_msgs2/dsr_msgs2/srv/detail/fkin__rosidl_typesupport_introspection_cpp.hpp
[58.052s] -- Installing: /home/rokey/ros2_ws/install/dsr_msgs2/include/dsr_msgs2/dsr_msgs2/srv/detail/move_spiral__type_support.cpp
[58.052s] -- Installing: /home/rokey/ros2_ws/install/dsr_msgs2/include/dsr_msgs2/dsr_msgs2/srv/detail/get_current_rotm__type_support.cpp
[58.052s] -- Installing: /home/rokey/ros2_ws/install/dsr_msgs2/include/dsr_msgs2/dsr_msgs2/srv/detail/set_safety_mode__type_support.cpp
[58.052s] -- Installing: /home/rokey/ros2_ws/install/dsr_msgs2/include/dsr_msgs2/dsr_msgs2/srv/detail/get_rt_control_input_version_list__rosidl_typesupport_introspection_cpp.hpp
[58.052s] -- Installing: /home/rokey/ros2_ws/install/dsr_msgs2/include/dsr_msgs2/dsr_msgs2/srv/detail/start_rt_control__rosidl_typesupport_introspection_cpp.hpp
[58.052s] -- Installing: /home/rokey/ros2_ws/install/dsr_msgs2/include/dsr_msgs2/dsr_msgs2/srv/detail/is_done_bolt_tightening__type_support.cpp
[58.052s] -- Installing: /home/rokey/ros2_ws/install/dsr_msgs2/include/dsr_msgs2/dsr_msgs2/srv/detail/get_workpiece_weight__rosidl_typesupport_introspection_cpp.hpp
[58.052s] -- Installing: /home/rokey/ros2_ws/install/dsr_msgs2/include/dsr_msgs2/dsr_msgs2/srv/detail/get_desired_posx__rosidl_typesupport_introspection_cpp.hpp
[58.052s] -- Installing: /home/rokey/ros2_ws/install/dsr_msgs2/include/dsr_msgs2/dsr_msgs2/srv/detail/get_current_posj__rosidl_typesupport_introspection_cpp.hpp
[58.052s] -- Installing: /home/rokey/ros2_ws/install/dsr_msgs2/include/dsr_msgs2/dsr_msgs2/srv/detail/stop_rt_control__type_support.cpp
[58.052s] -- Installing: /home/rokey/ros2_ws/install/dsr_msgs2/include/dsr_msgs2/dsr_msgs2/srv/detail/move_resume__type_support.cpp
[58.052s] -- Installing: /home/rokey/ros2_ws/install/dsr_msgs2/include/dsr_msgs2/dsr_msgs2/srv/detail/disable_alter_motion__type_support.cpp
[58.052s] -- Installing: /home/rokey/ros2_ws/install/dsr_msgs2/include/dsr_msgs2/dsr_msgs2/srv/detail/set_ctrl_box_analog_output_type__rosidl_typesupport_introspection_cpp.hpp
[58.052s] -- Installing: /home/rokey/ros2_ws/install/dsr_msgs2/include/dsr_msgs2/dsr_msgs2/srv/detail/move_resume__rosidl_typesupport_introspection_cpp.hpp
[58.052s] -- Installing: /home/rokey/ros2_ws/install/dsr_msgs2/include/dsr_msgs2/dsr_msgs2/srv/detail/get_current_velx__rosidl_typesupport_introspection_cpp.hpp
[58.052s] -- Installing: /home/rokey/ros2_ws/install/dsr_msgs2/include/dsr_msgs2/dsr_msgs2/srv/detail/config_create_modbus__type_support.cpp
[58.052s] -- Installing: /home/rokey/ros2_ws/install/dsr_msgs2/include/dsr_msgs2/dsr_msgs2/srv/detail/get_robot_mode__type_support.cpp
[58.052s] -- Installing: /home/rokey/ros2_ws/install/dsr_msgs2/include/dsr_msgs2/dsr_msgs2/srv/detail/move_circle__type_support.cpp
[58.053s] -- Installing: /home/rokey/ros2_ws/install/dsr_msgs2/include/dsr_msgs2/dsr_msgs2/srv/detail/set_robot_mode__type_support.cpp
[58.053s] -- Installing: /home/rokey/ros2_ws/install/dsr_msgs2/include/dsr_msgs2/dsr_msgs2/srv/detail/parallel_axis2__rosidl_typesupport_introspection_cpp.hpp
[58.053s] -- Installing: /home/rokey/ros2_ws/install/dsr_msgs2/include/dsr_msgs2/dsr_msgs2/srv/detail/set_modbus_output__type_support.cpp
[58.053s] -- Installing: /home/rokey/ros2_ws/install/dsr_msgs2/include/dsr_msgs2/dsr_msgs2/srv/detail/set_accx_rt__rosidl_typesupport_introspection_cpp.hpp
[58.053s] -- Installing: /home/rokey/ros2_ws/install/dsr_msgs2/include/dsr_msgs2/dsr_msgs2/srv/detail/set_current_tool__type_support.cpp
[58.053s] -- Installing: /home/rokey/ros2_ws/install/dsr_msgs2/include/dsr_msgs2/dsr_msgs2/srv/detail/set_rt_control_output__type_support.cpp
[58.053s] -- Installing: /home/rokey/ros2_ws/install/dsr_msgs2/include/dsr_msgs2/dsr_msgs2/srv/detail/release_force__type_support.cpp
[58.053s] -- Installing: /home/rokey/ros2_ws/install/dsr_msgs2/include/dsr_msgs2/dsr_msgs2/srv/detail/release_compliance_ctrl__type_support.cpp
[58.053s] -- Installing: /home/rokey/ros2_ws/install/dsr_msgs2/include/dsr_msgs2/dsr_msgs2/srv/detail/set_safe_stop_reset_type__rosidl_typesupport_introspection_cpp.hpp
[58.053s] -- Installing: /home/rokey/ros2_ws/install/dsr_msgs2/include/dsr_msgs2/dsr_msgs2/srv/detail/set_velj_rt__rosidl_typesupport_introspection_cpp.hpp
[58.053s] -- Installing: /home/rokey/ros2_ws/install/dsr_msgs2/include/dsr_msgs2/dsr_msgs2/srv/detail/check_orientation_condition1__type_support.cpp
[58.053s] -- Installing: /home/rokey/ros2_ws/install/dsr_msgs2/include/dsr_msgs2/dsr_msgs2/srv/detail/move_blending__rosidl_typesupport_introspection_cpp.hpp
[58.053s] -- Installing: /home/rokey/ros2_ws/install/dsr_msgs2/include/dsr_msgs2/dsr_msgs2/srv/detail/change_collision_sensitivity__rosidl_typesupport_introspection_cpp.hpp
[58.053s] -- Installing: /home/rokey/ros2_ws/install/dsr_msgs2/include/dsr_msgs2/dsr_msgs2/srv/detail/get_modbus_input__type_support.cpp
[58.053s] -- Installing: /home/rokey/ros2_ws/install/dsr_msgs2/include/dsr_msgs2/dsr_msgs2/srv/detail/get_rt_control_output_data_list__rosidl_typesupport_introspection_cpp.hpp
[58.053s] -- Installing: /home/rokey/ros2_ws/install/dsr_msgs2/include/dsr_msgs2/dsr_msgs2/srv/detail/servo_off__rosidl_typesupport_introspection_cpp.hpp
[58.053s] -- Installing: /home/rokey/ros2_ws/install/dsr_msgs2/include/dsr_msgs2/dsr_msgs2/srv/detail/check_orientation_condition1__rosidl_typesupport_introspection_cpp.hpp
[58.053s] -- Installing: /home/rokey/ros2_ws/install/dsr_msgs2/include/dsr_msgs2/dsr_msgs2/srv/detail/get_current_tcp__rosidl_typesupport_introspection_cpp.hpp
[58.053s] -- Installing: /home/rokey/ros2_ws/install/dsr_msgs2/include/dsr_msgs2/dsr_msgs2/srv/detail/get_external_torque__type_support.cpp
[58.053s] -- Installing: /home/rokey/ros2_ws/install/dsr_msgs2/include/dsr_msgs2/dsr_msgs2/srv/detail/move_joint__rosidl_typesupport_introspection_cpp.hpp
[58.053s] -- Installing: /home/rokey/ros2_ws/install/dsr_msgs2/include/dsr_msgs2/dsr_msgs2/srv/detail/get_tool_digital_output__rosidl_typesupport_introspection_cpp.hpp
[58.053s] -- Installing: /home/rokey/ros2_ws/install/dsr_msgs2/include/dsr_msgs2/dsr_msgs2/srv/detail/set_user_cart_coord2__type_support.cpp
[58.054s] -- Installing: /home/rokey/ros2_ws/install/dsr_msgs2/include/dsr_msgs2/dsr_msgs2/srv/detail/get_last_alarm__type_support.cpp
[58.054s] -- Installing: /home/rokey/ros2_ws/install/dsr_msgs2/include/dsr_msgs2/dsr_msgs2/srv/detail/get_desired_velj__rosidl_typesupport_introspection_cpp.hpp
[58.054s] -- Installing: /home/rokey/ros2_ws/install/dsr_msgs2/include/dsr_msgs2/dsr_msgs2/srv/detail/write_data_rt__rosidl_typesupport_introspection_cpp.hpp
[58.054s] -- Installing: /home/rokey/ros2_ws/install/dsr_msgs2/include/dsr_msgs2/dsr_msgs2/srv/detail/set_tool_digital_output__type_support.cpp
[58.054s] -- Installing: /home/rokey/ros2_ws/install/dsr_msgs2/include/dsr_msgs2/dsr_msgs2/srv/detail/stop_rt_control__rosidl_typesupport_introspection_cpp.hpp
[58.054s] -- Installing: /home/rokey/ros2_ws/install/dsr_msgs2/include/dsr_msgs2/dsr_msgs2/srv/detail/set_stiffnessx__type_support.cpp
[58.054s] -- Installing: /home/rokey/ros2_ws/install/dsr_msgs2/include/dsr_msgs2/dsr_msgs2/srv/detail/serial_send_data__rosidl_typesupport_introspection_cpp.hpp
[58.054s] -- Installing: /home/rokey/ros2_ws/install/dsr_msgs2/include/dsr_msgs2/dsr_msgs2/srv/detail/get_robot_speed_mode__rosidl_typesupport_introspection_cpp.hpp
[58.054s] -- Installing: /home/rokey/ros2_ws/install/dsr_msgs2/include/dsr_msgs2/dsr_msgs2/srv/detail/jog_multi__rosidl_typesupport_introspection_cpp.hpp
[58.054s] -- Installing: /home/rokey/ros2_ws/install/dsr_msgs2/include/dsr_msgs2/dsr_msgs2/srv/detail/jog_multi__type_support.cpp
[58.054s] -- Installing: /home/rokey/ros2_ws/install/dsr_msgs2/include/dsr_msgs2/dsr_msgs2/srv/detail/task_compliance_ctrl__rosidl_typesupport_introspection_cpp.hpp
[58.054s] -- Installing: /home/rokey/ros2_ws/install/dsr_msgs2/include/dsr_msgs2/dsr_msgs2/srv/detail/calc_coord__type_support.cpp
[58.054s] -- Installing: /home/rokey/ros2_ws/install/dsr_msgs2/include/dsr_msgs2/dsr_msgs2/srv/detail/parallel_axis2__type_support.cpp
[58.054s] -- Installing: /home/rokey/ros2_ws/install/dsr_msgs2/include/dsr_msgs2/dsr_msgs2/srv/detail/set_ctrl_box_analog_output__type_support.cpp
[58.054s] -- Installing: /home/rokey/ros2_ws/install/dsr_msgs2/include/dsr_msgs2/dsr_msgs2/srv/detail/get_current_posx__type_support.cpp
[58.054s] -- Installing: /home/rokey/ros2_ws/install/dsr_msgs2/include/dsr_msgs2/dsr_msgs2/srv/detail/parallel_axis1__rosidl_typesupport_introspection_cpp.hpp
[58.054s] -- Installing: /home/rokey/ros2_ws/install/dsr_msgs2/include/dsr_msgs2/dsr_msgs2/srv/detail/release_compliance_ctrl__rosidl_typesupport_introspection_cpp.hpp
[58.054s] -- Installing: /home/rokey/ros2_ws/install/dsr_msgs2/include/dsr_msgs2/dsr_msgs2/srv/detail/get_drl_state__rosidl_typesupport_introspection_cpp.hpp
[58.054s] -- Installing: /home/rokey/ros2_ws/install/dsr_msgs2/include/dsr_msgs2/dsr_msgs2/srv/detail/disconnect_rt_control__type_support.cpp
[58.054s] -- Installing: /home/rokey/ros2_ws/install/dsr_msgs2/include/dsr_msgs2/dsr_msgs2/srv/detail/get_robot_state__type_support.cpp
[58.054s] -- Installing: /home/rokey/ros2_ws/install/dsr_msgs2/include/dsr_msgs2/dsr_msgs2/srv/detail/drl_stop__type_support.cpp
[58.054s] -- Installing: /home/rokey/ros2_ws/install/dsr_msgs2/include/dsr_msgs2/dsr_msgs2/srv/detail/set_current_tool__rosidl_typesupport_introspection_cpp.hpp
[58.055s] -- Installing: /home/rokey/ros2_ws/install/dsr_msgs2/include/dsr_msgs2/dsr_msgs2/srv/detail/get_joint_torque__rosidl_typesupport_introspection_cpp.hpp
[58.055s] -- Installing: /home/rokey/ros2_ws/install/dsr_msgs2/include/dsr_msgs2/dsr_msgs2/srv/detail/set_robot_mode__rosidl_typesupport_introspection_cpp.hpp
[58.055s] -- Installing: /home/rokey/ros2_ws/install/dsr_msgs2/include/dsr_msgs2/dsr_msgs2/srv/detail/check_position_condition__rosidl_typesupport_introspection_cpp.hpp
[58.055s] -- Installing: /home/rokey/ros2_ws/install/dsr_msgs2/include/dsr_msgs2/dsr_msgs2/srv/detail/set_accj_rt__type_support.cpp
[58.055s] -- Installing: /home/rokey/ros2_ws/install/dsr_msgs2/include/dsr_msgs2/dsr_msgs2/srv/detail/get_tool_digital_output__type_support.cpp
[58.055s] -- Installing: /home/rokey/ros2_ws/install/dsr_msgs2/include/dsr_msgs2/dsr_msgs2/srv/detail/get_workpiece_weight__type_support.cpp
[58.055s] -- Installing: /home/rokey/ros2_ws/install/dsr_msgs2/include/dsr_msgs2/dsr_msgs2/srv/detail/get_desired_velj__type_support.cpp
[58.055s] -- Installing: /home/rokey/ros2_ws/install/dsr_msgs2/include/dsr_msgs2/dsr_msgs2/srv/detail/align_axis2__rosidl_typesupport_introspection_cpp.hpp
[58.055s] -- Installing: /home/rokey/ros2_ws/install/dsr_msgs2/include/dsr_msgs2/dsr_msgs2/srv/detail/config_delete_tool__rosidl_typesupport_introspection_cpp.hpp
[58.055s] -- Installing: /home/rokey/ros2_ws/install/dsr_msgs2/include/dsr_msgs2/dsr_msgs2/srv/detail/move_line__rosidl_typesupport_introspection_cpp.hpp
[58.055s] -- Installing: /home/rokey/ros2_ws/install/dsr_msgs2/include/dsr_msgs2/dsr_msgs2/srv/detail/get_ctrl_box_digital_input__rosidl_typesupport_introspection_cpp.hpp
[58.055s] -- Installing: /home/rokey/ros2_ws/install/dsr_msgs2/include/dsr_msgs2/dsr_msgs2/srv/detail/align_axis1__rosidl_typesupport_introspection_cpp.hpp
[58.055s] -- Installing: /home/rokey/ros2_ws/install/dsr_msgs2/include/dsr_msgs2/dsr_msgs2/srv/detail/enable_alter_motion__rosidl_typesupport_introspection_cpp.hpp
[58.055s] -- Installing: /home/rokey/ros2_ws/install/dsr_msgs2/include/dsr_msgs2/dsr_msgs2/srv/detail/get_control_mode__type_support.cpp
[58.055s] -- Installing: /home/rokey/ros2_ws/install/dsr_msgs2/include/dsr_msgs2/dsr_msgs2/srv/detail/alter_motion__rosidl_typesupport_introspection_cpp.hpp
[58.055s] -- Installing: /home/rokey/ros2_ws/install/dsr_msgs2/include/dsr_msgs2/dsr_msgs2/srv/detail/get_ctrl_box_digital_output__type_support.cpp
[58.055s] -- Installing: /home/rokey/ros2_ws/install/dsr_msgs2/include/dsr_msgs2/dsr_msgs2/srv/detail/get_rt_control_output_data_list__type_support.cpp
[58.055s] -- Installing: /home/rokey/ros2_ws/install/dsr_msgs2/include/dsr_msgs2/dsr_msgs2/srv/detail/set_current_tcp__rosidl_typesupport_introspection_cpp.hpp
[58.055s] -- Installing: /home/rokey/ros2_ws/install/dsr_msgs2/include/dsr_msgs2/dsr_msgs2/srv/detail/get_tool_force__type_support.cpp
[58.055s] -- Installing: /home/rokey/ros2_ws/install/dsr_msgs2/include/dsr_msgs2/dsr_msgs2/srv/detail/get_rt_control_input_data_list__type_support.cpp
[58.055s] -- Installing: /home/rokey/ros2_ws/install/dsr_msgs2/include/dsr_msgs2/dsr_msgs2/srv/detail/release_force__rosidl_typesupport_introspection_cpp.hpp
[58.055s] -- Installing: /home/rokey/ros2_ws/install/dsr_msgs2/include/dsr_msgs2/dsr_msgs2/srv/detail/move_wait__type_support.cpp
[58.055s] -- Installing: /home/rokey/ros2_ws/install/dsr_msgs2/include/dsr_msgs2/dsr_msgs2/srv/detail/check_motion__rosidl_typesupport_introspection_cpp.hpp
[58.056s] -- Installing: /home/rokey/ros2_ws/install/dsr_msgs2/include/dsr_msgs2/dsr_msgs2/srv/detail/get_user_cart_coord__type_support.cpp
[58.056s] -- Installing: /home/rokey/ros2_ws/install/dsr_msgs2/include/dsr_msgs2/dsr_msgs2/srv/detail/set_stiffnessx__rosidl_typesupport_introspection_cpp.hpp
[58.056s] -- Installing: /home/rokey/ros2_ws/install/dsr_msgs2/include/dsr_msgs2/dsr_msgs2/srv/detail/fkin__type_support.cpp
[58.056s] -- Installing: /home/rokey/ros2_ws/install/dsr_msgs2/include/dsr_msgs2/dsr_msgs2/srv/detail/get_current_velj__type_support.cpp
[58.056s] -- Installing: /home/rokey/ros2_ws/install/dsr_msgs2/include/dsr_msgs2/dsr_msgs2/srv/detail/disable_alter_motion__rosidl_typesupport_introspection_cpp.hpp
[58.056s] -- Installing: /home/rokey/ros2_ws/install/dsr_msgs2/include/dsr_msgs2/dsr_msgs2/srv/detail/set_tool_digital_output__rosidl_typesupport_introspection_cpp.hpp
[58.056s] -- Installing: /home/rokey/ros2_ws/install/dsr_msgs2/include/dsr_msgs2/dsr_msgs2/srv/detail/drl_pause__type_support.cpp
[58.056s] -- Installing: /home/rokey/ros2_ws/install/dsr_msgs2/include/dsr_msgs2/dsr_msgs2/srv/detail/enable_alter_motion__type_support.cpp
[58.056s] -- Installing: /home/rokey/ros2_ws/install/dsr_msgs2/include/dsr_msgs2/dsr_msgs2/srv/detail/robotiq2_f_open__rosidl_typesupport_introspection_cpp.hpp
[58.056s] -- Installing: /home/rokey/ros2_ws/install/dsr_msgs2/include/dsr_msgs2/dsr_msgs2/srv/detail/get_solution_space__type_support.cpp
[58.056s] -- Installing: /home/rokey/ros2_ws/install/dsr_msgs2/include/dsr_msgs2/dsr_msgs2/srv/detail/set_user_cart_coord1__type_support.cpp
[58.056s] -- Installing: /home/rokey/ros2_ws/install/dsr_msgs2/include/dsr_msgs2/dsr_msgs2/srv/detail/get_rt_control_output_version_list__rosidl_typesupport_introspection_cpp.hpp
[58.056s] -- Installing: /home/rokey/ros2_ws/install/dsr_msgs2/include/dsr_msgs2/dsr_msgs2/srv/detail/get_current_pose__rosidl_typesupport_introspection_cpp.hpp
[58.056s] -- Installing: /home/rokey/ros2_ws/install/dsr_msgs2/include/dsr_msgs2/dsr_msgs2/srv/detail/ikin__rosidl_typesupport_introspection_cpp.hpp
[58.056s] -- Installing: /home/rokey/ros2_ws/install/dsr_msgs2/include/dsr_msgs2/dsr_msgs2/srv/detail/get_tool_digital_input__rosidl_typesupport_introspection_cpp.hpp
[58.056s] -- Installing: /home/rokey/ros2_ws/install/dsr_msgs2/include/dsr_msgs2/dsr_msgs2/srv/detail/drl_stop__rosidl_typesupport_introspection_cpp.hpp
[58.056s] -- Installing: /home/rokey/ros2_ws/install/dsr_msgs2/include/dsr_msgs2/dsr_msgs2/srv/detail/move_blending__type_support.cpp
[58.056s] -- Installing: /home/rokey/ros2_ws/install/dsr_msgs2/include/dsr_msgs2/dsr_msgs2/srv/detail/set_accj_rt__rosidl_typesupport_introspection_cpp.hpp
[58.056s] -- Installing: /home/rokey/ros2_ws/install/dsr_msgs2/include/dsr_msgs2/dsr_msgs2/srv/detail/get_current_solution_space__rosidl_typesupport_introspection_cpp.hpp
[58.056s] -- Installing: /home/rokey/ros2_ws/install/dsr_msgs2/include/dsr_msgs2/dsr_msgs2/srv/detail/robotiq2_f_close__type_support.cpp
[58.056s] -- Installing: /home/rokey/ros2_ws/install/dsr_msgs2/include/dsr_msgs2/dsr_msgs2/srv/detail/config_create_tcp__rosidl_typesupport_introspection_cpp.hpp
[58.056s] -- Installing: /home/rokey/ros2_ws/install/dsr_msgs2/include/dsr_msgs2/dsr_msgs2/srv/detail/check_position_condition__type_support.cpp
[58.057s] -- Installing: /home/rokey/ros2_ws/install/dsr_msgs2/include/dsr_msgs2/dsr_msgs2/srv/detail/drl_resume__type_support.cpp
[58.057s] -- Installing: /home/rokey/ros2_ws/install/dsr_msgs2/include/dsr_msgs2/dsr_msgs2/srv/detail/get_current_tool__rosidl_typesupport_introspection_cpp.hpp
[58.057s] -- Installing: /home/rokey/ros2_ws/install/dsr_msgs2/include/dsr_msgs2/dsr_msgs2/srv/detail/set_desired_force__type_support.cpp
[58.057s] -- Installing: /home/rokey/ros2_ws/install/dsr_msgs2/include/dsr_msgs2/dsr_msgs2/srv/detail/get_robot_mode__rosidl_typesupport_introspection_cpp.hpp
[58.057s] -- Installing: /home/rokey/ros2_ws/install/dsr_msgs2/include/dsr_msgs2/dsr_msgs2/srv/detail/get_control_space__type_support.cpp
[58.057s] -- Installing: /home/rokey/ros2_ws/install/dsr_msgs2/include/dsr_msgs2/dsr_msgs2/srv/detail/get_tool_digital_input__type_support.cpp
[58.057s] -- Installing: /home/rokey/ros2_ws/install/dsr_msgs2/include/dsr_msgs2/dsr_msgs2/srv/detail/read_data_rt__type_support.cpp
[58.057s] -- Installing: /home/rokey/ros2_ws/install/dsr_msgs2/include/dsr_msgs2/dsr_msgs2/srv/detail/config_delete_tcp__type_support.cpp
[58.057s] -- Installing: /home/rokey/ros2_ws/install/dsr_msgs2/include/dsr_msgs2/dsr_msgs2/srv/detail/drl_resume__rosidl_typesupport_introspection_cpp.hpp
[58.057s] -- Installing: /home/rokey/ros2_ws/install/dsr_msgs2/include/dsr_msgs2/dsr_msgs2/srv/detail/get_robot_system__type_support.cpp
[58.057s] -- Installing: /home/rokey/ros2_ws/install/dsr_msgs2/include/dsr_msgs2/dsr_msgs2/srv/detail/config_create_tool__type_support.cpp
[58.057s] -- Installing: /home/rokey/ros2_ws/install/dsr_msgs2/include/dsr_msgs2/dsr_msgs2/srv/detail/move_pause__rosidl_typesupport_introspection_cpp.hpp
[58.057s] -- Installing: /home/rokey/ros2_ws/install/dsr_msgs2/lib/libdsr_msgs2__rosidl_typesupport_introspection_cpp.so
[58.058s] -- Set runtime path of "/home/rokey/ros2_ws/install/dsr_msgs2/lib/libdsr_msgs2__rosidl_typesupport_introspection_cpp.so" to ""
[58.058s] -- Installing: /home/rokey/ros2_ws/install/dsr_msgs2/lib/libdsr_msgs2__rosidl_typesupport_cpp.so
[58.059s] -- Set runtime path of "/home/rokey/ros2_ws/install/dsr_msgs2/lib/libdsr_msgs2__rosidl_typesupport_cpp.so" to ""
[58.059s] -- Installing: /home/rokey/ros2_ws/install/dsr_msgs2/share/dsr_msgs2/environment/pythonpath.sh
[58.059s] -- Installing: /home/rokey/ros2_ws/install/dsr_msgs2/share/dsr_msgs2/environment/pythonpath.dsv
[58.060s] -- Installing: /home/rokey/ros2_ws/install/dsr_msgs2/local/lib/python3.10/dist-packages/dsr_msgs2-1.1.0-py3.10.egg-info
[58.060s] -- Installing: /home/rokey/ros2_ws/install/dsr_msgs2/local/lib/python3.10/dist-packages/dsr_msgs2-1.1.0-py3.10.egg-info/SOURCES.txt
[58.060s] -- Installing: /home/rokey/ros2_ws/install/dsr_msgs2/local/lib/python3.10/dist-packages/dsr_msgs2-1.1.0-py3.10.egg-info/dependency_links.txt
[58.060s] -- Installing: /home/rokey/ros2_ws/install/dsr_msgs2/local/lib/python3.10/dist-packages/dsr_msgs2-1.1.0-py3.10.egg-info/top_level.txt
[58.060s] -- Installing: /home/rokey/ros2_ws/install/dsr_msgs2/local/lib/python3.10/dist-packages/dsr_msgs2-1.1.0-py3.10.egg-info/PKG-INFO
[58.060s] -- Installing: /home/rokey/ros2_ws/install/dsr_msgs2/local/lib/python3.10/dist-packages/dsr_msgs2
[58.060s] -- Installing: /home/rokey/ros2_ws/install/dsr_msgs2/local/lib/python3.10/dist-packages/dsr_msgs2/dsr_msgs2_s__rosidl_typesupport_introspection_c.cpython-310-x86_64-linux-gnu.so
[58.060s] -- Installing: /home/rokey/ros2_ws/install/dsr_msgs2/local/lib/python3.10/dist-packages/dsr_msgs2/_dsr_msgs2_s.ep.rosidl_typesupport_introspection_c.c
[58.061s] -- Installing: /home/rokey/ros2_ws/install/dsr_msgs2/local/lib/python3.10/dist-packages/dsr_msgs2/_dsr_msgs2_s.ep.rosidl_typesupport_c.c
[58.062s] -- Installing: /home/rokey/ros2_ws/install/dsr_msgs2/local/lib/python3.10/dist-packages/dsr_msgs2/dsr_msgs2_s__rosidl_typesupport_c.cpython-310-x86_64-linux-gnu.so
[58.062s] -- Installing: /home/rokey/ros2_ws/install/dsr_msgs2/local/lib/python3.10/dist-packages/dsr_msgs2/_dsr_msgs2_s.ep.rosidl_typesupport_fastrtps_c.c
[58.063s] -- Installing: /home/rokey/ros2_ws/install/dsr_msgs2/local/lib/python3.10/dist-packages/dsr_msgs2/libdsr_msgs2__rosidl_generator_py.so
[58.064s] -- Installing: /home/rokey/ros2_ws/install/dsr_msgs2/local/lib/python3.10/dist-packages/dsr_msgs2/__init__.py
[58.064s] -- Installing: /home/rokey/ros2_ws/install/dsr_msgs2/local/lib/python3.10/dist-packages/dsr_msgs2/msg
[58.064s] -- Installing: /home/rokey/ros2_ws/install/dsr_msgs2/local/lib/python3.10/dist-packages/dsr_msgs2/msg/_servoj_rt_stream_s.c
[58.064s] -- Installing: /home/rokey/ros2_ws/install/dsr_msgs2/local/lib/python3.10/dist-packages/dsr_msgs2/msg/_log_alarm_s.c
[58.064s] -- Installing: /home/rokey/ros2_ws/install/dsr_msgs2/local/lib/python3.10/dist-packages/dsr_msgs2/msg/_speedl_rt_stream.py
[58.064s] -- Installing: /home/rokey/ros2_ws/install/dsr_msgs2/local/lib/python3.10/dist-packages/dsr_msgs2/msg/_robot_stop_s.c
[58.064s] -- Installing: /home/rokey/ros2_ws/install/dsr_msgs2/local/lib/python3.10/dist-packages/dsr_msgs2/msg/_speedj_rt_stream_s.c
[58.064s] -- Installing: /home/rokey/ros2_ws/install/dsr_msgs2/local/lib/python3.10/dist-packages/dsr_msgs2/msg/_robot_state_rt.py
[58.064s] -- Installing: /home/rokey/ros2_ws/install/dsr_msgs2/local/lib/python3.10/dist-packages/dsr_msgs2/msg/_speedj_rt_stream.py
[58.064s] -- Installing: /home/rokey/ros2_ws/install/dsr_msgs2/local/lib/python3.10/dist-packages/dsr_msgs2/msg/_speedl_rt_stream_s.c
[58.064s] -- Installing: /home/rokey/ros2_ws/install/dsr_msgs2/local/lib/python3.10/dist-packages/dsr_msgs2/msg/_speedl_stream_s.c
[58.064s] -- Installing: /home/rokey/ros2_ws/install/dsr_msgs2/local/lib/python3.10/dist-packages/dsr_msgs2/msg/_log_alarm.py
[58.064s] -- Installing: /home/rokey/ros2_ws/install/dsr_msgs2/local/lib/python3.10/dist-packages/dsr_msgs2/msg/_servol_rt_stream_s.c
[58.064s] -- Installing: /home/rokey/ros2_ws/install/dsr_msgs2/local/lib/python3.10/dist-packages/dsr_msgs2/msg/_robot_error_s.c
[58.064s] -- Installing: /home/rokey/ros2_ws/install/dsr_msgs2/local/lib/python3.10/dist-packages/dsr_msgs2/msg/_robot_state.py
[58.065s] -- Installing: /home/rokey/ros2_ws/install/dsr_msgs2/local/lib/python3.10/dist-packages/dsr_msgs2/msg/_servoj_stream.py
[58.065s] -- Installing: /home/rokey/ros2_ws/install/dsr_msgs2/local/lib/python3.10/dist-packages/dsr_msgs2/msg/_torque_rt_stream.py
[58.065s] -- Installing: /home/rokey/ros2_ws/install/dsr_msgs2/local/lib/python3.10/dist-packages/dsr_msgs2/msg/_servol_stream.py
[58.065s] -- Installing: /home/rokey/ros2_ws/install/dsr_msgs2/local/lib/python3.10/dist-packages/dsr_msgs2/msg/_servoj_rt_stream.py
[58.065s] -- Installing: /home/rokey/ros2_ws/install/dsr_msgs2/local/lib/python3.10/dist-packages/dsr_msgs2/msg/_alter_motion_stream.py
[58.065s] -- Installing: /home/rokey/ros2_ws/install/dsr_msgs2/local/lib/python3.10/dist-packages/dsr_msgs2/msg/__init__.py
[58.065s] -- Installing: /home/rokey/ros2_ws/install/dsr_msgs2/local/lib/python3.10/dist-packages/dsr_msgs2/msg/_robot_error.py
[58.065s] -- Installing: /home/rokey/ros2_ws/install/dsr_msgs2/local/lib/python3.10/dist-packages/dsr_msgs2/msg/_servol_rt_stream.py
[58.065s] -- Installing: /home/rokey/ros2_ws/install/dsr_msgs2/local/lib/python3.10/dist-packages/dsr_msgs2/msg/_robot_state_rt_s.c
[58.065s] -- Installing: /home/rokey/ros2_ws/install/dsr_msgs2/local/lib/python3.10/dist-packages/dsr_msgs2/msg/_alter_motion_stream_s.c
[58.065s] -- Installing: /home/rokey/ros2_ws/install/dsr_msgs2/local/lib/python3.10/dist-packages/dsr_msgs2/msg/_speedl_stream.py
[58.065s] -- Installing: /home/rokey/ros2_ws/install/dsr_msgs2/local/lib/python3.10/dist-packages/dsr_msgs2/msg/_speedj_stream.py
[58.065s] -- Installing: /home/rokey/ros2_ws/install/dsr_msgs2/local/lib/python3.10/dist-packages/dsr_msgs2/msg/_jog_multi_axis.py
[58.065s] -- Installing: /home/rokey/ros2_ws/install/dsr_msgs2/local/lib/python3.10/dist-packages/dsr_msgs2/msg/_robot_state_s.c
[58.065s] -- Installing: /home/rokey/ros2_ws/install/dsr_msgs2/local/lib/python3.10/dist-packages/dsr_msgs2/msg/_servol_stream_s.c
[58.065s] -- Installing: /home/rokey/ros2_ws/install/dsr_msgs2/local/lib/python3.10/dist-packages/dsr_msgs2/msg/_modbus_state_s.c
[58.065s] -- Installing: /home/rokey/ros2_ws/install/dsr_msgs2/local/lib/python3.10/dist-packages/dsr_msgs2/msg/_robot_stop.py
[58.065s] -- Installing: /home/rokey/ros2_ws/install/dsr_msgs2/local/lib/python3.10/dist-packages/dsr_msgs2/msg/_torque_rt_stream_s.c
[58.065s] -- Installing: /home/rokey/ros2_ws/install/dsr_msgs2/local/lib/python3.10/dist-packages/dsr_msgs2/msg/_modbus_state.py
[58.065s] -- Installing: /home/rokey/ros2_ws/install/dsr_msgs2/local/lib/python3.10/dist-packages/dsr_msgs2/msg/_speedj_stream_s.c
[58.065s] -- Installing: /home/rokey/ros2_ws/install/dsr_msgs2/local/lib/python3.10/dist-packages/dsr_msgs2/msg/_servoj_stream_s.c
[58.065s] -- Installing: /home/rokey/ros2_ws/install/dsr_msgs2/local/lib/python3.10/dist-packages/dsr_msgs2/msg/_jog_multi_axis_s.c
[58.065s] -- Installing: /home/rokey/ros2_ws/install/dsr_msgs2/local/lib/python3.10/dist-packages/dsr_msgs2/srv
[58.066s] -- Installing: /home/rokey/ros2_ws/install/dsr_msgs2/local/lib/python3.10/dist-packages/dsr_msgs2/srv/_fkin_s.c
[58.066s] -- Installing: /home/rokey/ros2_ws/install/dsr_msgs2/local/lib/python3.10/dist-packages/dsr_msgs2/srv/_set_velx_rt_s.c
[58.066s] -- Installing: /home/rokey/ros2_ws/install/dsr_msgs2/local/lib/python3.10/dist-packages/dsr_msgs2/srv/_move_wait.py
[58.066s] -- Installing: /home/rokey/ros2_ws/install/dsr_msgs2/local/lib/python3.10/dist-packages/dsr_msgs2/srv/_get_desired_velx.py
[58.066s] -- Installing: /home/rokey/ros2_ws/install/dsr_msgs2/local/lib/python3.10/dist-packages/dsr_msgs2/srv/_get_current_tool_flange_posx_s.c
[58.066s] -- Installing: /home/rokey/ros2_ws/install/dsr_msgs2/local/lib/python3.10/dist-packages/dsr_msgs2/srv/_set_ctrl_box_analog_output.py
[58.066s] -- Installing: /home/rokey/ros2_ws/install/dsr_msgs2/local/lib/python3.10/dist-packages/dsr_msgs2/srv/_set_modbus_output.py
[58.066s] -- Installing: /home/rokey/ros2_ws/install/dsr_msgs2/local/lib/python3.10/dist-packages/dsr_msgs2/srv/_get_desired_posj_s.c
[58.066s] -- Installing: /home/rokey/ros2_ws/install/dsr_msgs2/local/lib/python3.10/dist-packages/dsr_msgs2/srv/_drl_start_s.c
[58.066s] -- Installing: /home/rokey/ros2_ws/install/dsr_msgs2/local/lib/python3.10/dist-packages/dsr_msgs2/srv/_set_rt_control_output.py
[58.066s] -- Installing: /home/rokey/ros2_ws/install/dsr_msgs2/local/lib/python3.10/dist-packages/dsr_msgs2/srv/_get_ctrl_box_digital_input.py
[58.066s] -- Installing: /home/rokey/ros2_ws/install/dsr_msgs2/local/lib/python3.10/dist-packages/dsr_msgs2/srv/_set_singularity_handling_s.c
[58.066s] -- Installing: /home/rokey/ros2_ws/install/dsr_msgs2/local/lib/python3.10/dist-packages/dsr_msgs2/srv/_move_spiral.py
[58.066s] -- Installing: /home/rokey/ros2_ws/install/dsr_msgs2/local/lib/python3.10/dist-packages/dsr_msgs2/srv/_move_home_s.c
[58.066s] -- Installing: /home/rokey/ros2_ws/install/dsr_msgs2/local/lib/python3.10/dist-packages/dsr_msgs2/srv/_get_tool_digital_output_s.c
[58.066s] -- Installing: /home/rokey/ros2_ws/install/dsr_msgs2/local/lib/python3.10/dist-packages/dsr_msgs2/srv/_get_workpiece_weight_s.c
[58.066s] -- Installing: /home/rokey/ros2_ws/install/dsr_msgs2/local/lib/python3.10/dist-packages/dsr_msgs2/srv/_alter_motion.py
[58.066s] -- Installing: /home/rokey/ros2_ws/install/dsr_msgs2/local/lib/python3.10/dist-packages/dsr_msgs2/srv/_enable_alter_motion_s.c
[58.067s] -- Installing: /home/rokey/ros2_ws/install/dsr_msgs2/local/lib/python3.10/dist-packages/dsr_msgs2/srv/_overwrite_user_cart_coord.py
[58.067s] -- Installing: /home/rokey/ros2_ws/install/dsr_msgs2/local/lib/python3.10/dist-packages/dsr_msgs2/srv/_get_current_velj_s.c
[58.067s] -- Installing: /home/rokey/ros2_ws/install/dsr_msgs2/local/lib/python3.10/dist-packages/dsr_msgs2/srv/_coord_transform_s.c
[58.067s] -- Installing: /home/rokey/ros2_ws/install/dsr_msgs2/local/lib/python3.10/dist-packages/dsr_msgs2/srv/_set_velj_rt.py
[58.067s] -- Installing: /home/rokey/ros2_ws/install/dsr_msgs2/local/lib/python3.10/dist-packages/dsr_msgs2/srv/_align_axis1_s.c
[58.067s] -- Installing: /home/rokey/ros2_ws/install/dsr_msgs2/local/lib/python3.10/dist-packages/dsr_msgs2/srv/_set_ctrl_box_analog_output_s.c
[58.067s] -- Installing: /home/rokey/ros2_ws/install/dsr_msgs2/local/lib/python3.10/dist-packages/dsr_msgs2/srv/_set_robot_mode.py
[58.067s] -- Installing: /home/rokey/ros2_ws/install/dsr_msgs2/local/lib/python3.10/dist-packages/dsr_msgs2/srv/_set_tool_shape_s.c
[58.067s] -- Installing: /home/rokey/ros2_ws/install/dsr_msgs2/local/lib/python3.10/dist-packages/dsr_msgs2/srv/_start_rt_control.py
[58.067s] -- Installing: /home/rokey/ros2_ws/install/dsr_msgs2/local/lib/python3.10/dist-packages/dsr_msgs2/srv/_set_desired_force.py
[58.067s] -- Installing: /home/rokey/ros2_ws/install/dsr_msgs2/local/lib/python3.10/dist-packages/dsr_msgs2/srv/_set_current_tcp.py
[58.067s] -- Installing: /home/rokey/ros2_ws/install/dsr_msgs2/local/lib/python3.10/dist-packages/dsr_msgs2/srv/_robotiq2_f_move.py
[58.068s] -- Installing: /home/rokey/ros2_ws/install/dsr_msgs2/local/lib/python3.10/dist-packages/dsr_msgs2/srv/_set_tool_digital_output.py
[58.068s] -- Installing: /home/rokey/ros2_ws/install/dsr_msgs2/local/lib/python3.10/dist-packages/dsr_msgs2/srv/_calc_coord_s.c
[58.068s] -- Installing: /home/rokey/ros2_ws/install/dsr_msgs2/local/lib/python3.10/dist-packages/dsr_msgs2/srv/_config_create_tool_s.c
[58.068s] -- Installing: /home/rokey/ros2_ws/install/dsr_msgs2/local/lib/python3.10/dist-packages/dsr_msgs2/srv/_move_pause_s.c
[58.068s] -- Installing: /home/rokey/ros2_ws/install/dsr_msgs2/local/lib/python3.10/dist-packages/dsr_msgs2/srv/_move_periodic.py
[58.068s] -- Installing: /home/rokey/ros2_ws/install/dsr_msgs2/local/lib/python3.10/dist-packages/dsr_msgs2/srv/_trans.py
[58.068s] -- Installing: /home/rokey/ros2_ws/install/dsr_msgs2/local/lib/python3.10/dist-packages/dsr_msgs2/srv/_move_joint.py
[58.068s] -- Installing: /home/rokey/ros2_ws/install/dsr_msgs2/local/lib/python3.10/dist-packages/dsr_msgs2/srv/_enable_alter_motion.py
[58.068s] -- Installing: /home/rokey/ros2_ws/install/dsr_msgs2/local/lib/python3.10/dist-packages/dsr_msgs2/srv/_set_accj_rt_s.c
[58.068s] -- Installing: /home/rokey/ros2_ws/install/dsr_msgs2/local/lib/python3.10/dist-packages/dsr_msgs2/srv/_read_data_rt_s.c
[58.068s] -- Installing: /home/rokey/ros2_ws/install/dsr_msgs2/local/lib/python3.10/dist-packages/dsr_msgs2/srv/_drl_start.py
[58.068s] -- Installing: /home/rokey/ros2_ws/install/dsr_msgs2/local/lib/python3.10/dist-packages/dsr_msgs2/srv/_task_compliance_ctrl.py
[58.069s] -- Installing: /home/rokey/ros2_ws/install/dsr_msgs2/local/lib/python3.10/dist-packages/dsr_msgs2/srv/_reset_workpiece_weight_s.c
[58.069s] -- Installing: /home/rokey/ros2_ws/install/dsr_msgs2/local/lib/python3.10/dist-packages/dsr_msgs2/srv/_move_line.py
[58.069s] -- Installing: /home/rokey/ros2_ws/install/dsr_msgs2/local/lib/python3.10/dist-packages/dsr_msgs2/srv/_move_jointx_s.c
[58.069s] -- Installing: /home/rokey/ros2_ws/install/dsr_msgs2/local/lib/python3.10/dist-packages/dsr_msgs2/srv/_get_current_posj_s.c
[58.069s] -- Installing: /home/rokey/ros2_ws/install/dsr_msgs2/local/lib/python3.10/dist-packages/dsr_msgs2/srv/_get_desired_velj.py
[58.069s] -- Installing: /home/rokey/ros2_ws/install/dsr_msgs2/local/lib/python3.10/dist-packages/dsr_msgs2/srv/_get_robot_speed_mode.py
[58.069s] -- Installing: /home/rokey/ros2_ws/install/dsr_msgs2/local/lib/python3.10/dist-packages/dsr_msgs2/srv/_parallel_axis2_s.c
[58.069s] -- Installing: /home/rokey/ros2_ws/install/dsr_msgs2/local/lib/python3.10/dist-packages/dsr_msgs2/srv/_get_ctrl_box_digital_output_s.c
[58.069s] -- Installing: /home/rokey/ros2_ws/install/dsr_msgs2/local/lib/python3.10/dist-packages/dsr_msgs2/srv/_set_safe_stop_reset_type.py
[58.069s] -- Installing: /home/rokey/ros2_ws/install/dsr_msgs2/local/lib/python3.10/dist-packages/dsr_msgs2/srv/_align_axis1.py
[58.069s] -- Installing: /home/rokey/ros2_ws/install/dsr_msgs2/local/lib/python3.10/dist-packages/dsr_msgs2/srv/_check_force_condition.py
[58.069s] -- Installing: /home/rokey/ros2_ws/install/dsr_msgs2/local/lib/python3.10/dist-packages/dsr_msgs2/srv/_get_current_tool.py
[58.069s] -- Installing: /home/rokey/ros2_ws/install/dsr_msgs2/local/lib/python3.10/dist-packages/dsr_msgs2/srv/_move_home.py
[58.069s] -- Installing: /home/rokey/ros2_ws/install/dsr_msgs2/local/lib/python3.10/dist-packages/dsr_msgs2/srv/_move_line_s.c
[58.069s] -- Installing: /home/rokey/ros2_ws/install/dsr_msgs2/local/lib/python3.10/dist-packages/dsr_msgs2/srv/_start_rt_control_s.c
[58.069s] -- Installing: /home/rokey/ros2_ws/install/dsr_msgs2/local/lib/python3.10/dist-packages/dsr_msgs2/srv/_get_current_rotm.py
[58.069s] -- Installing: /home/rokey/ros2_ws/install/dsr_msgs2/local/lib/python3.10/dist-packages/dsr_msgs2/srv/_set_current_tool_s.c
[58.069s] -- Installing: /home/rokey/ros2_ws/install/dsr_msgs2/local/lib/python3.10/dist-packages/dsr_msgs2/srv/_get_current_pose_s.c
[58.069s] -- Installing: /home/rokey/ros2_ws/install/dsr_msgs2/local/lib/python3.10/dist-packages/dsr_msgs2/srv/_get_control_space_s.c
[58.069s] -- Installing: /home/rokey/ros2_ws/install/dsr_msgs2/local/lib/python3.10/dist-packages/dsr_msgs2/srv/_config_create_tcp.py
[58.069s] -- Installing: /home/rokey/ros2_ws/install/dsr_msgs2/local/lib/python3.10/dist-packages/dsr_msgs2/srv/_move_spline_joint_s.c
[58.069s] -- Installing: /home/rokey/ros2_ws/install/dsr_msgs2/local/lib/python3.10/dist-packages/dsr_msgs2/srv/_set_safety_mode_s.c
[58.070s] -- Installing: /home/rokey/ros2_ws/install/dsr_msgs2/local/lib/python3.10/dist-packages/dsr_msgs2/srv/_set_ctrl_box_digital_output.py
[58.070s] -- Installing: /home/rokey/ros2_ws/install/dsr_msgs2/local/lib/python3.10/dist-packages/dsr_msgs2/srv/_get_user_cart_coord_s.c
[58.070s] -- Installing: /home/rokey/ros2_ws/install/dsr_msgs2/local/lib/python3.10/dist-packages/dsr_msgs2/srv/_jog_multi.py
[58.070s] -- Installing: /home/rokey/ros2_ws/install/dsr_msgs2/local/lib/python3.10/dist-packages/dsr_msgs2/srv/_stop_rt_control.py
[58.070s] -- Installing: /home/rokey/ros2_ws/install/dsr_msgs2/local/lib/python3.10/dist-packages/dsr_msgs2/srv/_move_circle.py
[58.070s] -- Installing: /home/rokey/ros2_ws/install/dsr_msgs2/local/lib/python3.10/dist-packages/dsr_msgs2/srv/_alter_motion_s.c
[58.070s] -- Installing: /home/rokey/ros2_ws/install/dsr_msgs2/local/lib/python3.10/dist-packages/dsr_msgs2/srv/_set_stiffnessx.py
[58.070s] -- Installing: /home/rokey/ros2_ws/install/dsr_msgs2/local/lib/python3.10/dist-packages/dsr_msgs2/srv/_set_ctrl_box_analog_output_type_s.c
[58.070s] -- Installing: /home/rokey/ros2_ws/install/dsr_msgs2/local/lib/python3.10/dist-packages/dsr_msgs2/srv/_set_desired_force_s.c
[58.070s] -- Installing: /home/rokey/ros2_ws/install/dsr_msgs2/local/lib/python3.10/dist-packages/dsr_msgs2/srv/_check_orientation_condition1_s.c
[58.070s] -- Installing: /home/rokey/ros2_ws/install/dsr_msgs2/local/lib/python3.10/dist-packages/dsr_msgs2/srv/_change_operation_speed_s.c
[58.070s] -- Installing: /home/rokey/ros2_ws/install/dsr_msgs2/local/lib/python3.10/dist-packages/dsr_msgs2/srv/_check_orientation_condition1.py
[58.070s] -- Installing: /home/rokey/ros2_ws/install/dsr_msgs2/local/lib/python3.10/dist-packages/dsr_msgs2/srv/_get_rt_control_input_data_list_s.c
[58.070s] -- Installing: /home/rokey/ros2_ws/install/dsr_msgs2/local/lib/python3.10/dist-packages/dsr_msgs2/srv/_get_ctrl_box_analog_input.py
[58.070s] -- Installing: /home/rokey/ros2_ws/install/dsr_msgs2/local/lib/python3.10/dist-packages/dsr_msgs2/srv/_move_spline_joint.py
[58.070s] -- Installing: /home/rokey/ros2_ws/install/dsr_msgs2/local/lib/python3.10/dist-packages/dsr_msgs2/srv/_set_user_cart_coord1.py
[58.070s] -- Installing: /home/rokey/ros2_ws/install/dsr_msgs2/local/lib/python3.10/dist-packages/dsr_msgs2/srv/_get_user_cart_coord.py
[58.070s] -- Installing: /home/rokey/ros2_ws/install/dsr_msgs2/local/lib/python3.10/dist-packages/dsr_msgs2/srv/_set_ctrl_box_digital_output_s.c
[58.070s] -- Installing: /home/rokey/ros2_ws/install/dsr_msgs2/local/lib/python3.10/dist-packages/dsr_msgs2/srv/_config_delete_modbus.py
[58.070s] -- Installing: /home/rokey/ros2_ws/install/dsr_msgs2/local/lib/python3.10/dist-packages/dsr_msgs2/srv/_get_last_alarm_s.c
[58.070s] -- Installing: /home/rokey/ros2_ws/install/dsr_msgs2/local/lib/python3.10/dist-packages/dsr_msgs2/srv/_jog_s.c
[58.070s] -- Installing: /home/rokey/ros2_ws/install/dsr_msgs2/local/lib/python3.10/dist-packages/dsr_msgs2/srv/_overwrite_user_cart_coord_s.c
[58.070s] -- Installing: /home/rokey/ros2_ws/install/dsr_msgs2/local/lib/python3.10/dist-packages/dsr_msgs2/srv/_set_robot_mode_s.c
[58.070s] -- Installing: /home/rokey/ros2_ws/install/dsr_msgs2/local/lib/python3.10/dist-packages/dsr_msgs2/srv/_set_ref_coord_s.c
[58.070s] -- Installing: /home/rokey/ros2_ws/install/dsr_msgs2/local/lib/python3.10/dist-packages/dsr_msgs2/srv/_get_robot_state.py
[58.070s] -- Installing: /home/rokey/ros2_ws/install/dsr_msgs2/local/lib/python3.10/dist-packages/dsr_msgs2/srv/_disable_alter_motion.py
[58.070s] -- Installing: /home/rokey/ros2_ws/install/dsr_msgs2/local/lib/python3.10/dist-packages/dsr_msgs2/srv/_get_robot_state_s.c
[58.070s] -- Installing: /home/rokey/ros2_ws/install/dsr_msgs2/local/lib/python3.10/dist-packages/dsr_msgs2/srv/_align_axis2_s.c
[58.070s] -- Installing: /home/rokey/ros2_ws/install/dsr_msgs2/local/lib/python3.10/dist-packages/dsr_msgs2/srv/_get_modbus_input.py
[58.070s] -- Installing: /home/rokey/ros2_ws/install/dsr_msgs2/local/lib/python3.10/dist-packages/dsr_msgs2/srv/_robotiq2_f_open_s.c
[58.070s] -- Installing: /home/rokey/ros2_ws/install/dsr_msgs2/local/lib/python3.10/dist-packages/dsr_msgs2/srv/_set_modbus_output_s.c
[58.070s] -- Installing: /home/rokey/ros2_ws/install/dsr_msgs2/local/lib/python3.10/dist-packages/dsr_msgs2/srv/_set_current_tool.py
[58.071s] -- Installing: /home/rokey/ros2_ws/install/dsr_msgs2/local/lib/python3.10/dist-packages/dsr_msgs2/srv/_get_robot_system.py
[58.071s] -- Installing: /home/rokey/ros2_ws/install/dsr_msgs2/local/lib/python3.10/dist-packages/dsr_msgs2/srv/_drl_resume.py
[58.071s] -- Installing: /home/rokey/ros2_ws/install/dsr_msgs2/local/lib/python3.10/dist-packages/dsr_msgs2/srv/_drl_stop.py
[58.071s] -- Installing: /home/rokey/ros2_ws/install/dsr_msgs2/local/lib/python3.10/dist-packages/dsr_msgs2/srv/_jog_multi_s.c
[58.071s] -- Installing: /home/rokey/ros2_ws/install/dsr_msgs2/local/lib/python3.10/dist-packages/dsr_msgs2/srv/_set_tool_shape.py
[58.071s] -- Installing: /home/rokey/ros2_ws/install/dsr_msgs2/local/lib/python3.10/dist-packages/dsr_msgs2/srv/_read_data_rt.py
[58.071s] -- Installing: /home/rokey/ros2_ws/install/dsr_msgs2/local/lib/python3.10/dist-packages/dsr_msgs2/srv/_serial_send_data.py
[58.071s] -- Installing: /home/rokey/ros2_ws/install/dsr_msgs2/local/lib/python3.10/dist-packages/dsr_msgs2/srv/_move_circle_s.c
[58.071s] -- Installing: /home/rokey/ros2_ws/install/dsr_msgs2/local/lib/python3.10/dist-packages/dsr_msgs2/srv/_get_desired_posx_s.c
[58.071s] -- Installing: /home/rokey/ros2_ws/install/dsr_msgs2/local/lib/python3.10/dist-packages/dsr_msgs2/srv/_get_tool_force.py
[58.071s] -- Installing: /home/rokey/ros2_ws/install/dsr_msgs2/local/lib/python3.10/dist-packages/dsr_msgs2/srv/_get_robot_speed_mode_s.c
[58.071s] -- Installing: /home/rokey/ros2_ws/install/dsr_msgs2/local/lib/python3.10/dist-packages/dsr_msgs2/srv/_get_ctrl_box_analog_input_s.c
[58.071s] -- Installing: /home/rokey/ros2_ws/install/dsr_msgs2/local/lib/python3.10/dist-packages/dsr_msgs2/srv/_set_robot_system_s.c
[58.071s] -- Installing: /home/rokey/ros2_ws/install/dsr_msgs2/local/lib/python3.10/dist-packages/dsr_msgs2/srv/_servo_off.py
[58.071s] -- Installing: /home/rokey/ros2_ws/install/dsr_msgs2/local/lib/python3.10/dist-packages/dsr_msgs2/srv/_disable_alter_motion_s.c
[58.071s] -- Installing: /home/rokey/ros2_ws/install/dsr_msgs2/local/lib/python3.10/dist-packages/dsr_msgs2/srv/_get_tool_digital_output.py
[58.071s] -- Installing: /home/rokey/ros2_ws/install/dsr_msgs2/local/lib/python3.10/dist-packages/dsr_msgs2/srv/_get_joint_torque.py
[58.071s] -- Installing: /home/rokey/ros2_ws/install/dsr_msgs2/local/lib/python3.10/dist-packages/dsr_msgs2/srv/_drl_resume_s.c
[58.071s] -- Installing: /home/rokey/ros2_ws/install/dsr_msgs2/local/lib/python3.10/dist-packages/dsr_msgs2/srv/_get_ctrl_box_digital_output.py
[58.071s] -- Installing: /home/rokey/ros2_ws/install/dsr_msgs2/local/lib/python3.10/dist-packages/dsr_msgs2/srv/_get_current_solution_space_s.c
[58.071s] -- Installing: /home/rokey/ros2_ws/install/dsr_msgs2/local/lib/python3.10/dist-packages/dsr_msgs2/srv/_get_current_rotm_s.c
[58.071s] -- Installing: /home/rokey/ros2_ws/install/dsr_msgs2/local/lib/python3.10/dist-packages/dsr_msgs2/srv/_is_done_bolt_tightening.py
[58.071s] -- Installing: /home/rokey/ros2_ws/install/dsr_msgs2/local/lib/python3.10/dist-packages/dsr_msgs2/srv/_align_axis2.py
[58.071s] -- Installing: /home/rokey/ros2_ws/install/dsr_msgs2/local/lib/python3.10/dist-packages/dsr_msgs2/srv/_move_resume_s.c
[58.071s] -- Installing: /home/rokey/ros2_ws/install/dsr_msgs2/local/lib/python3.10/dist-packages/dsr_msgs2/srv/_move_joint_s.c
[58.071s] -- Installing: /home/rokey/ros2_ws/install/dsr_msgs2/local/lib/python3.10/dist-packages/dsr_msgs2/srv/_get_external_torque.py
[58.071s] -- Installing: /home/rokey/ros2_ws/install/dsr_msgs2/local/lib/python3.10/dist-packages/dsr_msgs2/srv/_get_current_posx_s.c
[58.071s] -- Installing: /home/rokey/ros2_ws/install/dsr_msgs2/local/lib/python3.10/dist-packages/dsr_msgs2/srv/_robotiq2_f_open.py
[58.071s] -- Installing: /home/rokey/ros2_ws/install/dsr_msgs2/local/lib/python3.10/dist-packages/dsr_msgs2/srv/_move_pause.py
[58.071s] -- Installing: /home/rokey/ros2_ws/install/dsr_msgs2/local/lib/python3.10/dist-packages/dsr_msgs2/srv/_move_periodic_s.c
[58.071s] -- Installing: /home/rokey/ros2_ws/install/dsr_msgs2/local/lib/python3.10/dist-packages/dsr_msgs2/srv/_set_ctrl_box_analog_input_type_s.c
[58.071s] -- Installing: /home/rokey/ros2_ws/install/dsr_msgs2/local/lib/python3.10/dist-packages/dsr_msgs2/srv/_get_current_velx.py
[58.072s] -- Installing: /home/rokey/ros2_ws/install/dsr_msgs2/local/lib/python3.10/dist-packages/dsr_msgs2/srv/_set_robot_system.py
[58.072s] -- Installing: /home/rokey/ros2_ws/install/dsr_msgs2/local/lib/python3.10/dist-packages/dsr_msgs2/srv/_config_create_modbus_s.c
[58.072s] -- Installing: /home/rokey/ros2_ws/install/dsr_msgs2/local/lib/python3.10/dist-packages/dsr_msgs2/srv/_robotiq2_f_close_s.c
[58.072s] -- Installing: /home/rokey/ros2_ws/install/dsr_msgs2/local/lib/python3.10/dist-packages/dsr_msgs2/srv/_move_spline_task.py
[58.072s] -- Installing: /home/rokey/ros2_ws/install/dsr_msgs2/local/lib/python3.10/dist-packages/dsr_msgs2/srv/_drl_pause.py
[58.072s] -- Installing: /home/rokey/ros2_ws/install/dsr_msgs2/local/lib/python3.10/dist-packages/dsr_msgs2/srv/_get_ctrl_box_digital_input_s.c
[58.072s] -- Installing: /home/rokey/ros2_ws/install/dsr_msgs2/local/lib/python3.10/dist-packages/dsr_msgs2/srv/_get_current_tcp.py
[58.072s] -- Installing: /home/rokey/ros2_ws/install/dsr_msgs2/local/lib/python3.10/dist-packages/dsr_msgs2/srv/_get_drl_state.py
[58.072s] -- Installing: /home/rokey/ros2_ws/install/dsr_msgs2/local/lib/python3.10/dist-packages/dsr_msgs2/srv/_stop_rt_control_s.c
[58.072s] -- Installing: /home/rokey/ros2_ws/install/dsr_msgs2/local/lib/python3.10/dist-packages/dsr_msgs2/srv/_get_current_tool_s.c
[58.072s] -- Installing: /home/rokey/ros2_ws/install/dsr_msgs2/local/lib/python3.10/dist-packages/dsr_msgs2/srv/_set_ctrl_box_analog_input_type.py
[58.072s] -- Installing: /home/rokey/ros2_ws/install/dsr_msgs2/local/lib/python3.10/dist-packages/dsr_msgs2/srv/_set_velj_rt_s.c
[58.072s] -- Installing: /home/rokey/ros2_ws/install/dsr_msgs2/local/lib/python3.10/dist-packages/dsr_msgs2/srv/_get_current_tool_flange_posx.py
[58.072s] -- Installing: /home/rokey/ros2_ws/install/dsr_msgs2/local/lib/python3.10/dist-packages/dsr_msgs2/srv/_set_safe_stop_reset_type_s.c
[58.072s] -- Installing: /home/rokey/ros2_ws/install/dsr_msgs2/local/lib/python3.10/dist-packages/dsr_msgs2/srv/_get_current_posx.py
[58.072s] -- Installing: /home/rokey/ros2_ws/install/dsr_msgs2/local/lib/python3.10/dist-packages/dsr_msgs2/srv/_get_tool_digital_input.py
[58.072s] -- Installing: /home/rokey/ros2_ws/install/dsr_msgs2/local/lib/python3.10/dist-packages/dsr_msgs2/srv/_set_singularity_handling.py
[58.072s] -- Installing: /home/rokey/ros2_ws/install/dsr_msgs2/local/lib/python3.10/dist-packages/dsr_msgs2/srv/_get_control_mode_s.c
[58.072s] -- Installing: /home/rokey/ros2_ws/install/dsr_msgs2/local/lib/python3.10/dist-packages/dsr_msgs2/srv/_set_stiffnessx_s.c
[58.072s] -- Installing: /home/rokey/ros2_ws/install/dsr_msgs2/local/lib/python3.10/dist-packages/dsr_msgs2/srv/_get_orientation_error.py
[58.072s] -- Installing: /home/rokey/ros2_ws/install/dsr_msgs2/local/lib/python3.10/dist-packages/dsr_msgs2/srv/_move_stop_s.c
[58.072s] -- Installing: /home/rokey/ros2_ws/install/dsr_msgs2/local/lib/python3.10/dist-packages/dsr_msgs2/srv/_config_create_tool.py
[58.073s] -- Installing: /home/rokey/ros2_ws/install/dsr_msgs2/local/lib/python3.10/dist-packages/dsr_msgs2/srv/_config_delete_tcp.py
[58.073s] -- Installing: /home/rokey/ros2_ws/install/dsr_msgs2/local/lib/python3.10/dist-packages/dsr_msgs2/srv/_get_robot_system_s.c
[58.073s] -- Installing: /home/rokey/ros2_ws/install/dsr_msgs2/local/lib/python3.10/dist-packages/dsr_msgs2/srv/_connect_rt_control_s.c
[58.073s] -- Installing: /home/rokey/ros2_ws/install/dsr_msgs2/local/lib/python3.10/dist-packages/dsr_msgs2/srv/_robotiq2_f_close.py
[58.073s] -- Installing: /home/rokey/ros2_ws/install/dsr_msgs2/local/lib/python3.10/dist-packages/dsr_msgs2/srv/_jog.py
[58.073s] -- Installing: /home/rokey/ros2_ws/install/dsr_msgs2/local/lib/python3.10/dist-packages/dsr_msgs2/srv/_get_current_solution_space.py
[58.073s] -- Installing: /home/rokey/ros2_ws/install/dsr_msgs2/local/lib/python3.10/dist-packages/dsr_msgs2/srv/_change_collision_sensitivity_s.c
[58.073s] -- Installing: /home/rokey/ros2_ws/install/dsr_msgs2/local/lib/python3.10/dist-packages/dsr_msgs2/srv/_calc_coord.py
[58.073s] -- Installing: /home/rokey/ros2_ws/install/dsr_msgs2/local/lib/python3.10/dist-packages/dsr_msgs2/srv/_get_current_tcp_s.c
[58.073s] -- Installing: /home/rokey/ros2_ws/install/dsr_msgs2/local/lib/python3.10/dist-packages/dsr_msgs2/srv/_get_control_mode.py
[58.073s] -- Installing: /home/rokey/ros2_ws/install/dsr_msgs2/local/lib/python3.10/dist-packages/dsr_msgs2/srv/_set_user_cart_coord1_s.c
[58.073s] -- Installing: /home/rokey/ros2_ws/install/dsr_msgs2/local/lib/python3.10/dist-packages/dsr_msgs2/srv/_get_current_pose.py
[58.073s] -- Installing: /home/rokey/ros2_ws/install/dsr_msgs2/local/lib/python3.10/dist-packages/dsr_msgs2/srv/_check_orientation_condition2.py
[58.073s] -- Installing: /home/rokey/ros2_ws/install/dsr_msgs2/local/lib/python3.10/dist-packages/dsr_msgs2/srv/_set_accj_rt.py
[58.073s] -- Installing: /home/rokey/ros2_ws/install/dsr_msgs2/local/lib/python3.10/dist-packages/dsr_msgs2/srv/_check_motion_s.c
[58.073s] -- Installing: /home/rokey/ros2_ws/install/dsr_msgs2/local/lib/python3.10/dist-packages/dsr_msgs2/srv/_task_compliance_ctrl_s.c
[58.073s] -- Installing: /home/rokey/ros2_ws/install/dsr_msgs2/local/lib/python3.10/dist-packages/dsr_msgs2/srv/_set_ctrl_box_analog_output_type.py
[58.073s] -- Installing: /home/rokey/ros2_ws/install/dsr_msgs2/local/lib/python3.10/dist-packages/dsr_msgs2/srv/_get_desired_posj.py
[58.073s] -- Installing: /home/rokey/ros2_ws/install/dsr_msgs2/local/lib/python3.10/dist-packages/dsr_msgs2/srv/_check_force_condition_s.c
[58.074s] -- Installing: /home/rokey/ros2_ws/install/dsr_msgs2/local/lib/python3.10/dist-packages/dsr_msgs2/srv/_check_orientation_condition2_s.c
[58.074s] -- Installing: /home/rokey/ros2_ws/install/dsr_msgs2/local/lib/python3.10/dist-packages/dsr_msgs2/srv/_move_blending.py
[58.074s] -- Installing: /home/rokey/ros2_ws/install/dsr_msgs2/local/lib/python3.10/dist-packages/dsr_msgs2/srv/_move_wait_s.c
[58.074s] -- Installing: /home/rokey/ros2_ws/install/dsr_msgs2/local/lib/python3.10/dist-packages/dsr_msgs2/srv/_set_tool_digital_output_s.c
[58.074s] -- Installing: /home/rokey/ros2_ws/install/dsr_msgs2/local/lib/python3.10/dist-packages/dsr_msgs2/srv/_move_jointx.py
[58.074s] -- Installing: /home/rokey/ros2_ws/install/dsr_msgs2/local/lib/python3.10/dist-packages/dsr_msgs2/srv/_set_rt_control_input.py
[58.074s] -- Installing: /home/rokey/ros2_ws/install/dsr_msgs2/local/lib/python3.10/dist-packages/dsr_msgs2/srv/_get_external_torque_s.c
[58.074s] -- Installing: /home/rokey/ros2_ws/install/dsr_msgs2/local/lib/python3.10/dist-packages/dsr_msgs2/srv/_get_rt_control_input_data_list.py
[58.074s] -- Installing: /home/rokey/ros2_ws/install/dsr_msgs2/local/lib/python3.10/dist-packages/dsr_msgs2/srv/_trans_s.c
[58.074s] -- Installing: /home/rokey/ros2_ws/install/dsr_msgs2/local/lib/python3.10/dist-packages/dsr_msgs2/srv/_get_current_posj.py
[58.074s] -- Installing: /home/rokey/ros2_ws/install/dsr_msgs2/local/lib/python3.10/dist-packages/dsr_msgs2/srv/_parallel_axis2.py
[58.074s] -- Installing: /home/rokey/ros2_ws/install/dsr_msgs2/local/lib/python3.10/dist-packages/dsr_msgs2/srv/_reset_workpiece_weight.py
[58.074s] -- Installing: /home/rokey/ros2_ws/install/dsr_msgs2/local/lib/python3.10/dist-packages/dsr_msgs2/srv/_move_blending_s.c
[58.074s] -- Installing: /home/rokey/ros2_ws/install/dsr_msgs2/local/lib/python3.10/dist-packages/dsr_msgs2/srv/_move_stop.py
[58.074s] -- Installing: /home/rokey/ros2_ws/install/dsr_msgs2/local/lib/python3.10/dist-packages/dsr_msgs2/srv/_serial_send_data_s.c
[58.074s] -- Installing: /home/rokey/ros2_ws/install/dsr_msgs2/local/lib/python3.10/dist-packages/dsr_msgs2/srv/_get_desired_posx.py
[58.074s] -- Installing: /home/rokey/ros2_ws/install/dsr_msgs2/local/lib/python3.10/dist-packages/dsr_msgs2/srv/_get_rt_control_output_data_list_s.c
[58.074s] -- Installing: /home/rokey/ros2_ws/install/dsr_msgs2/local/lib/python3.10/dist-packages/dsr_msgs2/srv/__init__.py
[58.074s] -- Installing: /home/rokey/ros2_ws/install/dsr_msgs2/local/lib/python3.10/dist-packages/dsr_msgs2/srv/_parallel_axis1.py
[58.074s] -- Installing: /home/rokey/ros2_ws/install/dsr_msgs2/local/lib/python3.10/dist-packages/dsr_msgs2/srv/_get_tool_force_s.c
[58.075s] -- Installing: /home/rokey/ros2_ws/install/dsr_msgs2/local/lib/python3.10/dist-packages/dsr_msgs2/srv/_config_delete_tcp_s.c
[58.075s] -- Installing: /home/rokey/ros2_ws/install/dsr_msgs2/local/lib/python3.10/dist-packages/dsr_msgs2/srv/_set_robot_speed_mode.py
[58.075s] -- Installing: /home/rokey/ros2_ws/install/dsr_msgs2/local/lib/python3.10/dist-packages/dsr_msgs2/srv/_write_data_rt.py
[58.075s] -- Installing: /home/rokey/ros2_ws/install/dsr_msgs2/local/lib/python3.10/dist-packages/dsr_msgs2/srv/_set_rt_control_input_s.c
[58.075s] -- Installing: /home/rokey/ros2_ws/install/dsr_msgs2/local/lib/python3.10/dist-packages/dsr_msgs2/srv/_parallel_axis1_s.c
[58.075s] -- Installing: /home/rokey/ros2_ws/install/dsr_msgs2/local/lib/python3.10/dist-packages/dsr_msgs2/srv/_get_rt_control_output_version_list_s.c
[58.075s] -- Installing: /home/rokey/ros2_ws/install/dsr_msgs2/local/lib/python3.10/dist-packages/dsr_msgs2/srv/_config_delete_modbus_s.c
[58.075s] -- Installing: /home/rokey/ros2_ws/install/dsr_msgs2/local/lib/python3.10/dist-packages/dsr_msgs2/srv/_change_operation_speed.py
[58.075s] -- Installing: /home/rokey/ros2_ws/install/dsr_msgs2/local/lib/python3.10/dist-packages/dsr_msgs2/srv/_config_create_modbus.py
[58.075s] -- Installing: /home/rokey/ros2_ws/install/dsr_msgs2/local/lib/python3.10/dist-packages/dsr_msgs2/srv/_drl_pause_s.c
[58.075s] -- Installing: /home/rokey/ros2_ws/install/dsr_msgs2/local/lib/python3.10/dist-packages/dsr_msgs2/srv/_release_force_s.c
[58.075s] -- Installing: /home/rokey/ros2_ws/install/dsr_msgs2/local/lib/python3.10/dist-packages/dsr_msgs2/srv/_get_current_velx_s.c
[58.075s] -- Installing: /home/rokey/ros2_ws/install/dsr_msgs2/local/lib/python3.10/dist-packages/dsr_msgs2/srv/_set_rt_control_output_s.c
[58.075s] -- Installing: /home/rokey/ros2_ws/install/dsr_msgs2/local/lib/python3.10/dist-packages/dsr_msgs2/srv/_disconnect_rt_control.py
[58.075s] -- Installing: /home/rokey/ros2_ws/install/dsr_msgs2/local/lib/python3.10/dist-packages/dsr_msgs2/srv/_check_motion.py
[58.075s] -- Installing: /home/rokey/ros2_ws/install/dsr_msgs2/local/lib/python3.10/dist-packages/dsr_msgs2/srv/_write_data_rt_s.c
[58.075s] -- Installing: /home/rokey/ros2_ws/install/dsr_msgs2/local/lib/python3.10/dist-packages/dsr_msgs2/srv/_coord_transform.py
[58.075s] -- Installing: /home/rokey/ros2_ws/install/dsr_msgs2/local/lib/python3.10/dist-packages/dsr_msgs2/srv/_move_spline_task_s.c
[58.075s] -- Installing: /home/rokey/ros2_ws/install/dsr_msgs2/local/lib/python3.10/dist-packages/dsr_msgs2/srv/_get_solution_space.py
[58.075s] -- Installing: /home/rokey/ros2_ws/install/dsr_msgs2/local/lib/python3.10/dist-packages/dsr_msgs2/srv/_set_user_cart_coord3_s.c
[58.076s] -- Installing: /home/rokey/ros2_ws/install/dsr_msgs2/local/lib/python3.10/dist-packages/dsr_msgs2/srv/_get_rt_control_input_version_list_s.c
[58.076s] -- Installing: /home/rokey/ros2_ws/install/dsr_msgs2/local/lib/python3.10/dist-packages/dsr_msgs2/srv/_fkin.py
[58.076s] -- Installing: /home/rokey/ros2_ws/install/dsr_msgs2/local/lib/python3.10/dist-packages/dsr_msgs2/srv/_get_workpiece_weight.py
[58.076s] -- Installing: /home/rokey/ros2_ws/install/dsr_msgs2/local/lib/python3.10/dist-packages/dsr_msgs2/srv/_move_resume.py
[58.076s] -- Installing: /home/rokey/ros2_ws/install/dsr_msgs2/local/lib/python3.10/dist-packages/dsr_msgs2/srv/_get_rt_control_input_version_list.py
[58.076s] -- Installing: /home/rokey/ros2_ws/install/dsr_msgs2/local/lib/python3.10/dist-packages/dsr_msgs2/srv/_get_desired_velj_s.c
[58.076s] -- Installing: /home/rokey/ros2_ws/install/dsr_msgs2/local/lib/python3.10/dist-packages/dsr_msgs2/srv/_is_done_bolt_tightening_s.c
[58.076s] -- Installing: /home/rokey/ros2_ws/install/dsr_msgs2/local/lib/python3.10/dist-packages/dsr_msgs2/srv/_get_control_space.py
[58.076s] -- Installing: /home/rokey/ros2_ws/install/dsr_msgs2/local/lib/python3.10/dist-packages/dsr_msgs2/srv/_get_rt_control_output_data_list.py
[58.076s] -- Installing: /home/rokey/ros2_ws/install/dsr_msgs2/local/lib/python3.10/dist-packages/dsr_msgs2/srv/_get_rt_control_output_version_list.py
[58.076s] -- Installing: /home/rokey/ros2_ws/install/dsr_msgs2/local/lib/python3.10/dist-packages/dsr_msgs2/srv/_set_safety_mode.py
[58.076s] -- Installing: /home/rokey/ros2_ws/install/dsr_msgs2/local/lib/python3.10/dist-packages/dsr_msgs2/srv/_servo_off_s.c
[58.076s] -- Installing: /home/rokey/ros2_ws/install/dsr_msgs2/local/lib/python3.10/dist-packages/dsr_msgs2/srv/_ikin.py
[58.076s] -- Installing: /home/rokey/ros2_ws/install/dsr_msgs2/local/lib/python3.10/dist-packages/dsr_msgs2/srv/_get_tool_digital_input_s.c
[58.076s] -- Installing: /home/rokey/ros2_ws/install/dsr_msgs2/local/lib/python3.10/dist-packages/dsr_msgs2/srv/_robotiq2_f_move_s.c
[58.076s] -- Installing: /home/rokey/ros2_ws/install/dsr_msgs2/local/lib/python3.10/dist-packages/dsr_msgs2/srv/_check_position_condition_s.c
[58.076s] -- Installing: /home/rokey/ros2_ws/install/dsr_msgs2/local/lib/python3.10/dist-packages/dsr_msgs2/srv/_ikin_s.c
[58.076s] -- Installing: /home/rokey/ros2_ws/install/dsr_msgs2/local/lib/python3.10/dist-packages/dsr_msgs2/srv/_get_robot_mode_s.c
[58.076s] -- Installing: /home/rokey/ros2_ws/install/dsr_msgs2/local/lib/python3.10/dist-packages/dsr_msgs2/srv/_release_compliance_ctrl_s.c
[58.076s] -- Installing: /home/rokey/ros2_ws/install/dsr_msgs2/local/lib/python3.10/dist-packages/dsr_msgs2/srv/_set_user_cart_coord3.py
[58.076s] -- Installing: /home/rokey/ros2_ws/install/dsr_msgs2/local/lib/python3.10/dist-packages/dsr_msgs2/srv/_get_last_alarm.py
[58.077s] -- Installing: /home/rokey/ros2_ws/install/dsr_msgs2/local/lib/python3.10/dist-packages/dsr_msgs2/srv/_check_position_condition.py
[58.077s] -- Installing: /home/rokey/ros2_ws/install/dsr_msgs2/local/lib/python3.10/dist-packages/dsr_msgs2/srv/_config_delete_tool.py
[58.077s] -- Installing: /home/rokey/ros2_ws/install/dsr_msgs2/local/lib/python3.10/dist-packages/dsr_msgs2/srv/_get_orientation_error_s.c
[58.077s] -- Installing: /home/rokey/ros2_ws/install/dsr_msgs2/local/lib/python3.10/dist-packages/dsr_msgs2/srv/_release_force.py
[58.077s] -- Installing: /home/rokey/ros2_ws/install/dsr_msgs2/local/lib/python3.10/dist-packages/dsr_msgs2/srv/_set_robot_speed_mode_s.c
[58.077s] -- Installing: /home/rokey/ros2_ws/install/dsr_msgs2/local/lib/python3.10/dist-packages/dsr_msgs2/srv/_get_desired_velx_s.c
[58.077s] -- Installing: /home/rokey/ros2_ws/install/dsr_msgs2/local/lib/python3.10/dist-packages/dsr_msgs2/srv/_set_robot_control.py
[58.077s] -- Installing: /home/rokey/ros2_ws/install/dsr_msgs2/local/lib/python3.10/dist-packages/dsr_msgs2/srv/_get_robot_mode.py
[58.077s] -- Installing: /home/rokey/ros2_ws/install/dsr_msgs2/local/lib/python3.10/dist-packages/dsr_msgs2/srv/_set_ref_coord.py
[58.077s] -- Installing: /home/rokey/ros2_ws/install/dsr_msgs2/local/lib/python3.10/dist-packages/dsr_msgs2/srv/_config_delete_tool_s.c
[58.077s] -- Installing: /home/rokey/ros2_ws/install/dsr_msgs2/local/lib/python3.10/dist-packages/dsr_msgs2/srv/_move_spiral_s.c
[58.077s] -- Installing: /home/rokey/ros2_ws/install/dsr_msgs2/local/lib/python3.10/dist-packages/dsr_msgs2/srv/_connect_rt_control.py
[58.077s] -- Installing: /home/rokey/ros2_ws/install/dsr_msgs2/local/lib/python3.10/dist-packages/dsr_msgs2/srv/_set_velx_rt.py
[58.077s] -- Installing: /home/rokey/ros2_ws/install/dsr_msgs2/local/lib/python3.10/dist-packages/dsr_msgs2/srv/_get_drl_state_s.c
[58.077s] -- Installing: /home/rokey/ros2_ws/install/dsr_msgs2/local/lib/python3.10/dist-packages/dsr_msgs2/srv/_drl_stop_s.c
[58.077s] -- Installing: /home/rokey/ros2_ws/install/dsr_msgs2/local/lib/python3.10/dist-packages/dsr_msgs2/srv/_get_current_velj.py
[58.077s] -- Installing: /home/rokey/ros2_ws/install/dsr_msgs2/local/lib/python3.10/dist-packages/dsr_msgs2/srv/_disconnect_rt_control_s.c
[58.077s] -- Installing: /home/rokey/ros2_ws/install/dsr_msgs2/local/lib/python3.10/dist-packages/dsr_msgs2/srv/_change_collision_sensitivity.py
[58.077s] -- Installing: /home/rokey/ros2_ws/install/dsr_msgs2/local/lib/python3.10/dist-packages/dsr_msgs2/srv/_release_compliance_ctrl.py
[58.077s] -- Installing: /home/rokey/ros2_ws/install/dsr_msgs2/local/lib/python3.10/dist-packages/dsr_msgs2/srv/_set_current_tcp_s.c
[58.077s] -- Installing: /home/rokey/ros2_ws/install/dsr_msgs2/local/lib/python3.10/dist-packages/dsr_msgs2/srv/_set_user_cart_coord2_s.c
[58.078s] -- Installing: /home/rokey/ros2_ws/install/dsr_msgs2/local/lib/python3.10/dist-packages/dsr_msgs2/srv/_set_user_cart_coord2.py
[58.078s] -- Installing: /home/rokey/ros2_ws/install/dsr_msgs2/local/lib/python3.10/dist-packages/dsr_msgs2/srv/_get_modbus_input_s.c
[58.078s] -- Installing: /home/rokey/ros2_ws/install/dsr_msgs2/local/lib/python3.10/dist-packages/dsr_msgs2/srv/_set_accx_rt.py
[58.078s] -- Installing: /home/rokey/ros2_ws/install/dsr_msgs2/local/lib/python3.10/dist-packages/dsr_msgs2/srv/_set_accx_rt_s.c
[58.078s] -- Installing: /home/rokey/ros2_ws/install/dsr_msgs2/local/lib/python3.10/dist-packages/dsr_msgs2/srv/_get_joint_torque_s.c
[58.078s] -- Installing: /home/rokey/ros2_ws/install/dsr_msgs2/local/lib/python3.10/dist-packages/dsr_msgs2/srv/_set_robot_control_s.c
[58.078s] -- Installing: /home/rokey/ros2_ws/install/dsr_msgs2/local/lib/python3.10/dist-packages/dsr_msgs2/srv/_get_solution_space_s.c
[58.078s] -- Installing: /home/rokey/ros2_ws/install/dsr_msgs2/local/lib/python3.10/dist-packages/dsr_msgs2/srv/_config_create_tcp_s.c
[58.078s] -- Installing: /home/rokey/ros2_ws/install/dsr_msgs2/local/lib/python3.10/dist-packages/dsr_msgs2/dsr_msgs2_s__rosidl_typesupport_fastrtps_c.cpython-310-x86_64-linux-gnu.so
[58.174s] Listing '/home/rokey/ros2_ws/install/dsr_msgs2/local/lib/python3.10/dist-packages/dsr_msgs2'...
[58.174s] Compiling '/home/rokey/ros2_ws/install/dsr_msgs2/local/lib/python3.10/dist-packages/dsr_msgs2/__init__.py'...
[58.174s] Listing '/home/rokey/ros2_ws/install/dsr_msgs2/local/lib/python3.10/dist-packages/dsr_msgs2/msg'...
[58.174s] Compiling '/home/rokey/ros2_ws/install/dsr_msgs2/local/lib/python3.10/dist-packages/dsr_msgs2/msg/__init__.py'...
[58.174s] Compiling '/home/rokey/ros2_ws/install/dsr_msgs2/local/lib/python3.10/dist-packages/dsr_msgs2/msg/_alter_motion_stream.py'...
[58.174s] Compiling '/home/rokey/ros2_ws/install/dsr_msgs2/local/lib/python3.10/dist-packages/dsr_msgs2/msg/_jog_multi_axis.py'...
[58.174s] Compiling '/home/rokey/ros2_ws/install/dsr_msgs2/local/lib/python3.10/dist-packages/dsr_msgs2/msg/_log_alarm.py'...
[58.174s] Compiling '/home/rokey/ros2_ws/install/dsr_msgs2/local/lib/python3.10/dist-packages/dsr_msgs2/msg/_modbus_state.py'...
[58.174s] Compiling '/home/rokey/ros2_ws/install/dsr_msgs2/local/lib/python3.10/dist-packages/dsr_msgs2/msg/_robot_error.py'...
[58.174s] Compiling '/home/rokey/ros2_ws/install/dsr_msgs2/local/lib/python3.10/dist-packages/dsr_msgs2/msg/_robot_state.py'...
[58.174s] Compiling '/home/rokey/ros2_ws/install/dsr_msgs2/local/lib/python3.10/dist-packages/dsr_msgs2/msg/_robot_state_rt.py'...
[58.174s] Compiling '/home/rokey/ros2_ws/install/dsr_msgs2/local/lib/python3.10/dist-packages/dsr_msgs2/msg/_robot_stop.py'...
[58.174s] Compiling '/home/rokey/ros2_ws/install/dsr_msgs2/local/lib/python3.10/dist-packages/dsr_msgs2/msg/_servoj_rt_stream.py'...
[58.174s] Compiling '/home/rokey/ros2_ws/install/dsr_msgs2/local/lib/python3.10/dist-packages/dsr_msgs2/msg/_servoj_stream.py'...
[58.174s] Compiling '/home/rokey/ros2_ws/install/dsr_msgs2/local/lib/python3.10/dist-packages/dsr_msgs2/msg/_servol_rt_stream.py'...
[58.174s] Compiling '/home/rokey/ros2_ws/install/dsr_msgs2/local/lib/python3.10/dist-packages/dsr_msgs2/msg/_servol_stream.py'...
[58.174s] Compiling '/home/rokey/ros2_ws/install/dsr_msgs2/local/lib/python3.10/dist-packages/dsr_msgs2/msg/_speedj_rt_stream.py'...
[58.174s] Compiling '/home/rokey/ros2_ws/install/dsr_msgs2/local/lib/python3.10/dist-packages/dsr_msgs2/msg/_speedj_stream.py'...
[58.175s] Compiling '/home/rokey/ros2_ws/install/dsr_msgs2/local/lib/python3.10/dist-packages/dsr_msgs2/msg/_speedl_rt_stream.py'...
[58.175s] Compiling '/home/rokey/ros2_ws/install/dsr_msgs2/local/lib/python3.10/dist-packages/dsr_msgs2/msg/_speedl_stream.py'...
[58.175s] Compiling '/home/rokey/ros2_ws/install/dsr_msgs2/local/lib/python3.10/dist-packages/dsr_msgs2/msg/_torque_rt_stream.py'...
[58.175s] Listing '/home/rokey/ros2_ws/install/dsr_msgs2/local/lib/python3.10/dist-packages/dsr_msgs2/srv'...
[58.175s] Compiling '/home/rokey/ros2_ws/install/dsr_msgs2/local/lib/python3.10/dist-packages/dsr_msgs2/srv/__init__.py'...
[58.175s] Compiling '/home/rokey/ros2_ws/install/dsr_msgs2/local/lib/python3.10/dist-packages/dsr_msgs2/srv/_align_axis1.py'...
[58.175s] Compiling '/home/rokey/ros2_ws/install/dsr_msgs2/local/lib/python3.10/dist-packages/dsr_msgs2/srv/_align_axis2.py'...
[58.175s] Compiling '/home/rokey/ros2_ws/install/dsr_msgs2/local/lib/python3.10/dist-packages/dsr_msgs2/srv/_alter_motion.py'...
[58.175s] Compiling '/home/rokey/ros2_ws/install/dsr_msgs2/local/lib/python3.10/dist-packages/dsr_msgs2/srv/_calc_coord.py'...
[58.175s] Compiling '/home/rokey/ros2_ws/install/dsr_msgs2/local/lib/python3.10/dist-packages/dsr_msgs2/srv/_change_collision_sensitivity.py'...
[58.175s] Compiling '/home/rokey/ros2_ws/install/dsr_msgs2/local/lib/python3.10/dist-packages/dsr_msgs2/srv/_change_operation_speed.py'...
[58.175s] Compiling '/home/rokey/ros2_ws/install/dsr_msgs2/local/lib/python3.10/dist-packages/dsr_msgs2/srv/_check_force_condition.py'...
[58.175s] Compiling '/home/rokey/ros2_ws/install/dsr_msgs2/local/lib/python3.10/dist-packages/dsr_msgs2/srv/_check_motion.py'...
[58.175s] Compiling '/home/rokey/ros2_ws/install/dsr_msgs2/local/lib/python3.10/dist-packages/dsr_msgs2/srv/_check_orientation_condition1.py'...
[58.175s] Compiling '/home/rokey/ros2_ws/install/dsr_msgs2/local/lib/python3.10/dist-packages/dsr_msgs2/srv/_check_orientation_condition2.py'...
[58.175s] Compiling '/home/rokey/ros2_ws/install/dsr_msgs2/local/lib/python3.10/dist-packages/dsr_msgs2/srv/_check_position_condition.py'...
[58.175s] Compiling '/home/rokey/ros2_ws/install/dsr_msgs2/local/lib/python3.10/dist-packages/dsr_msgs2/srv/_config_create_modbus.py'...
[58.175s] Compiling '/home/rokey/ros2_ws/install/dsr_msgs2/local/lib/python3.10/dist-packages/dsr_msgs2/srv/_config_create_tcp.py'...
[58.175s] Compiling '/home/rokey/ros2_ws/install/dsr_msgs2/local/lib/python3.10/dist-packages/dsr_msgs2/srv/_config_create_tool.py'...
[58.175s] Compiling '/home/rokey/ros2_ws/install/dsr_msgs2/local/lib/python3.10/dist-packages/dsr_msgs2/srv/_config_delete_modbus.py'...
[58.175s] Compiling '/home/rokey/ros2_ws/install/dsr_msgs2/local/lib/python3.10/dist-packages/dsr_msgs2/srv/_config_delete_tcp.py'...
[58.175s] Compiling '/home/rokey/ros2_ws/install/dsr_msgs2/local/lib/python3.10/dist-packages/dsr_msgs2/srv/_config_delete_tool.py'...
[58.175s] Compiling '/home/rokey/ros2_ws/install/dsr_msgs2/local/lib/python3.10/dist-packages/dsr_msgs2/srv/_connect_rt_control.py'...
[58.175s] Compiling '/home/rokey/ros2_ws/install/dsr_msgs2/local/lib/python3.10/dist-packages/dsr_msgs2/srv/_coord_transform.py'...
[58.175s] Compiling '/home/rokey/ros2_ws/install/dsr_msgs2/local/lib/python3.10/dist-packages/dsr_msgs2/srv/_disable_alter_motion.py'...
[58.175s] Compiling '/home/rokey/ros2_ws/install/dsr_msgs2/local/lib/python3.10/dist-packages/dsr_msgs2/srv/_disconnect_rt_control.py'...
[58.175s] Compiling '/home/rokey/ros2_ws/install/dsr_msgs2/local/lib/python3.10/dist-packages/dsr_msgs2/srv/_drl_pause.py'...
[58.175s] Compiling '/home/rokey/ros2_ws/install/dsr_msgs2/local/lib/python3.10/dist-packages/dsr_msgs2/srv/_drl_resume.py'...
[58.176s] Compiling '/home/rokey/ros2_ws/install/dsr_msgs2/local/lib/python3.10/dist-packages/dsr_msgs2/srv/_drl_start.py'...
[58.176s] Compiling '/home/rokey/ros2_ws/install/dsr_msgs2/local/lib/python3.10/dist-packages/dsr_msgs2/srv/_drl_stop.py'...
[58.176s] Compiling '/home/rokey/ros2_ws/install/dsr_msgs2/local/lib/python3.10/dist-packages/dsr_msgs2/srv/_enable_alter_motion.py'...
[58.176s] Compiling '/home/rokey/ros2_ws/install/dsr_msgs2/local/lib/python3.10/dist-packages/dsr_msgs2/srv/_fkin.py'...
[58.176s] Compiling '/home/rokey/ros2_ws/install/dsr_msgs2/local/lib/python3.10/dist-packages/dsr_msgs2/srv/_get_control_mode.py'...
[58.176s] Compiling '/home/rokey/ros2_ws/install/dsr_msgs2/local/lib/python3.10/dist-packages/dsr_msgs2/srv/_get_control_space.py'...
[58.176s] Compiling '/home/rokey/ros2_ws/install/dsr_msgs2/local/lib/python3.10/dist-packages/dsr_msgs2/srv/_get_ctrl_box_analog_input.py'...
[58.176s] Compiling '/home/rokey/ros2_ws/install/dsr_msgs2/local/lib/python3.10/dist-packages/dsr_msgs2/srv/_get_ctrl_box_digital_input.py'...
[58.176s] Compiling '/home/rokey/ros2_ws/install/dsr_msgs2/local/lib/python3.10/dist-packages/dsr_msgs2/srv/_get_ctrl_box_digital_output.py'...
[58.176s] Compiling '/home/rokey/ros2_ws/install/dsr_msgs2/local/lib/python3.10/dist-packages/dsr_msgs2/srv/_get_current_pose.py'...
[58.176s] Compiling '/home/rokey/ros2_ws/install/dsr_msgs2/local/lib/python3.10/dist-packages/dsr_msgs2/srv/_get_current_posj.py'...
[58.176s] Compiling '/home/rokey/ros2_ws/install/dsr_msgs2/local/lib/python3.10/dist-packages/dsr_msgs2/srv/_get_current_posx.py'...
[58.176s] Compiling '/home/rokey/ros2_ws/install/dsr_msgs2/local/lib/python3.10/dist-packages/dsr_msgs2/srv/_get_current_rotm.py'...
[58.176s] Compiling '/home/rokey/ros2_ws/install/dsr_msgs2/local/lib/python3.10/dist-packages/dsr_msgs2/srv/_get_current_solution_space.py'...
[58.176s] Compiling '/home/rokey/ros2_ws/install/dsr_msgs2/local/lib/python3.10/dist-packages/dsr_msgs2/srv/_get_current_tcp.py'...
[58.176s] Compiling '/home/rokey/ros2_ws/install/dsr_msgs2/local/lib/python3.10/dist-packages/dsr_msgs2/srv/_get_current_tool.py'...
[58.176s] Compiling '/home/rokey/ros2_ws/install/dsr_msgs2/local/lib/python3.10/dist-packages/dsr_msgs2/srv/_get_current_tool_flange_posx.py'...
[58.176s] Compiling '/home/rokey/ros2_ws/install/dsr_msgs2/local/lib/python3.10/dist-packages/dsr_msgs2/srv/_get_current_velj.py'...
[58.176s] Compiling '/home/rokey/ros2_ws/install/dsr_msgs2/local/lib/python3.10/dist-packages/dsr_msgs2/srv/_get_current_velx.py'...
[58.176s] Compiling '/home/rokey/ros2_ws/install/dsr_msgs2/local/lib/python3.10/dist-packages/dsr_msgs2/srv/_get_desired_posj.py'...
[58.176s] Compiling '/home/rokey/ros2_ws/install/dsr_msgs2/local/lib/python3.10/dist-packages/dsr_msgs2/srv/_get_desired_posx.py'...
[58.244s] Compiling '/home/rokey/ros2_ws/install/dsr_msgs2/local/lib/python3.10/dist-packages/dsr_msgs2/srv/_get_desired_velj.py'...
[58.245s] Compiling '/home/rokey/ros2_ws/install/dsr_msgs2/local/lib/python3.10/dist-packages/dsr_msgs2/srv/_get_desired_velx.py'...
[58.245s] Compiling '/home/rokey/ros2_ws/install/dsr_msgs2/local/lib/python3.10/dist-packages/dsr_msgs2/srv/_get_drl_state.py'...
[58.245s] Compiling '/home/rokey/ros2_ws/install/dsr_msgs2/local/lib/python3.10/dist-packages/dsr_msgs2/srv/_get_external_torque.py'...
[58.245s] Compiling '/home/rokey/ros2_ws/install/dsr_msgs2/local/lib/python3.10/dist-packages/dsr_msgs2/srv/_get_joint_torque.py'...
[58.245s] Compiling '/home/rokey/ros2_ws/install/dsr_msgs2/local/lib/python3.10/dist-packages/dsr_msgs2/srv/_get_last_alarm.py'...
[58.245s] Compiling '/home/rokey/ros2_ws/install/dsr_msgs2/local/lib/python3.10/dist-packages/dsr_msgs2/srv/_get_modbus_input.py'...
[58.245s] Compiling '/home/rokey/ros2_ws/install/dsr_msgs2/local/lib/python3.10/dist-packages/dsr_msgs2/srv/_get_orientation_error.py'...
[58.245s] Compiling '/home/rokey/ros2_ws/install/dsr_msgs2/local/lib/python3.10/dist-packages/dsr_msgs2/srv/_get_robot_mode.py'...
[58.245s] Compiling '/home/rokey/ros2_ws/install/dsr_msgs2/local/lib/python3.10/dist-packages/dsr_msgs2/srv/_get_robot_speed_mode.py'...
[58.245s] Compiling '/home/rokey/ros2_ws/install/dsr_msgs2/local/lib/python3.10/dist-packages/dsr_msgs2/srv/_get_robot_state.py'...
[58.245s] Compiling '/home/rokey/ros2_ws/install/dsr_msgs2/local/lib/python3.10/dist-packages/dsr_msgs2/srv/_get_robot_system.py'...
[58.245s] Compiling '/home/rokey/ros2_ws/install/dsr_msgs2/local/lib/python3.10/dist-packages/dsr_msgs2/srv/_get_rt_control_input_data_list.py'...
[58.245s] Compiling '/home/rokey/ros2_ws/install/dsr_msgs2/local/lib/python3.10/dist-packages/dsr_msgs2/srv/_get_rt_control_input_version_list.py'...
[58.245s] Compiling '/home/rokey/ros2_ws/install/dsr_msgs2/local/lib/python3.10/dist-packages/dsr_msgs2/srv/_get_rt_control_output_data_list.py'...
[58.245s] Compiling '/home/rokey/ros2_ws/install/dsr_msgs2/local/lib/python3.10/dist-packages/dsr_msgs2/srv/_get_rt_control_output_version_list.py'...
[58.245s] Compiling '/home/rokey/ros2_ws/install/dsr_msgs2/local/lib/python3.10/dist-packages/dsr_msgs2/srv/_get_solution_space.py'...
[58.245s] Compiling '/home/rokey/ros2_ws/install/dsr_msgs2/local/lib/python3.10/dist-packages/dsr_msgs2/srv/_get_tool_digital_input.py'...
[58.245s] Compiling '/home/rokey/ros2_ws/install/dsr_msgs2/local/lib/python3.10/dist-packages/dsr_msgs2/srv/_get_tool_digital_output.py'...
[58.245s] Compiling '/home/rokey/ros2_ws/install/dsr_msgs2/local/lib/python3.10/dist-packages/dsr_msgs2/srv/_get_tool_force.py'...
[58.245s] Compiling '/home/rokey/ros2_ws/install/dsr_msgs2/local/lib/python3.10/dist-packages/dsr_msgs2/srv/_get_user_cart_coord.py'...
[58.245s] Compiling '/home/rokey/ros2_ws/install/dsr_msgs2/local/lib/python3.10/dist-packages/dsr_msgs2/srv/_get_workpiece_weight.py'...
[58.245s] Compiling '/home/rokey/ros2_ws/install/dsr_msgs2/local/lib/python3.10/dist-packages/dsr_msgs2/srv/_ikin.py'...
[58.245s] Compiling '/home/rokey/ros2_ws/install/dsr_msgs2/local/lib/python3.10/dist-packages/dsr_msgs2/srv/_is_done_bolt_tightening.py'...
[58.245s] Compiling '/home/rokey/ros2_ws/install/dsr_msgs2/local/lib/python3.10/dist-packages/dsr_msgs2/srv/_jog.py'...
[58.245s] Compiling '/home/rokey/ros2_ws/install/dsr_msgs2/local/lib/python3.10/dist-packages/dsr_msgs2/srv/_jog_multi.py'...
[58.245s] Compiling '/home/rokey/ros2_ws/install/dsr_msgs2/local/lib/python3.10/dist-packages/dsr_msgs2/srv/_move_blending.py'...
[58.245s] Compiling '/home/rokey/ros2_ws/install/dsr_msgs2/local/lib/python3.10/dist-packages/dsr_msgs2/srv/_move_circle.py'...
[58.245s] Compiling '/home/rokey/ros2_ws/install/dsr_msgs2/local/lib/python3.10/dist-packages/dsr_msgs2/srv/_move_home.py'...
[58.245s] Compiling '/home/rokey/ros2_ws/install/dsr_msgs2/local/lib/python3.10/dist-packages/dsr_msgs2/srv/_move_joint.py'...
[58.245s] Compiling '/home/rokey/ros2_ws/install/dsr_msgs2/local/lib/python3.10/dist-packages/dsr_msgs2/srv/_move_jointx.py'...
[58.245s] Compiling '/home/rokey/ros2_ws/install/dsr_msgs2/local/lib/python3.10/dist-packages/dsr_msgs2/srv/_move_line.py'...
[58.245s] Compiling '/home/rokey/ros2_ws/install/dsr_msgs2/local/lib/python3.10/dist-packages/dsr_msgs2/srv/_move_pause.py'...
[58.245s] Compiling '/home/rokey/ros2_ws/install/dsr_msgs2/local/lib/python3.10/dist-packages/dsr_msgs2/srv/_move_periodic.py'...
[58.245s] Compiling '/home/rokey/ros2_ws/install/dsr_msgs2/local/lib/python3.10/dist-packages/dsr_msgs2/srv/_move_resume.py'...
[58.245s] Compiling '/home/rokey/ros2_ws/install/dsr_msgs2/local/lib/python3.10/dist-packages/dsr_msgs2/srv/_move_spiral.py'...
[58.245s] Compiling '/home/rokey/ros2_ws/install/dsr_msgs2/local/lib/python3.10/dist-packages/dsr_msgs2/srv/_move_spline_joint.py'...
[58.245s] Compiling '/home/rokey/ros2_ws/install/dsr_msgs2/local/lib/python3.10/dist-packages/dsr_msgs2/srv/_move_spline_task.py'...
[58.245s] Compiling '/home/rokey/ros2_ws/install/dsr_msgs2/local/lib/python3.10/dist-packages/dsr_msgs2/srv/_move_stop.py'...
[58.246s] Compiling '/home/rokey/ros2_ws/install/dsr_msgs2/local/lib/python3.10/dist-packages/dsr_msgs2/srv/_move_wait.py'...
[58.246s] Compiling '/home/rokey/ros2_ws/install/dsr_msgs2/local/lib/python3.10/dist-packages/dsr_msgs2/srv/_overwrite_user_cart_coord.py'...
[58.246s] Compiling '/home/rokey/ros2_ws/install/dsr_msgs2/local/lib/python3.10/dist-packages/dsr_msgs2/srv/_parallel_axis1.py'...
[58.246s] Compiling '/home/rokey/ros2_ws/install/dsr_msgs2/local/lib/python3.10/dist-packages/dsr_msgs2/srv/_parallel_axis2.py'...
[58.246s] Compiling '/home/rokey/ros2_ws/install/dsr_msgs2/local/lib/python3.10/dist-packages/dsr_msgs2/srv/_read_data_rt.py'...
[58.246s] Compiling '/home/rokey/ros2_ws/install/dsr_msgs2/local/lib/python3.10/dist-packages/dsr_msgs2/srv/_release_compliance_ctrl.py'...
[58.246s] Compiling '/home/rokey/ros2_ws/install/dsr_msgs2/local/lib/python3.10/dist-packages/dsr_msgs2/srv/_release_force.py'...
[58.246s] Compiling '/home/rokey/ros2_ws/install/dsr_msgs2/local/lib/python3.10/dist-packages/dsr_msgs2/srv/_reset_workpiece_weight.py'...
[58.246s] Compiling '/home/rokey/ros2_ws/install/dsr_msgs2/local/lib/python3.10/dist-packages/dsr_msgs2/srv/_robotiq2_f_close.py'...
[58.246s] Compiling '/home/rokey/ros2_ws/install/dsr_msgs2/local/lib/python3.10/dist-packages/dsr_msgs2/srv/_robotiq2_f_move.py'...
[58.246s] Compiling '/home/rokey/ros2_ws/install/dsr_msgs2/local/lib/python3.10/dist-packages/dsr_msgs2/srv/_robotiq2_f_open.py'...
[58.246s] Compiling '/home/rokey/ros2_ws/install/dsr_msgs2/local/lib/python3.10/dist-packages/dsr_msgs2/srv/_serial_send_data.py'...
[58.246s] Compiling '/home/rokey/ros2_ws/install/dsr_msgs2/local/lib/python3.10/dist-packages/dsr_msgs2/srv/_servo_off.py'...
[58.246s] Compiling '/home/rokey/ros2_ws/install/dsr_msgs2/local/lib/python3.10/dist-packages/dsr_msgs2/srv/_set_accj_rt.py'...
[58.246s] Compiling '/home/rokey/ros2_ws/install/dsr_msgs2/local/lib/python3.10/dist-packages/dsr_msgs2/srv/_set_accx_rt.py'...
[58.246s] Compiling '/home/rokey/ros2_ws/install/dsr_msgs2/local/lib/python3.10/dist-packages/dsr_msgs2/srv/_set_ctrl_box_analog_input_type.py'...
[58.246s] Compiling '/home/rokey/ros2_ws/install/dsr_msgs2/local/lib/python3.10/dist-packages/dsr_msgs2/srv/_set_ctrl_box_analog_output.py'...
[58.246s] Compiling '/home/rokey/ros2_ws/install/dsr_msgs2/local/lib/python3.10/dist-packages/dsr_msgs2/srv/_set_ctrl_box_analog_output_type.py'...
[58.246s] Compiling '/home/rokey/ros2_ws/install/dsr_msgs2/local/lib/python3.10/dist-packages/dsr_msgs2/srv/_set_ctrl_box_digital_output.py'...
[58.246s] Compiling '/home/rokey/ros2_ws/install/dsr_msgs2/local/lib/python3.10/dist-packages/dsr_msgs2/srv/_set_current_tcp.py'...
[58.246s] Compiling '/home/rokey/ros2_ws/install/dsr_msgs2/local/lib/python3.10/dist-packages/dsr_msgs2/srv/_set_current_tool.py'...
[58.246s] Compiling '/home/rokey/ros2_ws/install/dsr_msgs2/local/lib/python3.10/dist-packages/dsr_msgs2/srv/_set_desired_force.py'...
[58.246s] Compiling '/home/rokey/ros2_ws/install/dsr_msgs2/local/lib/python3.10/dist-packages/dsr_msgs2/srv/_set_modbus_output.py'...
[58.246s] Compiling '/home/rokey/ros2_ws/install/dsr_msgs2/local/lib/python3.10/dist-packages/dsr_msgs2/srv/_set_ref_coord.py'...
[58.246s] Compiling '/home/rokey/ros2_ws/install/dsr_msgs2/local/lib/python3.10/dist-packages/dsr_msgs2/srv/_set_robot_control.py'...
[58.246s] Compiling '/home/rokey/ros2_ws/install/dsr_msgs2/local/lib/python3.10/dist-packages/dsr_msgs2/srv/_set_robot_mode.py'...
[58.246s] Compiling '/home/rokey/ros2_ws/install/dsr_msgs2/local/lib/python3.10/dist-packages/dsr_msgs2/srv/_set_robot_speed_mode.py'...
[58.265s] Compiling '/home/rokey/ros2_ws/install/dsr_msgs2/local/lib/python3.10/dist-packages/dsr_msgs2/srv/_set_robot_system.py'...
[58.265s] Compiling '/home/rokey/ros2_ws/install/dsr_msgs2/local/lib/python3.10/dist-packages/dsr_msgs2/srv/_set_rt_control_input.py'...
[58.265s] Compiling '/home/rokey/ros2_ws/install/dsr_msgs2/local/lib/python3.10/dist-packages/dsr_msgs2/srv/_set_rt_control_output.py'...
[58.265s] Compiling '/home/rokey/ros2_ws/install/dsr_msgs2/local/lib/python3.10/dist-packages/dsr_msgs2/srv/_set_safe_stop_reset_type.py'...
[58.265s] Compiling '/home/rokey/ros2_ws/install/dsr_msgs2/local/lib/python3.10/dist-packages/dsr_msgs2/srv/_set_safety_mode.py'...
[58.265s] Compiling '/home/rokey/ros2_ws/install/dsr_msgs2/local/lib/python3.10/dist-packages/dsr_msgs2/srv/_set_singularity_handling.py'...
[58.265s] Compiling '/home/rokey/ros2_ws/install/dsr_msgs2/local/lib/python3.10/dist-packages/dsr_msgs2/srv/_set_stiffnessx.py'...
[58.266s] Compiling '/home/rokey/ros2_ws/install/dsr_msgs2/local/lib/python3.10/dist-packages/dsr_msgs2/srv/_set_tool_digital_output.py'...
[58.266s] Compiling '/home/rokey/ros2_ws/install/dsr_msgs2/local/lib/python3.10/dist-packages/dsr_msgs2/srv/_set_tool_shape.py'...
[58.266s] Compiling '/home/rokey/ros2_ws/install/dsr_msgs2/local/lib/python3.10/dist-packages/dsr_msgs2/srv/_set_user_cart_coord1.py'...
[58.266s] Compiling '/home/rokey/ros2_ws/install/dsr_msgs2/local/lib/python3.10/dist-packages/dsr_msgs2/srv/_set_user_cart_coord2.py'...
[58.266s] Compiling '/home/rokey/ros2_ws/install/dsr_msgs2/local/lib/python3.10/dist-packages/dsr_msgs2/srv/_set_user_cart_coord3.py'...
[58.266s] Compiling '/home/rokey/ros2_ws/install/dsr_msgs2/local/lib/python3.10/dist-packages/dsr_msgs2/srv/_set_velj_rt.py'...
[58.266s] Compiling '/home/rokey/ros2_ws/install/dsr_msgs2/local/lib/python3.10/dist-packages/dsr_msgs2/srv/_set_velx_rt.py'...
[58.266s] Compiling '/home/rokey/ros2_ws/install/dsr_msgs2/local/lib/python3.10/dist-packages/dsr_msgs2/srv/_start_rt_control.py'...
[58.266s] Compiling '/home/rokey/ros2_ws/install/dsr_msgs2/local/lib/python3.10/dist-packages/dsr_msgs2/srv/_stop_rt_control.py'...
[58.266s] Compiling '/home/rokey/ros2_ws/install/dsr_msgs2/local/lib/python3.10/dist-packages/dsr_msgs2/srv/_task_compliance_ctrl.py'...
[58.266s] Compiling '/home/rokey/ros2_ws/install/dsr_msgs2/local/lib/python3.10/dist-packages/dsr_msgs2/srv/_trans.py'...
[58.266s] Compiling '/home/rokey/ros2_ws/install/dsr_msgs2/local/lib/python3.10/dist-packages/dsr_msgs2/srv/_write_data_rt.py'...
[58.269s] -- Installing: /home/rokey/ros2_ws/install/dsr_msgs2/local/lib/python3.10/dist-packages/dsr_msgs2/dsr_msgs2_s__rosidl_typesupport_fastrtps_c.cpython-310-x86_64-linux-gnu.so
[58.269s] -- Set runtime path of "/home/rokey/ros2_ws/install/dsr_msgs2/local/lib/python3.10/dist-packages/dsr_msgs2/dsr_msgs2_s__rosidl_typesupport_fastrtps_c.cpython-310-x86_64-linux-gnu.so" to ""
[58.270s] -- Installing: /home/rokey/ros2_ws/install/dsr_msgs2/local/lib/python3.10/dist-packages/dsr_msgs2/dsr_msgs2_s__rosidl_typesupport_introspection_c.cpython-310-x86_64-linux-gnu.so
[58.270s] -- Set runtime path of "/home/rokey/ros2_ws/install/dsr_msgs2/local/lib/python3.10/dist-packages/dsr_msgs2/dsr_msgs2_s__rosidl_typesupport_introspection_c.cpython-310-x86_64-linux-gnu.so" to ""
[58.271s] -- Installing: /home/rokey/ros2_ws/install/dsr_msgs2/local/lib/python3.10/dist-packages/dsr_msgs2/dsr_msgs2_s__rosidl_typesupport_c.cpython-310-x86_64-linux-gnu.so
[58.271s] -- Set runtime path of "/home/rokey/ros2_ws/install/dsr_msgs2/local/lib/python3.10/dist-packages/dsr_msgs2/dsr_msgs2_s__rosidl_typesupport_c.cpython-310-x86_64-linux-gnu.so" to ""
[58.271s] -- Installing: /home/rokey/ros2_ws/install/dsr_msgs2/lib/libdsr_msgs2__rosidl_generator_py.so
[58.272s] -- Set runtime path of "/home/rokey/ros2_ws/install/dsr_msgs2/lib/libdsr_msgs2__rosidl_generator_py.so" to ""
[58.272s] -- Installing: /home/rokey/ros2_ws/install/dsr_msgs2/share/dsr_msgs2/msg/LogAlarm.idl
[58.272s] -- Installing: /home/rokey/ros2_ws/install/dsr_msgs2/share/dsr_msgs2/msg/ModbusState.idl
[58.273s] -- Installing: /home/rokey/ros2_ws/install/dsr_msgs2/share/dsr_msgs2/msg/RobotError.idl
[58.273s] -- Installing: /home/rokey/ros2_ws/install/dsr_msgs2/share/dsr_msgs2/msg/RobotState.idl
[58.273s] -- Installing: /home/rokey/ros2_ws/install/dsr_msgs2/share/dsr_msgs2/msg/RobotStop.idl
[58.273s] -- Installing: /home/rokey/ros2_ws/install/dsr_msgs2/share/dsr_msgs2/msg/JogMultiAxis.idl
[58.273s] -- Installing: /home/rokey/ros2_ws/install/dsr_msgs2/share/dsr_msgs2/msg/AlterMotionStream.idl
[58.273s] -- Installing: /home/rokey/ros2_ws/install/dsr_msgs2/share/dsr_msgs2/msg/ServojStream.idl
[58.274s] -- Installing: /home/rokey/ros2_ws/install/dsr_msgs2/share/dsr_msgs2/msg/ServolStream.idl
[58.274s] -- Installing: /home/rokey/ros2_ws/install/dsr_msgs2/share/dsr_msgs2/msg/SpeedjStream.idl
[58.274s] -- Installing: /home/rokey/ros2_ws/install/dsr_msgs2/share/dsr_msgs2/msg/SpeedlStream.idl
[58.274s] -- Installing: /home/rokey/ros2_ws/install/dsr_msgs2/share/dsr_msgs2/msg/RobotStateRt.idl
[58.274s] -- Installing: /home/rokey/ros2_ws/install/dsr_msgs2/share/dsr_msgs2/msg/ServojRtStream.idl
[58.275s] -- Installing: /home/rokey/ros2_ws/install/dsr_msgs2/share/dsr_msgs2/msg/ServolRtStream.idl
[58.275s] -- Installing: /home/rokey/ros2_ws/install/dsr_msgs2/share/dsr_msgs2/msg/SpeedjRtStream.idl
[58.275s] -- Installing: /home/rokey/ros2_ws/install/dsr_msgs2/share/dsr_msgs2/msg/SpeedlRtStream.idl
[58.275s] -- Installing: /home/rokey/ros2_ws/install/dsr_msgs2/share/dsr_msgs2/msg/TorqueRtStream.idl
[58.276s] -- Installing: /home/rokey/ros2_ws/install/dsr_msgs2/share/dsr_msgs2/srv/SetRobotMode.idl
[58.276s] -- Installing: /home/rokey/ros2_ws/install/dsr_msgs2/share/dsr_msgs2/srv/GetRobotMode.idl
[58.276s] -- Installing: /home/rokey/ros2_ws/install/dsr_msgs2/share/dsr_msgs2/srv/SetRobotSystem.idl
[58.276s] -- Installing: /home/rokey/ros2_ws/install/dsr_msgs2/share/dsr_msgs2/srv/GetRobotSystem.idl
[58.276s] -- Installing: /home/rokey/ros2_ws/install/dsr_msgs2/share/dsr_msgs2/srv/SetRobotSpeedMode.idl
[58.277s] -- Installing: /home/rokey/ros2_ws/install/dsr_msgs2/share/dsr_msgs2/srv/GetRobotSpeedMode.idl
[58.277s] -- Installing: /home/rokey/ros2_ws/install/dsr_msgs2/share/dsr_msgs2/srv/GetCurrentPose.idl
[58.277s] -- Installing: /home/rokey/ros2_ws/install/dsr_msgs2/share/dsr_msgs2/srv/SetSafeStopResetType.idl
[58.278s] -- Installing: /home/rokey/ros2_ws/install/dsr_msgs2/share/dsr_msgs2/srv/GetLastAlarm.idl
[58.278s] -- Installing: /home/rokey/ros2_ws/install/dsr_msgs2/share/dsr_msgs2/srv/GetRobotState.idl
[58.278s] -- Installing: /home/rokey/ros2_ws/install/dsr_msgs2/share/dsr_msgs2/srv/ServoOff.idl
[58.278s] -- Installing: /home/rokey/ros2_ws/install/dsr_msgs2/share/dsr_msgs2/srv/SetRobotControl.idl
[58.278s] -- Installing: /home/rokey/ros2_ws/install/dsr_msgs2/share/dsr_msgs2/srv/ChangeCollisionSensitivity.idl
[58.279s] -- Installing: /home/rokey/ros2_ws/install/dsr_msgs2/share/dsr_msgs2/srv/SetSafetyMode.idl
[58.279s] -- Installing: /home/rokey/ros2_ws/install/dsr_msgs2/share/dsr_msgs2/srv/MoveJoint.idl
[58.279s] -- Installing: /home/rokey/ros2_ws/install/dsr_msgs2/share/dsr_msgs2/srv/MoveLine.idl
[58.279s] -- Installing: /home/rokey/ros2_ws/install/dsr_msgs2/share/dsr_msgs2/srv/MoveJointx.idl
[58.280s] -- Installing: /home/rokey/ros2_ws/install/dsr_msgs2/share/dsr_msgs2/srv/MoveCircle.idl
[58.280s] -- Installing: /home/rokey/ros2_ws/install/dsr_msgs2/share/dsr_msgs2/srv/MoveSplineJoint.idl
[58.280s] -- Installing: /home/rokey/ros2_ws/install/dsr_msgs2/share/dsr_msgs2/srv/MoveSplineTask.idl
[58.280s] -- Installing: /home/rokey/ros2_ws/install/dsr_msgs2/share/dsr_msgs2/srv/MoveBlending.idl
[58.280s] -- Installing: /home/rokey/ros2_ws/install/dsr_msgs2/share/dsr_msgs2/srv/MoveSpiral.idl
[58.280s] -- Installing: /home/rokey/ros2_ws/install/dsr_msgs2/share/dsr_msgs2/srv/MovePeriodic.idl
[58.281s] -- Installing: /home/rokey/ros2_ws/install/dsr_msgs2/share/dsr_msgs2/srv/MoveWait.idl
[58.281s] -- Installing: /home/rokey/ros2_ws/install/dsr_msgs2/share/dsr_msgs2/srv/Jog.idl
[58.281s] -- Installing: /home/rokey/ros2_ws/install/dsr_msgs2/share/dsr_msgs2/srv/JogMulti.idl
[58.281s] -- Installing: /home/rokey/ros2_ws/install/dsr_msgs2/share/dsr_msgs2/srv/MoveStop.idl
[58.281s] -- Installing: /home/rokey/ros2_ws/install/dsr_msgs2/share/dsr_msgs2/srv/MovePause.idl
[58.282s] -- Installing: /home/rokey/ros2_ws/install/dsr_msgs2/share/dsr_msgs2/srv/MoveResume.idl
[58.282s] -- Installing: /home/rokey/ros2_ws/install/dsr_msgs2/share/dsr_msgs2/srv/Trans.idl
[58.282s] -- Installing: /home/rokey/ros2_ws/install/dsr_msgs2/share/dsr_msgs2/srv/Fkin.idl
[58.282s] -- Installing: /home/rokey/ros2_ws/install/dsr_msgs2/share/dsr_msgs2/srv/Ikin.idl
[58.282s] -- Installing: /home/rokey/ros2_ws/install/dsr_msgs2/share/dsr_msgs2/srv/SetRefCoord.idl
[58.283s] -- Installing: /home/rokey/ros2_ws/install/dsr_msgs2/share/dsr_msgs2/srv/MoveHome.idl
[58.283s] -- Installing: /home/rokey/ros2_ws/install/dsr_msgs2/share/dsr_msgs2/srv/CheckMotion.idl
[58.283s] -- Installing: /home/rokey/ros2_ws/install/dsr_msgs2/share/dsr_msgs2/srv/ChangeOperationSpeed.idl
[58.283s] -- Installing: /home/rokey/ros2_ws/install/dsr_msgs2/share/dsr_msgs2/srv/EnableAlterMotion.idl
[58.283s] -- Installing: /home/rokey/ros2_ws/install/dsr_msgs2/share/dsr_msgs2/srv/AlterMotion.idl
[58.283s] -- Installing: /home/rokey/ros2_ws/install/dsr_msgs2/share/dsr_msgs2/srv/DisableAlterMotion.idl
[58.284s] -- Installing: /home/rokey/ros2_ws/install/dsr_msgs2/share/dsr_msgs2/srv/SetSingularityHandling.idl
[58.284s] -- Installing: /home/rokey/ros2_ws/install/dsr_msgs2/share/dsr_msgs2/srv/GetControlMode.idl
[58.284s] -- Installing: /home/rokey/ros2_ws/install/dsr_msgs2/share/dsr_msgs2/srv/GetControlSpace.idl
[58.284s] -- Installing: /home/rokey/ros2_ws/install/dsr_msgs2/share/dsr_msgs2/srv/GetCurrentPosj.idl
[58.284s] -- Installing: /home/rokey/ros2_ws/install/dsr_msgs2/share/dsr_msgs2/srv/GetDesiredPosj.idl
[58.284s] -- Installing: /home/rokey/ros2_ws/install/dsr_msgs2/share/dsr_msgs2/srv/GetCurrentVelj.idl
[58.285s] -- Installing: /home/rokey/ros2_ws/install/dsr_msgs2/share/dsr_msgs2/srv/GetDesiredVelj.idl
[58.285s] -- Installing: /home/rokey/ros2_ws/install/dsr_msgs2/share/dsr_msgs2/srv/GetCurrentPosx.idl
[58.285s] -- Installing: /home/rokey/ros2_ws/install/dsr_msgs2/share/dsr_msgs2/srv/GetCurrentToolFlangePosx.idl
[58.285s] -- Installing: /home/rokey/ros2_ws/install/dsr_msgs2/share/dsr_msgs2/srv/GetCurrentVelx.idl
[58.285s] -- Installing: /home/rokey/ros2_ws/install/dsr_msgs2/share/dsr_msgs2/srv/GetDesiredPosx.idl
[58.285s] -- Installing: /home/rokey/ros2_ws/install/dsr_msgs2/share/dsr_msgs2/srv/GetDesiredVelx.idl
[58.286s] -- Installing: /home/rokey/ros2_ws/install/dsr_msgs2/share/dsr_msgs2/srv/GetCurrentSolutionSpace.idl
[58.286s] -- Installing: /home/rokey/ros2_ws/install/dsr_msgs2/share/dsr_msgs2/srv/GetCurrentRotm.idl
[58.286s] -- Installing: /home/rokey/ros2_ws/install/dsr_msgs2/share/dsr_msgs2/srv/GetJointTorque.idl
[58.286s] -- Installing: /home/rokey/ros2_ws/install/dsr_msgs2/share/dsr_msgs2/srv/GetExternalTorque.idl
[58.286s] -- Installing: /home/rokey/ros2_ws/install/dsr_msgs2/share/dsr_msgs2/srv/GetToolForce.idl
[58.287s] -- Installing: /home/rokey/ros2_ws/install/dsr_msgs2/share/dsr_msgs2/srv/GetSolutionSpace.idl
[58.287s] -- Installing: /home/rokey/ros2_ws/install/dsr_msgs2/share/dsr_msgs2/srv/GetOrientationError.idl
[58.287s] -- Installing: /home/rokey/ros2_ws/install/dsr_msgs2/share/dsr_msgs2/srv/ParallelAxis1.idl
[58.287s] -- Installing: /home/rokey/ros2_ws/install/dsr_msgs2/share/dsr_msgs2/srv/ParallelAxis2.idl
[58.287s] -- Installing: /home/rokey/ros2_ws/install/dsr_msgs2/share/dsr_msgs2/srv/AlignAxis1.idl
[58.287s] -- Installing: /home/rokey/ros2_ws/install/dsr_msgs2/share/dsr_msgs2/srv/AlignAxis2.idl
[58.288s] -- Installing: /home/rokey/ros2_ws/install/dsr_msgs2/share/dsr_msgs2/srv/IsDoneBoltTightening.idl
[58.288s] -- Installing: /home/rokey/ros2_ws/install/dsr_msgs2/share/dsr_msgs2/srv/ReleaseComplianceCtrl.idl
[58.288s] -- Installing: /home/rokey/ros2_ws/install/dsr_msgs2/share/dsr_msgs2/srv/TaskComplianceCtrl.idl
[58.288s] -- Installing: /home/rokey/ros2_ws/install/dsr_msgs2/share/dsr_msgs2/srv/SetStiffnessx.idl
[58.288s] -- Installing: /home/rokey/ros2_ws/install/dsr_msgs2/share/dsr_msgs2/srv/CalcCoord.idl
[58.288s] -- Installing: /home/rokey/ros2_ws/install/dsr_msgs2/share/dsr_msgs2/srv/SetUserCartCoord1.idl
[58.289s] -- Installing: /home/rokey/ros2_ws/install/dsr_msgs2/share/dsr_msgs2/srv/SetUserCartCoord2.idl
[58.289s] -- Installing: /home/rokey/ros2_ws/install/dsr_msgs2/share/dsr_msgs2/srv/SetUserCartCoord3.idl
[58.289s] -- Installing: /home/rokey/ros2_ws/install/dsr_msgs2/share/dsr_msgs2/srv/OverwriteUserCartCoord.idl
[58.289s] -- Installing: /home/rokey/ros2_ws/install/dsr_msgs2/share/dsr_msgs2/srv/GetUserCartCoord.idl
[58.289s] -- Installing: /home/rokey/ros2_ws/install/dsr_msgs2/share/dsr_msgs2/srv/SetDesiredForce.idl
[58.289s] -- Installing: /home/rokey/ros2_ws/install/dsr_msgs2/share/dsr_msgs2/srv/ReleaseForce.idl
[58.290s] -- Installing: /home/rokey/ros2_ws/install/dsr_msgs2/share/dsr_msgs2/srv/CheckPositionCondition.idl
[58.290s] -- Installing: /home/rokey/ros2_ws/install/dsr_msgs2/share/dsr_msgs2/srv/CheckForceCondition.idl
[58.290s] -- Installing: /home/rokey/ros2_ws/install/dsr_msgs2/share/dsr_msgs2/srv/CheckOrientationCondition1.idl
[58.290s] -- Installing: /home/rokey/ros2_ws/install/dsr_msgs2/share/dsr_msgs2/srv/CheckOrientationCondition2.idl
[58.290s] -- Installing: /home/rokey/ros2_ws/install/dsr_msgs2/share/dsr_msgs2/srv/CoordTransform.idl
[58.290s] -- Installing: /home/rokey/ros2_ws/install/dsr_msgs2/share/dsr_msgs2/srv/GetWorkpieceWeight.idl
[58.291s] -- Installing: /home/rokey/ros2_ws/install/dsr_msgs2/share/dsr_msgs2/srv/ResetWorkpieceWeight.idl
[58.291s] -- Installing: /home/rokey/ros2_ws/install/dsr_msgs2/share/dsr_msgs2/srv/ConfigCreateTool.idl
[58.291s] -- Installing: /home/rokey/ros2_ws/install/dsr_msgs2/share/dsr_msgs2/srv/ConfigDeleteTool.idl
[58.291s] -- Installing: /home/rokey/ros2_ws/install/dsr_msgs2/share/dsr_msgs2/srv/SetCurrentTool.idl
[58.291s] -- Installing: /home/rokey/ros2_ws/install/dsr_msgs2/share/dsr_msgs2/srv/GetCurrentTool.idl
[58.291s] -- Installing: /home/rokey/ros2_ws/install/dsr_msgs2/share/dsr_msgs2/srv/SetToolShape.idl
[58.292s] -- Installing: /home/rokey/ros2_ws/install/dsr_msgs2/share/dsr_msgs2/srv/ConfigCreateTcp.idl
[58.292s] -- Installing: /home/rokey/ros2_ws/install/dsr_msgs2/share/dsr_msgs2/srv/ConfigDeleteTcp.idl
[58.292s] -- Installing: /home/rokey/ros2_ws/install/dsr_msgs2/share/dsr_msgs2/srv/SetCurrentTcp.idl
[58.292s] -- Installing: /home/rokey/ros2_ws/install/dsr_msgs2/share/dsr_msgs2/srv/GetCurrentTcp.idl
[58.292s] -- Installing: /home/rokey/ros2_ws/install/dsr_msgs2/share/dsr_msgs2/srv/SetToolDigitalOutput.idl
[58.292s] -- Installing: /home/rokey/ros2_ws/install/dsr_msgs2/share/dsr_msgs2/srv/GetToolDigitalOutput.idl
[58.293s] -- Installing: /home/rokey/ros2_ws/install/dsr_msgs2/share/dsr_msgs2/srv/GetToolDigitalInput.idl
[58.293s] -- Installing: /home/rokey/ros2_ws/install/dsr_msgs2/share/dsr_msgs2/srv/SetCtrlBoxDigitalOutput.idl
[58.293s] -- Installing: /home/rokey/ros2_ws/install/dsr_msgs2/share/dsr_msgs2/srv/GetCtrlBoxDigitalOutput.idl
[58.293s] -- Installing: /home/rokey/ros2_ws/install/dsr_msgs2/share/dsr_msgs2/srv/GetCtrlBoxDigitalInput.idl
[58.293s] -- Installing: /home/rokey/ros2_ws/install/dsr_msgs2/share/dsr_msgs2/srv/SetCtrlBoxAnalogInputType.idl
[58.294s] -- Installing: /home/rokey/ros2_ws/install/dsr_msgs2/share/dsr_msgs2/srv/SetCtrlBoxAnalogOutputType.idl
[58.294s] -- Installing: /home/rokey/ros2_ws/install/dsr_msgs2/share/dsr_msgs2/srv/SetCtrlBoxAnalogOutput.idl
[58.294s] -- Installing: /home/rokey/ros2_ws/install/dsr_msgs2/share/dsr_msgs2/srv/GetCtrlBoxAnalogInput.idl
[58.294s] -- Installing: /home/rokey/ros2_ws/install/dsr_msgs2/share/dsr_msgs2/srv/ConfigCreateModbus.idl
[58.294s] -- Installing: /home/rokey/ros2_ws/install/dsr_msgs2/share/dsr_msgs2/srv/ConfigDeleteModbus.idl
[58.294s] -- Installing: /home/rokey/ros2_ws/install/dsr_msgs2/share/dsr_msgs2/srv/SetModbusOutput.idl
[58.294s] -- Installing: /home/rokey/ros2_ws/install/dsr_msgs2/share/dsr_msgs2/srv/GetModbusInput.idl
[58.295s] -- Installing: /home/rokey/ros2_ws/install/dsr_msgs2/share/dsr_msgs2/srv/DrlStart.idl
[58.295s] -- Installing: /home/rokey/ros2_ws/install/dsr_msgs2/share/dsr_msgs2/srv/DrlStop.idl
[58.295s] -- Installing: /home/rokey/ros2_ws/install/dsr_msgs2/share/dsr_msgs2/srv/DrlPause.idl
[58.295s] -- Installing: /home/rokey/ros2_ws/install/dsr_msgs2/share/dsr_msgs2/srv/DrlResume.idl
[58.295s] -- Installing: /home/rokey/ros2_ws/install/dsr_msgs2/share/dsr_msgs2/srv/GetDrlState.idl
[58.296s] -- Installing: /home/rokey/ros2_ws/install/dsr_msgs2/share/dsr_msgs2/srv/Robotiq2FClose.idl
[58.296s] -- Installing: /home/rokey/ros2_ws/install/dsr_msgs2/share/dsr_msgs2/srv/Robotiq2FOpen.idl
[58.296s] -- Installing: /home/rokey/ros2_ws/install/dsr_msgs2/share/dsr_msgs2/srv/Robotiq2FMove.idl
[58.296s] -- Installing: /home/rokey/ros2_ws/install/dsr_msgs2/share/dsr_msgs2/srv/SerialSendData.idl
[58.296s] -- Installing: /home/rokey/ros2_ws/install/dsr_msgs2/share/dsr_msgs2/srv/ConnectRtControl.idl
[58.297s] -- Installing: /home/rokey/ros2_ws/install/dsr_msgs2/share/dsr_msgs2/srv/DisconnectRtControl.idl
[58.297s] -- Installing: /home/rokey/ros2_ws/install/dsr_msgs2/share/dsr_msgs2/srv/GetRtControlInputDataList.idl
[58.297s] -- Installing: /home/rokey/ros2_ws/install/dsr_msgs2/share/dsr_msgs2/srv/GetRtControlInputVersionList.idl
[58.297s] -- Installing: /home/rokey/ros2_ws/install/dsr_msgs2/share/dsr_msgs2/srv/GetRtControlOutputDataList.idl
[58.297s] -- Installing: /home/rokey/ros2_ws/install/dsr_msgs2/share/dsr_msgs2/srv/GetRtControlOutputVersionList.idl
[58.297s] -- Installing: /home/rokey/ros2_ws/install/dsr_msgs2/share/dsr_msgs2/srv/ReadDataRt.idl
[58.297s] -- Installing: /home/rokey/ros2_ws/install/dsr_msgs2/share/dsr_msgs2/srv/SetAccjRt.idl
[58.298s] -- Installing: /home/rokey/ros2_ws/install/dsr_msgs2/share/dsr_msgs2/srv/SetAccxRt.idl
[58.298s] -- Installing: /home/rokey/ros2_ws/install/dsr_msgs2/share/dsr_msgs2/srv/SetRtControlInput.idl
[58.298s] -- Installing: /home/rokey/ros2_ws/install/dsr_msgs2/share/dsr_msgs2/srv/SetRtControlOutput.idl
[58.298s] -- Installing: /home/rokey/ros2_ws/install/dsr_msgs2/share/dsr_msgs2/srv/SetVeljRt.idl
[58.298s] -- Installing: /home/rokey/ros2_ws/install/dsr_msgs2/share/dsr_msgs2/srv/SetVelxRt.idl
[58.299s] -- Installing: /home/rokey/ros2_ws/install/dsr_msgs2/share/dsr_msgs2/srv/StartRtControl.idl
[58.299s] -- Installing: /home/rokey/ros2_ws/install/dsr_msgs2/share/dsr_msgs2/srv/StopRtControl.idl
[58.299s] -- Installing: /home/rokey/ros2_ws/install/dsr_msgs2/share/dsr_msgs2/srv/WriteDataRt.idl
[58.299s] -- Installing: /home/rokey/ros2_ws/install/dsr_msgs2/share/dsr_msgs2/msg/LogAlarm.msg
[58.299s] -- Installing: /home/rokey/ros2_ws/install/dsr_msgs2/share/dsr_msgs2/msg/ModbusState.msg
[58.299s] -- Installing: /home/rokey/ros2_ws/install/dsr_msgs2/share/dsr_msgs2/msg/RobotError.msg
[58.300s] -- Installing: /home/rokey/ros2_ws/install/dsr_msgs2/share/dsr_msgs2/msg/RobotState.msg
[58.300s] -- Installing: /home/rokey/ros2_ws/install/dsr_msgs2/share/dsr_msgs2/msg/RobotStop.msg
[58.300s] -- Installing: /home/rokey/ros2_ws/install/dsr_msgs2/share/dsr_msgs2/msg/JogMultiAxis.msg
[58.300s] -- Installing: /home/rokey/ros2_ws/install/dsr_msgs2/share/dsr_msgs2/msg/AlterMotionStream.msg
[58.300s] -- Installing: /home/rokey/ros2_ws/install/dsr_msgs2/share/dsr_msgs2/msg/ServojStream.msg
[58.300s] -- Installing: /home/rokey/ros2_ws/install/dsr_msgs2/share/dsr_msgs2/msg/ServolStream.msg
[58.301s] -- Installing: /home/rokey/ros2_ws/install/dsr_msgs2/share/dsr_msgs2/msg/SpeedjStream.msg
[58.301s] -- Installing: /home/rokey/ros2_ws/install/dsr_msgs2/share/dsr_msgs2/msg/SpeedlStream.msg
[58.301s] -- Installing: /home/rokey/ros2_ws/install/dsr_msgs2/share/dsr_msgs2/msg/RobotStateRt.msg
[58.301s] -- Installing: /home/rokey/ros2_ws/install/dsr_msgs2/share/dsr_msgs2/msg/ServojRtStream.msg
[58.301s] -- Installing: /home/rokey/ros2_ws/install/dsr_msgs2/share/dsr_msgs2/msg/ServolRtStream.msg
[58.301s] -- Installing: /home/rokey/ros2_ws/install/dsr_msgs2/share/dsr_msgs2/msg/SpeedjRtStream.msg
[58.302s] -- Installing: /home/rokey/ros2_ws/install/dsr_msgs2/share/dsr_msgs2/msg/SpeedlRtStream.msg
[58.302s] -- Installing: /home/rokey/ros2_ws/install/dsr_msgs2/share/dsr_msgs2/msg/TorqueRtStream.msg
[58.302s] -- Installing: /home/rokey/ros2_ws/install/dsr_msgs2/share/dsr_msgs2/system/SetRobotMode.srv
[58.302s] -- Installing: /home/rokey/ros2_ws/install/dsr_msgs2/share/dsr_msgs2/system/SetRobotMode_Request.msg
[58.302s] -- Installing: /home/rokey/ros2_ws/install/dsr_msgs2/share/dsr_msgs2/system/SetRobotMode_Response.msg
[58.303s] -- Installing: /home/rokey/ros2_ws/install/dsr_msgs2/share/dsr_msgs2/system/GetRobotMode.srv
[58.303s] -- Installing: /home/rokey/ros2_ws/install/dsr_msgs2/share/dsr_msgs2/system/GetRobotMode_Request.msg
[58.303s] -- Installing: /home/rokey/ros2_ws/install/dsr_msgs2/share/dsr_msgs2/system/GetRobotMode_Response.msg
[58.303s] -- Installing: /home/rokey/ros2_ws/install/dsr_msgs2/share/dsr_msgs2/system/SetRobotSystem.srv
[58.303s] -- Installing: /home/rokey/ros2_ws/install/dsr_msgs2/share/dsr_msgs2/system/SetRobotSystem_Request.msg
[58.303s] -- Installing: /home/rokey/ros2_ws/install/dsr_msgs2/share/dsr_msgs2/system/SetRobotSystem_Response.msg
[58.303s] -- Installing: /home/rokey/ros2_ws/install/dsr_msgs2/share/dsr_msgs2/system/GetRobotSystem.srv
[58.304s] -- Installing: /home/rokey/ros2_ws/install/dsr_msgs2/share/dsr_msgs2/system/GetRobotSystem_Request.msg
[58.304s] -- Installing: /home/rokey/ros2_ws/install/dsr_msgs2/share/dsr_msgs2/system/GetRobotSystem_Response.msg
[58.304s] -- Installing: /home/rokey/ros2_ws/install/dsr_msgs2/share/dsr_msgs2/system/SetRobotSpeedMode.srv
[58.304s] -- Installing: /home/rokey/ros2_ws/install/dsr_msgs2/share/dsr_msgs2/system/SetRobotSpeedMode_Request.msg
[58.304s] -- Installing: /home/rokey/ros2_ws/install/dsr_msgs2/share/dsr_msgs2/system/SetRobotSpeedMode_Response.msg
[58.305s] -- Installing: /home/rokey/ros2_ws/install/dsr_msgs2/share/dsr_msgs2/system/GetRobotSpeedMode.srv
[58.305s] -- Installing: /home/rokey/ros2_ws/install/dsr_msgs2/share/dsr_msgs2/system/GetRobotSpeedMode_Request.msg
[58.305s] -- Installing: /home/rokey/ros2_ws/install/dsr_msgs2/share/dsr_msgs2/system/GetRobotSpeedMode_Response.msg
[58.305s] -- Installing: /home/rokey/ros2_ws/install/dsr_msgs2/share/dsr_msgs2/system/GetCurrentPose.srv
[58.305s] -- Installing: /home/rokey/ros2_ws/install/dsr_msgs2/share/dsr_msgs2/system/GetCurrentPose_Request.msg
[58.305s] -- Installing: /home/rokey/ros2_ws/install/dsr_msgs2/share/dsr_msgs2/system/GetCurrentPose_Response.msg
[58.306s] -- Installing: /home/rokey/ros2_ws/install/dsr_msgs2/share/dsr_msgs2/system/SetSafeStopResetType.srv
[58.306s] -- Installing: /home/rokey/ros2_ws/install/dsr_msgs2/share/dsr_msgs2/system/SetSafeStopResetType_Request.msg
[58.306s] -- Installing: /home/rokey/ros2_ws/install/dsr_msgs2/share/dsr_msgs2/system/SetSafeStopResetType_Response.msg
[58.306s] -- Installing: /home/rokey/ros2_ws/install/dsr_msgs2/share/dsr_msgs2/system/GetLastAlarm.srv
[58.306s] -- Installing: /home/rokey/ros2_ws/install/dsr_msgs2/share/dsr_msgs2/system/GetLastAlarm_Request.msg
[58.306s] -- Installing: /home/rokey/ros2_ws/install/dsr_msgs2/share/dsr_msgs2/system/GetLastAlarm_Response.msg
[58.307s] -- Installing: /home/rokey/ros2_ws/install/dsr_msgs2/share/dsr_msgs2/system/GetRobotState.srv
[58.307s] -- Installing: /home/rokey/ros2_ws/install/dsr_msgs2/share/dsr_msgs2/system/GetRobotState_Request.msg
[58.307s] -- Installing: /home/rokey/ros2_ws/install/dsr_msgs2/share/dsr_msgs2/system/GetRobotState_Response.msg
[58.307s] -- Installing: /home/rokey/ros2_ws/install/dsr_msgs2/share/dsr_msgs2/system/ServoOff.srv
[58.307s] -- Installing: /home/rokey/ros2_ws/install/dsr_msgs2/share/dsr_msgs2/system/ServoOff_Request.msg
[58.307s] -- Installing: /home/rokey/ros2_ws/install/dsr_msgs2/share/dsr_msgs2/system/ServoOff_Response.msg
[58.308s] -- Installing: /home/rokey/ros2_ws/install/dsr_msgs2/share/dsr_msgs2/system/SetRobotControl.srv
[58.308s] -- Installing: /home/rokey/ros2_ws/install/dsr_msgs2/share/dsr_msgs2/system/SetRobotControl_Request.msg
[58.308s] -- Installing: /home/rokey/ros2_ws/install/dsr_msgs2/share/dsr_msgs2/system/SetRobotControl_Response.msg
[58.308s] -- Installing: /home/rokey/ros2_ws/install/dsr_msgs2/share/dsr_msgs2/system/ChangeCollisionSensitivity.srv
[58.308s] -- Installing: /home/rokey/ros2_ws/install/dsr_msgs2/share/dsr_msgs2/system/ChangeCollisionSensitivity_Request.msg
[58.308s] -- Installing: /home/rokey/ros2_ws/install/dsr_msgs2/share/dsr_msgs2/system/ChangeCollisionSensitivity_Response.msg
[58.309s] -- Installing: /home/rokey/ros2_ws/install/dsr_msgs2/share/dsr_msgs2/system/SetSafetyMode.srv
[58.309s] -- Installing: /home/rokey/ros2_ws/install/dsr_msgs2/share/dsr_msgs2/system/SetSafetyMode_Request.msg
[58.309s] -- Installing: /home/rokey/ros2_ws/install/dsr_msgs2/share/dsr_msgs2/system/SetSafetyMode_Response.msg
[58.309s] -- Installing: /home/rokey/ros2_ws/install/dsr_msgs2/share/dsr_msgs2/motion/MoveJoint.srv
[58.309s] -- Installing: /home/rokey/ros2_ws/install/dsr_msgs2/share/dsr_msgs2/motion/MoveJoint_Request.msg
[58.310s] -- Installing: /home/rokey/ros2_ws/install/dsr_msgs2/share/dsr_msgs2/motion/MoveJoint_Response.msg
[58.310s] -- Installing: /home/rokey/ros2_ws/install/dsr_msgs2/share/dsr_msgs2/motion/MoveLine.srv
[58.310s] -- Installing: /home/rokey/ros2_ws/install/dsr_msgs2/share/dsr_msgs2/motion/MoveLine_Request.msg
[58.310s] -- Installing: /home/rokey/ros2_ws/install/dsr_msgs2/share/dsr_msgs2/motion/MoveLine_Response.msg
[58.310s] -- Installing: /home/rokey/ros2_ws/install/dsr_msgs2/share/dsr_msgs2/motion/MoveJointx.srv
[58.310s] -- Installing: /home/rokey/ros2_ws/install/dsr_msgs2/share/dsr_msgs2/motion/MoveJointx_Request.msg
[58.311s] -- Installing: /home/rokey/ros2_ws/install/dsr_msgs2/share/dsr_msgs2/motion/MoveJointx_Response.msg
[58.311s] -- Installing: /home/rokey/ros2_ws/install/dsr_msgs2/share/dsr_msgs2/motion/MoveCircle.srv
[58.311s] -- Installing: /home/rokey/ros2_ws/install/dsr_msgs2/share/dsr_msgs2/motion/MoveCircle_Request.msg
[58.311s] -- Installing: /home/rokey/ros2_ws/install/dsr_msgs2/share/dsr_msgs2/motion/MoveCircle_Response.msg
[58.311s] -- Installing: /home/rokey/ros2_ws/install/dsr_msgs2/share/dsr_msgs2/motion/MoveSplineJoint.srv
[58.311s] -- Installing: /home/rokey/ros2_ws/install/dsr_msgs2/share/dsr_msgs2/motion/MoveSplineJoint_Request.msg
[58.312s] -- Installing: /home/rokey/ros2_ws/install/dsr_msgs2/share/dsr_msgs2/motion/MoveSplineJoint_Response.msg
[58.312s] -- Installing: /home/rokey/ros2_ws/install/dsr_msgs2/share/dsr_msgs2/motion/MoveSplineTask.srv
[58.312s] -- Installing: /home/rokey/ros2_ws/install/dsr_msgs2/share/dsr_msgs2/motion/MoveSplineTask_Request.msg
[58.312s] -- Installing: /home/rokey/ros2_ws/install/dsr_msgs2/share/dsr_msgs2/motion/MoveSplineTask_Response.msg
[58.312s] -- Installing: /home/rokey/ros2_ws/install/dsr_msgs2/share/dsr_msgs2/motion/MoveBlending.srv
[58.312s] -- Installing: /home/rokey/ros2_ws/install/dsr_msgs2/share/dsr_msgs2/motion/MoveBlending_Request.msg
[58.313s] -- Installing: /home/rokey/ros2_ws/install/dsr_msgs2/share/dsr_msgs2/motion/MoveBlending_Response.msg
[58.313s] -- Installing: /home/rokey/ros2_ws/install/dsr_msgs2/share/dsr_msgs2/motion/MoveSpiral.srv
[58.313s] -- Installing: /home/rokey/ros2_ws/install/dsr_msgs2/share/dsr_msgs2/motion/MoveSpiral_Request.msg
[58.313s] -- Installing: /home/rokey/ros2_ws/install/dsr_msgs2/share/dsr_msgs2/motion/MoveSpiral_Response.msg
[58.313s] -- Installing: /home/rokey/ros2_ws/install/dsr_msgs2/share/dsr_msgs2/motion/MovePeriodic.srv
[58.314s] -- Installing: /home/rokey/ros2_ws/install/dsr_msgs2/share/dsr_msgs2/motion/MovePeriodic_Request.msg
[58.314s] -- Installing: /home/rokey/ros2_ws/install/dsr_msgs2/share/dsr_msgs2/motion/MovePeriodic_Response.msg
[58.314s] -- Installing: /home/rokey/ros2_ws/install/dsr_msgs2/share/dsr_msgs2/motion/MoveWait.srv
[58.314s] -- Installing: /home/rokey/ros2_ws/install/dsr_msgs2/share/dsr_msgs2/motion/MoveWait_Request.msg
[58.314s] -- Installing: /home/rokey/ros2_ws/install/dsr_msgs2/share/dsr_msgs2/motion/MoveWait_Response.msg
[58.314s] -- Installing: /home/rokey/ros2_ws/install/dsr_msgs2/share/dsr_msgs2/motion/Jog.srv
[58.315s] -- Installing: /home/rokey/ros2_ws/install/dsr_msgs2/share/dsr_msgs2/motion/Jog_Request.msg
[58.315s] -- Installing: /home/rokey/ros2_ws/install/dsr_msgs2/share/dsr_msgs2/motion/Jog_Response.msg
[58.315s] -- Installing: /home/rokey/ros2_ws/install/dsr_msgs2/share/dsr_msgs2/motion/JogMulti.srv
[58.315s] -- Installing: /home/rokey/ros2_ws/install/dsr_msgs2/share/dsr_msgs2/motion/JogMulti_Request.msg
[58.315s] -- Installing: /home/rokey/ros2_ws/install/dsr_msgs2/share/dsr_msgs2/motion/JogMulti_Response.msg
[58.315s] -- Installing: /home/rokey/ros2_ws/install/dsr_msgs2/share/dsr_msgs2/motion/MoveStop.srv
[58.316s] -- Installing: /home/rokey/ros2_ws/install/dsr_msgs2/share/dsr_msgs2/motion/MoveStop_Request.msg
[58.316s] -- Installing: /home/rokey/ros2_ws/install/dsr_msgs2/share/dsr_msgs2/motion/MoveStop_Response.msg
[58.316s] -- Installing: /home/rokey/ros2_ws/install/dsr_msgs2/share/dsr_msgs2/motion/MovePause.srv
[58.316s] -- Installing: /home/rokey/ros2_ws/install/dsr_msgs2/share/dsr_msgs2/motion/MovePause_Request.msg
[58.316s] -- Installing: /home/rokey/ros2_ws/install/dsr_msgs2/share/dsr_msgs2/motion/MovePause_Response.msg
[58.316s] -- Installing: /home/rokey/ros2_ws/install/dsr_msgs2/share/dsr_msgs2/motion/MoveResume.srv
[58.317s] -- Installing: /home/rokey/ros2_ws/install/dsr_msgs2/share/dsr_msgs2/motion/MoveResume_Request.msg
[58.317s] -- Installing: /home/rokey/ros2_ws/install/dsr_msgs2/share/dsr_msgs2/motion/MoveResume_Response.msg
[58.317s] -- Installing: /home/rokey/ros2_ws/install/dsr_msgs2/share/dsr_msgs2/motion/Trans.srv
[58.317s] -- Installing: /home/rokey/ros2_ws/install/dsr_msgs2/share/dsr_msgs2/motion/Trans_Request.msg
[58.317s] -- Installing: /home/rokey/ros2_ws/install/dsr_msgs2/share/dsr_msgs2/motion/Trans_Response.msg
[58.318s] -- Installing: /home/rokey/ros2_ws/install/dsr_msgs2/share/dsr_msgs2/motion/Fkin.srv
[58.318s] -- Installing: /home/rokey/ros2_ws/install/dsr_msgs2/share/dsr_msgs2/motion/Fkin_Request.msg
[58.318s] -- Installing: /home/rokey/ros2_ws/install/dsr_msgs2/share/dsr_msgs2/motion/Fkin_Response.msg
[58.318s] -- Installing: /home/rokey/ros2_ws/install/dsr_msgs2/share/dsr_msgs2/motion/Ikin.srv
[58.318s] -- Installing: /home/rokey/ros2_ws/install/dsr_msgs2/share/dsr_msgs2/motion/Ikin_Request.msg
[58.318s] -- Installing: /home/rokey/ros2_ws/install/dsr_msgs2/share/dsr_msgs2/motion/Ikin_Response.msg
[58.319s] -- Installing: /home/rokey/ros2_ws/install/dsr_msgs2/share/dsr_msgs2/motion/SetRefCoord.srv
[58.319s] -- Installing: /home/rokey/ros2_ws/install/dsr_msgs2/share/dsr_msgs2/motion/SetRefCoord_Request.msg
[58.319s] -- Installing: /home/rokey/ros2_ws/install/dsr_msgs2/share/dsr_msgs2/motion/SetRefCoord_Response.msg
[58.319s] -- Installing: /home/rokey/ros2_ws/install/dsr_msgs2/share/dsr_msgs2/motion/MoveHome.srv
[58.319s] -- Installing: /home/rokey/ros2_ws/install/dsr_msgs2/share/dsr_msgs2/motion/MoveHome_Request.msg
[58.319s] -- Installing: /home/rokey/ros2_ws/install/dsr_msgs2/share/dsr_msgs2/motion/MoveHome_Response.msg
[58.320s] -- Installing: /home/rokey/ros2_ws/install/dsr_msgs2/share/dsr_msgs2/motion/CheckMotion.srv
[58.320s] -- Installing: /home/rokey/ros2_ws/install/dsr_msgs2/share/dsr_msgs2/motion/CheckMotion_Request.msg
[58.320s] -- Installing: /home/rokey/ros2_ws/install/dsr_msgs2/share/dsr_msgs2/motion/CheckMotion_Response.msg
[58.320s] -- Installing: /home/rokey/ros2_ws/install/dsr_msgs2/share/dsr_msgs2/motion/ChangeOperationSpeed.srv
[58.320s] -- Installing: /home/rokey/ros2_ws/install/dsr_msgs2/share/dsr_msgs2/motion/ChangeOperationSpeed_Request.msg
[58.321s] -- Installing: /home/rokey/ros2_ws/install/dsr_msgs2/share/dsr_msgs2/motion/ChangeOperationSpeed_Response.msg
[58.321s] -- Installing: /home/rokey/ros2_ws/install/dsr_msgs2/share/dsr_msgs2/motion/EnableAlterMotion.srv
[58.321s] -- Installing: /home/rokey/ros2_ws/install/dsr_msgs2/share/dsr_msgs2/motion/EnableAlterMotion_Request.msg
[58.321s] -- Installing: /home/rokey/ros2_ws/install/dsr_msgs2/share/dsr_msgs2/motion/EnableAlterMotion_Response.msg
[58.321s] -- Installing: /home/rokey/ros2_ws/install/dsr_msgs2/share/dsr_msgs2/motion/AlterMotion.srv
[58.321s] -- Installing: /home/rokey/ros2_ws/install/dsr_msgs2/share/dsr_msgs2/motion/AlterMotion_Request.msg
[58.322s] -- Installing: /home/rokey/ros2_ws/install/dsr_msgs2/share/dsr_msgs2/motion/AlterMotion_Response.msg
[58.322s] -- Installing: /home/rokey/ros2_ws/install/dsr_msgs2/share/dsr_msgs2/motion/DisableAlterMotion.srv
[58.322s] -- Installing: /home/rokey/ros2_ws/install/dsr_msgs2/share/dsr_msgs2/motion/DisableAlterMotion_Request.msg
[58.322s] -- Installing: /home/rokey/ros2_ws/install/dsr_msgs2/share/dsr_msgs2/motion/DisableAlterMotion_Response.msg
[58.322s] -- Installing: /home/rokey/ros2_ws/install/dsr_msgs2/share/dsr_msgs2/motion/SetSingularityHandling.srv
[58.322s] -- Installing: /home/rokey/ros2_ws/install/dsr_msgs2/share/dsr_msgs2/motion/SetSingularityHandling_Request.msg
[58.323s] -- Installing: /home/rokey/ros2_ws/install/dsr_msgs2/share/dsr_msgs2/motion/SetSingularityHandling_Response.msg
[58.323s] -- Installing: /home/rokey/ros2_ws/install/dsr_msgs2/share/dsr_msgs2/aux_control/GetControlMode.srv
[58.323s] -- Installing: /home/rokey/ros2_ws/install/dsr_msgs2/share/dsr_msgs2/aux_control/GetControlMode_Request.msg
[58.323s] -- Installing: /home/rokey/ros2_ws/install/dsr_msgs2/share/dsr_msgs2/aux_control/GetControlMode_Response.msg
[58.323s] -- Installing: /home/rokey/ros2_ws/install/dsr_msgs2/share/dsr_msgs2/aux_control/GetControlSpace.srv
[58.323s] -- Installing: /home/rokey/ros2_ws/install/dsr_msgs2/share/dsr_msgs2/aux_control/GetControlSpace_Request.msg
[58.324s] -- Installing: /home/rokey/ros2_ws/install/dsr_msgs2/share/dsr_msgs2/aux_control/GetControlSpace_Response.msg
[58.324s] -- Installing: /home/rokey/ros2_ws/install/dsr_msgs2/share/dsr_msgs2/aux_control/GetCurrentPosj.srv
[58.324s] -- Installing: /home/rokey/ros2_ws/install/dsr_msgs2/share/dsr_msgs2/aux_control/GetCurrentPosj_Request.msg
[58.324s] -- Installing: /home/rokey/ros2_ws/install/dsr_msgs2/share/dsr_msgs2/aux_control/GetCurrentPosj_Response.msg
[58.324s] -- Installing: /home/rokey/ros2_ws/install/dsr_msgs2/share/dsr_msgs2/aux_control/GetDesiredPosj.srv
[58.324s] -- Installing: /home/rokey/ros2_ws/install/dsr_msgs2/share/dsr_msgs2/aux_control/GetDesiredPosj_Request.msg
[58.325s] -- Installing: /home/rokey/ros2_ws/install/dsr_msgs2/share/dsr_msgs2/aux_control/GetDesiredPosj_Response.msg
[58.325s] -- Installing: /home/rokey/ros2_ws/install/dsr_msgs2/share/dsr_msgs2/aux_control/GetCurrentVelj.srv
[58.325s] -- Installing: /home/rokey/ros2_ws/install/dsr_msgs2/share/dsr_msgs2/aux_control/GetCurrentVelj_Request.msg
[58.325s] -- Installing: /home/rokey/ros2_ws/install/dsr_msgs2/share/dsr_msgs2/aux_control/GetCurrentVelj_Response.msg
[58.325s] -- Installing: /home/rokey/ros2_ws/install/dsr_msgs2/share/dsr_msgs2/aux_control/GetDesiredVelj.srv
[58.326s] -- Installing: /home/rokey/ros2_ws/install/dsr_msgs2/share/dsr_msgs2/aux_control/GetDesiredVelj_Request.msg
[58.326s] -- Installing: /home/rokey/ros2_ws/install/dsr_msgs2/share/dsr_msgs2/aux_control/GetDesiredVelj_Response.msg
[58.326s] -- Installing: /home/rokey/ros2_ws/install/dsr_msgs2/share/dsr_msgs2/aux_control/GetCurrentPosx.srv
[58.326s] -- Installing: /home/rokey/ros2_ws/install/dsr_msgs2/share/dsr_msgs2/aux_control/GetCurrentPosx_Request.msg
[58.326s] -- Installing: /home/rokey/ros2_ws/install/dsr_msgs2/share/dsr_msgs2/aux_control/GetCurrentPosx_Response.msg
[58.326s] -- Installing: /home/rokey/ros2_ws/install/dsr_msgs2/share/dsr_msgs2/aux_control/GetCurrentToolFlangePosx.srv
[58.327s] -- Installing: /home/rokey/ros2_ws/install/dsr_msgs2/share/dsr_msgs2/aux_control/GetCurrentToolFlangePosx_Request.msg
[58.327s] -- Installing: /home/rokey/ros2_ws/install/dsr_msgs2/share/dsr_msgs2/aux_control/GetCurrentToolFlangePosx_Response.msg
[58.327s] -- Installing: /home/rokey/ros2_ws/install/dsr_msgs2/share/dsr_msgs2/aux_control/GetCurrentVelx.srv
[58.327s] -- Installing: /home/rokey/ros2_ws/install/dsr_msgs2/share/dsr_msgs2/aux_control/GetCurrentVelx_Request.msg
[58.327s] -- Installing: /home/rokey/ros2_ws/install/dsr_msgs2/share/dsr_msgs2/aux_control/GetCurrentVelx_Response.msg
[58.328s] -- Installing: /home/rokey/ros2_ws/install/dsr_msgs2/share/dsr_msgs2/aux_control/GetDesiredPosx.srv
[58.328s] -- Installing: /home/rokey/ros2_ws/install/dsr_msgs2/share/dsr_msgs2/aux_control/GetDesiredPosx_Request.msg
[58.328s] -- Installing: /home/rokey/ros2_ws/install/dsr_msgs2/share/dsr_msgs2/aux_control/GetDesiredPosx_Response.msg
[58.328s] -- Installing: /home/rokey/ros2_ws/install/dsr_msgs2/share/dsr_msgs2/aux_control/GetDesiredVelx.srv
[58.328s] -- Installing: /home/rokey/ros2_ws/install/dsr_msgs2/share/dsr_msgs2/aux_control/GetDesiredVelx_Request.msg
[58.328s] -- Installing: /home/rokey/ros2_ws/install/dsr_msgs2/share/dsr_msgs2/aux_control/GetDesiredVelx_Response.msg
[58.329s] -- Installing: /home/rokey/ros2_ws/install/dsr_msgs2/share/dsr_msgs2/aux_control/GetCurrentSolutionSpace.srv
[58.329s] -- Installing: /home/rokey/ros2_ws/install/dsr_msgs2/share/dsr_msgs2/aux_control/GetCurrentSolutionSpace_Request.msg
[58.329s] -- Installing: /home/rokey/ros2_ws/install/dsr_msgs2/share/dsr_msgs2/aux_control/GetCurrentSolutionSpace_Response.msg
[58.329s] -- Installing: /home/rokey/ros2_ws/install/dsr_msgs2/share/dsr_msgs2/aux_control/GetCurrentRotm.srv
[58.329s] -- Installing: /home/rokey/ros2_ws/install/dsr_msgs2/share/dsr_msgs2/aux_control/GetCurrentRotm_Request.msg
[58.329s] -- Installing: /home/rokey/ros2_ws/install/dsr_msgs2/share/dsr_msgs2/aux_control/GetCurrentRotm_Response.msg
[58.330s] -- Installing: /home/rokey/ros2_ws/install/dsr_msgs2/share/dsr_msgs2/aux_control/GetJointTorque.srv
[58.330s] -- Installing: /home/rokey/ros2_ws/install/dsr_msgs2/share/dsr_msgs2/aux_control/GetJointTorque_Request.msg
[58.330s] -- Installing: /home/rokey/ros2_ws/install/dsr_msgs2/share/dsr_msgs2/aux_control/GetJointTorque_Response.msg
[58.330s] -- Installing: /home/rokey/ros2_ws/install/dsr_msgs2/share/dsr_msgs2/aux_control/GetExternalTorque.srv
[58.330s] -- Installing: /home/rokey/ros2_ws/install/dsr_msgs2/share/dsr_msgs2/aux_control/GetExternalTorque_Request.msg
[58.331s] -- Installing: /home/rokey/ros2_ws/install/dsr_msgs2/share/dsr_msgs2/aux_control/GetExternalTorque_Response.msg
[58.331s] -- Installing: /home/rokey/ros2_ws/install/dsr_msgs2/share/dsr_msgs2/aux_control/GetToolForce.srv
[58.331s] -- Installing: /home/rokey/ros2_ws/install/dsr_msgs2/share/dsr_msgs2/aux_control/GetToolForce_Request.msg
[58.331s] -- Installing: /home/rokey/ros2_ws/install/dsr_msgs2/share/dsr_msgs2/aux_control/GetToolForce_Response.msg
[58.331s] -- Installing: /home/rokey/ros2_ws/install/dsr_msgs2/share/dsr_msgs2/aux_control/GetSolutionSpace.srv
[58.331s] -- Installing: /home/rokey/ros2_ws/install/dsr_msgs2/share/dsr_msgs2/aux_control/GetSolutionSpace_Request.msg
[58.332s] -- Installing: /home/rokey/ros2_ws/install/dsr_msgs2/share/dsr_msgs2/aux_control/GetSolutionSpace_Response.msg
[58.332s] -- Installing: /home/rokey/ros2_ws/install/dsr_msgs2/share/dsr_msgs2/aux_control/GetOrientationError.srv
[58.332s] -- Installing: /home/rokey/ros2_ws/install/dsr_msgs2/share/dsr_msgs2/aux_control/GetOrientationError_Request.msg
[58.332s] -- Installing: /home/rokey/ros2_ws/install/dsr_msgs2/share/dsr_msgs2/aux_control/GetOrientationError_Response.msg
[58.332s] -- Installing: /home/rokey/ros2_ws/install/dsr_msgs2/share/dsr_msgs2/force/ParallelAxis1.srv
[58.332s] -- Installing: /home/rokey/ros2_ws/install/dsr_msgs2/share/dsr_msgs2/force/ParallelAxis1_Request.msg
[58.333s] -- Installing: /home/rokey/ros2_ws/install/dsr_msgs2/share/dsr_msgs2/force/ParallelAxis1_Response.msg
[58.333s] -- Installing: /home/rokey/ros2_ws/install/dsr_msgs2/share/dsr_msgs2/force/ParallelAxis2.srv
[58.333s] -- Installing: /home/rokey/ros2_ws/install/dsr_msgs2/share/dsr_msgs2/force/ParallelAxis2_Request.msg
[58.333s] -- Installing: /home/rokey/ros2_ws/install/dsr_msgs2/share/dsr_msgs2/force/ParallelAxis2_Response.msg
[58.333s] -- Installing: /home/rokey/ros2_ws/install/dsr_msgs2/share/dsr_msgs2/force/AlignAxis1.srv
[58.334s] -- Installing: /home/rokey/ros2_ws/install/dsr_msgs2/share/dsr_msgs2/force/AlignAxis1_Request.msg
[58.334s] -- Installing: /home/rokey/ros2_ws/install/dsr_msgs2/share/dsr_msgs2/force/AlignAxis1_Response.msg
[58.334s] -- Installing: /home/rokey/ros2_ws/install/dsr_msgs2/share/dsr_msgs2/force/AlignAxis2.srv
[58.334s] -- Installing: /home/rokey/ros2_ws/install/dsr_msgs2/share/dsr_msgs2/force/AlignAxis2_Request.msg
[58.334s] -- Installing: /home/rokey/ros2_ws/install/dsr_msgs2/share/dsr_msgs2/force/AlignAxis2_Response.msg
[58.334s] -- Installing: /home/rokey/ros2_ws/install/dsr_msgs2/share/dsr_msgs2/force/IsDoneBoltTightening.srv
[58.335s] -- Installing: /home/rokey/ros2_ws/install/dsr_msgs2/share/dsr_msgs2/force/IsDoneBoltTightening_Request.msg
[58.335s] -- Installing: /home/rokey/ros2_ws/install/dsr_msgs2/share/dsr_msgs2/force/IsDoneBoltTightening_Response.msg
[58.335s] -- Installing: /home/rokey/ros2_ws/install/dsr_msgs2/share/dsr_msgs2/force/ReleaseComplianceCtrl.srv
[58.335s] -- Installing: /home/rokey/ros2_ws/install/dsr_msgs2/share/dsr_msgs2/force/ReleaseComplianceCtrl_Request.msg
[58.335s] -- Installing: /home/rokey/ros2_ws/install/dsr_msgs2/share/dsr_msgs2/force/ReleaseComplianceCtrl_Response.msg
[58.335s] -- Installing: /home/rokey/ros2_ws/install/dsr_msgs2/share/dsr_msgs2/force/TaskComplianceCtrl.srv
[58.336s] -- Installing: /home/rokey/ros2_ws/install/dsr_msgs2/share/dsr_msgs2/force/TaskComplianceCtrl_Request.msg
[58.336s] -- Installing: /home/rokey/ros2_ws/install/dsr_msgs2/share/dsr_msgs2/force/TaskComplianceCtrl_Response.msg
[58.336s] -- Installing: /home/rokey/ros2_ws/install/dsr_msgs2/share/dsr_msgs2/force/SetStiffnessx.srv
[58.336s] -- Installing: /home/rokey/ros2_ws/install/dsr_msgs2/share/dsr_msgs2/force/SetStiffnessx_Request.msg
[58.336s] -- Installing: /home/rokey/ros2_ws/install/dsr_msgs2/share/dsr_msgs2/force/SetStiffnessx_Response.msg
[58.336s] -- Installing: /home/rokey/ros2_ws/install/dsr_msgs2/share/dsr_msgs2/force/CalcCoord.srv
[58.337s] -- Installing: /home/rokey/ros2_ws/install/dsr_msgs2/share/dsr_msgs2/force/CalcCoord_Request.msg
[58.337s] -- Installing: /home/rokey/ros2_ws/install/dsr_msgs2/share/dsr_msgs2/force/CalcCoord_Response.msg
[58.337s] -- Installing: /home/rokey/ros2_ws/install/dsr_msgs2/share/dsr_msgs2/force/SetUserCartCoord1.srv
[58.337s] -- Installing: /home/rokey/ros2_ws/install/dsr_msgs2/share/dsr_msgs2/force/SetUserCartCoord1_Request.msg
[58.337s] -- Installing: /home/rokey/ros2_ws/install/dsr_msgs2/share/dsr_msgs2/force/SetUserCartCoord1_Response.msg
[58.338s] -- Installing: /home/rokey/ros2_ws/install/dsr_msgs2/share/dsr_msgs2/force/SetUserCartCoord2.srv
[58.338s] -- Installing: /home/rokey/ros2_ws/install/dsr_msgs2/share/dsr_msgs2/force/SetUserCartCoord2_Request.msg
[58.338s] -- Installing: /home/rokey/ros2_ws/install/dsr_msgs2/share/dsr_msgs2/force/SetUserCartCoord2_Response.msg
[58.338s] -- Installing: /home/rokey/ros2_ws/install/dsr_msgs2/share/dsr_msgs2/force/SetUserCartCoord3.srv
[58.338s] -- Installing: /home/rokey/ros2_ws/install/dsr_msgs2/share/dsr_msgs2/force/SetUserCartCoord3_Request.msg
[58.338s] -- Installing: /home/rokey/ros2_ws/install/dsr_msgs2/share/dsr_msgs2/force/SetUserCartCoord3_Response.msg
[58.339s] -- Installing: /home/rokey/ros2_ws/install/dsr_msgs2/share/dsr_msgs2/force/OverwriteUserCartCoord.srv
[58.339s] -- Installing: /home/rokey/ros2_ws/install/dsr_msgs2/share/dsr_msgs2/force/OverwriteUserCartCoord_Request.msg
[58.339s] -- Installing: /home/rokey/ros2_ws/install/dsr_msgs2/share/dsr_msgs2/force/OverwriteUserCartCoord_Response.msg
[58.339s] -- Installing: /home/rokey/ros2_ws/install/dsr_msgs2/share/dsr_msgs2/force/GetUserCartCoord.srv
[58.339s] -- Installing: /home/rokey/ros2_ws/install/dsr_msgs2/share/dsr_msgs2/force/GetUserCartCoord_Request.msg
[58.340s] -- Installing: /home/rokey/ros2_ws/install/dsr_msgs2/share/dsr_msgs2/force/GetUserCartCoord_Response.msg
[58.340s] -- Installing: /home/rokey/ros2_ws/install/dsr_msgs2/share/dsr_msgs2/force/SetDesiredForce.srv
[58.340s] -- Installing: /home/rokey/ros2_ws/install/dsr_msgs2/share/dsr_msgs2/force/SetDesiredForce_Request.msg
[58.340s] -- Installing: /home/rokey/ros2_ws/install/dsr_msgs2/share/dsr_msgs2/force/SetDesiredForce_Response.msg
[58.340s] -- Installing: /home/rokey/ros2_ws/install/dsr_msgs2/share/dsr_msgs2/force/ReleaseForce.srv
[58.340s] -- Installing: /home/rokey/ros2_ws/install/dsr_msgs2/share/dsr_msgs2/force/ReleaseForce_Request.msg
[58.341s] -- Installing: /home/rokey/ros2_ws/install/dsr_msgs2/share/dsr_msgs2/force/ReleaseForce_Response.msg
[58.341s] -- Installing: /home/rokey/ros2_ws/install/dsr_msgs2/share/dsr_msgs2/force/CheckPositionCondition.srv
[58.341s] -- Installing: /home/rokey/ros2_ws/install/dsr_msgs2/share/dsr_msgs2/force/CheckPositionCondition_Request.msg
[58.341s] -- Installing: /home/rokey/ros2_ws/install/dsr_msgs2/share/dsr_msgs2/force/CheckPositionCondition_Response.msg
[58.341s] -- Installing: /home/rokey/ros2_ws/install/dsr_msgs2/share/dsr_msgs2/force/CheckForceCondition.srv
[58.342s] -- Installing: /home/rokey/ros2_ws/install/dsr_msgs2/share/dsr_msgs2/force/CheckForceCondition_Request.msg
[58.342s] -- Installing: /home/rokey/ros2_ws/install/dsr_msgs2/share/dsr_msgs2/force/CheckForceCondition_Response.msg
[58.342s] -- Installing: /home/rokey/ros2_ws/install/dsr_msgs2/share/dsr_msgs2/force/CheckOrientationCondition1.srv
[58.342s] -- Installing: /home/rokey/ros2_ws/install/dsr_msgs2/share/dsr_msgs2/force/CheckOrientationCondition1_Request.msg
[58.342s] -- Installing: /home/rokey/ros2_ws/install/dsr_msgs2/share/dsr_msgs2/force/CheckOrientationCondition1_Response.msg
[58.342s] -- Installing: /home/rokey/ros2_ws/install/dsr_msgs2/share/dsr_msgs2/force/CheckOrientationCondition2.srv
[58.343s] -- Installing: /home/rokey/ros2_ws/install/dsr_msgs2/share/dsr_msgs2/force/CheckOrientationCondition2_Request.msg
[58.343s] -- Installing: /home/rokey/ros2_ws/install/dsr_msgs2/share/dsr_msgs2/force/CheckOrientationCondition2_Response.msg
[58.343s] -- Installing: /home/rokey/ros2_ws/install/dsr_msgs2/share/dsr_msgs2/force/CoordTransform.srv
[58.343s] -- Installing: /home/rokey/ros2_ws/install/dsr_msgs2/share/dsr_msgs2/force/CoordTransform_Request.msg
[58.343s] -- Installing: /home/rokey/ros2_ws/install/dsr_msgs2/share/dsr_msgs2/force/CoordTransform_Response.msg
[58.343s] -- Installing: /home/rokey/ros2_ws/install/dsr_msgs2/share/dsr_msgs2/force/GetWorkpieceWeight.srv
[58.344s] -- Installing: /home/rokey/ros2_ws/install/dsr_msgs2/share/dsr_msgs2/force/GetWorkpieceWeight_Request.msg
[58.344s] -- Installing: /home/rokey/ros2_ws/install/dsr_msgs2/share/dsr_msgs2/force/GetWorkpieceWeight_Response.msg
[58.344s] -- Installing: /home/rokey/ros2_ws/install/dsr_msgs2/share/dsr_msgs2/force/ResetWorkpieceWeight.srv
[58.344s] -- Installing: /home/rokey/ros2_ws/install/dsr_msgs2/share/dsr_msgs2/force/ResetWorkpieceWeight_Request.msg
[58.344s] -- Installing: /home/rokey/ros2_ws/install/dsr_msgs2/share/dsr_msgs2/force/ResetWorkpieceWeight_Response.msg
[58.345s] -- Installing: /home/rokey/ros2_ws/install/dsr_msgs2/share/dsr_msgs2/tool/ConfigCreateTool.srv
[58.345s] -- Installing: /home/rokey/ros2_ws/install/dsr_msgs2/share/dsr_msgs2/tool/ConfigCreateTool_Request.msg
[58.345s] -- Installing: /home/rokey/ros2_ws/install/dsr_msgs2/share/dsr_msgs2/tool/ConfigCreateTool_Response.msg
[58.345s] -- Installing: /home/rokey/ros2_ws/install/dsr_msgs2/share/dsr_msgs2/tool/ConfigDeleteTool.srv
[58.345s] -- Installing: /home/rokey/ros2_ws/install/dsr_msgs2/share/dsr_msgs2/tool/ConfigDeleteTool_Request.msg
[58.346s] -- Installing: /home/rokey/ros2_ws/install/dsr_msgs2/share/dsr_msgs2/tool/ConfigDeleteTool_Response.msg
[58.346s] -- Installing: /home/rokey/ros2_ws/install/dsr_msgs2/share/dsr_msgs2/tool/SetCurrentTool.srv
[58.346s] -- Installing: /home/rokey/ros2_ws/install/dsr_msgs2/share/dsr_msgs2/tool/SetCurrentTool_Request.msg
[58.346s] -- Installing: /home/rokey/ros2_ws/install/dsr_msgs2/share/dsr_msgs2/tool/SetCurrentTool_Response.msg
[58.346s] -- Installing: /home/rokey/ros2_ws/install/dsr_msgs2/share/dsr_msgs2/tool/GetCurrentTool.srv
[58.346s] -- Installing: /home/rokey/ros2_ws/install/dsr_msgs2/share/dsr_msgs2/tool/GetCurrentTool_Request.msg
[58.347s] -- Installing: /home/rokey/ros2_ws/install/dsr_msgs2/share/dsr_msgs2/tool/GetCurrentTool_Response.msg
[58.347s] -- Installing: /home/rokey/ros2_ws/install/dsr_msgs2/share/dsr_msgs2/tool/SetToolShape.srv
[58.347s] -- Installing: /home/rokey/ros2_ws/install/dsr_msgs2/share/dsr_msgs2/tool/SetToolShape_Request.msg
[58.347s] -- Installing: /home/rokey/ros2_ws/install/dsr_msgs2/share/dsr_msgs2/tool/SetToolShape_Response.msg
[58.347s] -- Installing: /home/rokey/ros2_ws/install/dsr_msgs2/share/dsr_msgs2/tcp/ConfigCreateTcp.srv
[58.348s] -- Installing: /home/rokey/ros2_ws/install/dsr_msgs2/share/dsr_msgs2/tcp/ConfigCreateTcp_Request.msg
[58.348s] -- Installing: /home/rokey/ros2_ws/install/dsr_msgs2/share/dsr_msgs2/tcp/ConfigCreateTcp_Response.msg
[58.348s] -- Installing: /home/rokey/ros2_ws/install/dsr_msgs2/share/dsr_msgs2/tcp/ConfigDeleteTcp.srv
[58.348s] -- Installing: /home/rokey/ros2_ws/install/dsr_msgs2/share/dsr_msgs2/tcp/ConfigDeleteTcp_Request.msg
[58.348s] -- Installing: /home/rokey/ros2_ws/install/dsr_msgs2/share/dsr_msgs2/tcp/ConfigDeleteTcp_Response.msg
[58.348s] -- Installing: /home/rokey/ros2_ws/install/dsr_msgs2/share/dsr_msgs2/tcp/SetCurrentTcp.srv
[58.349s] -- Installing: /home/rokey/ros2_ws/install/dsr_msgs2/share/dsr_msgs2/tcp/SetCurrentTcp_Request.msg
[58.349s] -- Installing: /home/rokey/ros2_ws/install/dsr_msgs2/share/dsr_msgs2/tcp/SetCurrentTcp_Response.msg
[58.349s] -- Installing: /home/rokey/ros2_ws/install/dsr_msgs2/share/dsr_msgs2/tcp/GetCurrentTcp.srv
[58.349s] -- Installing: /home/rokey/ros2_ws/install/dsr_msgs2/share/dsr_msgs2/tcp/GetCurrentTcp_Request.msg
[58.349s] -- Installing: /home/rokey/ros2_ws/install/dsr_msgs2/share/dsr_msgs2/tcp/GetCurrentTcp_Response.msg
[58.349s] -- Installing: /home/rokey/ros2_ws/install/dsr_msgs2/share/dsr_msgs2/io/SetToolDigitalOutput.srv
[58.350s] -- Installing: /home/rokey/ros2_ws/install/dsr_msgs2/share/dsr_msgs2/io/SetToolDigitalOutput_Request.msg
[58.350s] -- Installing: /home/rokey/ros2_ws/install/dsr_msgs2/share/dsr_msgs2/io/SetToolDigitalOutput_Response.msg
[58.350s] -- Installing: /home/rokey/ros2_ws/install/dsr_msgs2/share/dsr_msgs2/io/GetToolDigitalOutput.srv
[58.350s] -- Installing: /home/rokey/ros2_ws/install/dsr_msgs2/share/dsr_msgs2/io/GetToolDigitalOutput_Request.msg
[58.350s] -- Installing: /home/rokey/ros2_ws/install/dsr_msgs2/share/dsr_msgs2/io/GetToolDigitalOutput_Response.msg
[58.351s] -- Installing: /home/rokey/ros2_ws/install/dsr_msgs2/share/dsr_msgs2/io/GetToolDigitalInput.srv
[58.351s] -- Installing: /home/rokey/ros2_ws/install/dsr_msgs2/share/dsr_msgs2/io/GetToolDigitalInput_Request.msg
[58.351s] -- Installing: /home/rokey/ros2_ws/install/dsr_msgs2/share/dsr_msgs2/io/GetToolDigitalInput_Response.msg
[58.351s] -- Installing: /home/rokey/ros2_ws/install/dsr_msgs2/share/dsr_msgs2/io/SetCtrlBoxDigitalOutput.srv
[58.351s] -- Installing: /home/rokey/ros2_ws/install/dsr_msgs2/share/dsr_msgs2/io/SetCtrlBoxDigitalOutput_Request.msg
[58.351s] -- Installing: /home/rokey/ros2_ws/install/dsr_msgs2/share/dsr_msgs2/io/SetCtrlBoxDigitalOutput_Response.msg
[58.352s] -- Installing: /home/rokey/ros2_ws/install/dsr_msgs2/share/dsr_msgs2/io/GetCtrlBoxDigitalOutput.srv
[58.352s] -- Installing: /home/rokey/ros2_ws/install/dsr_msgs2/share/dsr_msgs2/io/GetCtrlBoxDigitalOutput_Request.msg
[58.352s] -- Installing: /home/rokey/ros2_ws/install/dsr_msgs2/share/dsr_msgs2/io/GetCtrlBoxDigitalOutput_Response.msg
[58.352s] -- Installing: /home/rokey/ros2_ws/install/dsr_msgs2/share/dsr_msgs2/io/GetCtrlBoxDigitalInput.srv
[58.352s] -- Installing: /home/rokey/ros2_ws/install/dsr_msgs2/share/dsr_msgs2/io/GetCtrlBoxDigitalInput_Request.msg
[58.353s] -- Installing: /home/rokey/ros2_ws/install/dsr_msgs2/share/dsr_msgs2/io/GetCtrlBoxDigitalInput_Response.msg
[58.353s] -- Installing: /home/rokey/ros2_ws/install/dsr_msgs2/share/dsr_msgs2/io/SetCtrlBoxAnalogInputType.srv
[58.353s] -- Installing: /home/rokey/ros2_ws/install/dsr_msgs2/share/dsr_msgs2/io/SetCtrlBoxAnalogInputType_Request.msg
[58.353s] -- Installing: /home/rokey/ros2_ws/install/dsr_msgs2/share/dsr_msgs2/io/SetCtrlBoxAnalogInputType_Response.msg
[58.353s] -- Installing: /home/rokey/ros2_ws/install/dsr_msgs2/share/dsr_msgs2/io/SetCtrlBoxAnalogOutputType.srv
[58.353s] -- Installing: /home/rokey/ros2_ws/install/dsr_msgs2/share/dsr_msgs2/io/SetCtrlBoxAnalogOutputType_Request.msg
[58.354s] -- Installing: /home/rokey/ros2_ws/install/dsr_msgs2/share/dsr_msgs2/io/SetCtrlBoxAnalogOutputType_Response.msg
[58.354s] -- Installing: /home/rokey/ros2_ws/install/dsr_msgs2/share/dsr_msgs2/io/SetCtrlBoxAnalogOutput.srv
[58.354s] -- Installing: /home/rokey/ros2_ws/install/dsr_msgs2/share/dsr_msgs2/io/SetCtrlBoxAnalogOutput_Request.msg
[58.354s] -- Installing: /home/rokey/ros2_ws/install/dsr_msgs2/share/dsr_msgs2/io/SetCtrlBoxAnalogOutput_Response.msg
[58.354s] -- Installing: /home/rokey/ros2_ws/install/dsr_msgs2/share/dsr_msgs2/io/GetCtrlBoxAnalogInput.srv
[58.355s] -- Installing: /home/rokey/ros2_ws/install/dsr_msgs2/share/dsr_msgs2/io/GetCtrlBoxAnalogInput_Request.msg
[58.355s] -- Installing: /home/rokey/ros2_ws/install/dsr_msgs2/share/dsr_msgs2/io/GetCtrlBoxAnalogInput_Response.msg
[58.355s] -- Installing: /home/rokey/ros2_ws/install/dsr_msgs2/share/dsr_msgs2/modbus/ConfigCreateModbus.srv
[58.355s] -- Installing: /home/rokey/ros2_ws/install/dsr_msgs2/share/dsr_msgs2/modbus/ConfigCreateModbus_Request.msg
[58.355s] -- Installing: /home/rokey/ros2_ws/install/dsr_msgs2/share/dsr_msgs2/modbus/ConfigCreateModbus_Response.msg
[58.355s] -- Installing: /home/rokey/ros2_ws/install/dsr_msgs2/share/dsr_msgs2/modbus/ConfigDeleteModbus.srv
[58.356s] -- Installing: /home/rokey/ros2_ws/install/dsr_msgs2/share/dsr_msgs2/modbus/ConfigDeleteModbus_Request.msg
[58.356s] -- Installing: /home/rokey/ros2_ws/install/dsr_msgs2/share/dsr_msgs2/modbus/ConfigDeleteModbus_Response.msg
[58.356s] -- Installing: /home/rokey/ros2_ws/install/dsr_msgs2/share/dsr_msgs2/modbus/SetModbusOutput.srv
[58.356s] -- Installing: /home/rokey/ros2_ws/install/dsr_msgs2/share/dsr_msgs2/modbus/SetModbusOutput_Request.msg
[58.356s] -- Installing: /home/rokey/ros2_ws/install/dsr_msgs2/share/dsr_msgs2/modbus/SetModbusOutput_Response.msg
[58.357s] -- Installing: /home/rokey/ros2_ws/install/dsr_msgs2/share/dsr_msgs2/modbus/GetModbusInput.srv
[58.357s] -- Installing: /home/rokey/ros2_ws/install/dsr_msgs2/share/dsr_msgs2/modbus/GetModbusInput_Request.msg
[58.357s] -- Installing: /home/rokey/ros2_ws/install/dsr_msgs2/share/dsr_msgs2/modbus/GetModbusInput_Response.msg
[58.357s] -- Installing: /home/rokey/ros2_ws/install/dsr_msgs2/share/dsr_msgs2/drl/DrlStart.srv
[58.357s] -- Installing: /home/rokey/ros2_ws/install/dsr_msgs2/share/dsr_msgs2/drl/DrlStart_Request.msg
[58.357s] -- Installing: /home/rokey/ros2_ws/install/dsr_msgs2/share/dsr_msgs2/drl/DrlStart_Response.msg
[58.358s] -- Installing: /home/rokey/ros2_ws/install/dsr_msgs2/share/dsr_msgs2/drl/DrlStop.srv
[58.358s] -- Installing: /home/rokey/ros2_ws/install/dsr_msgs2/share/dsr_msgs2/drl/DrlStop_Request.msg
[58.358s] -- Installing: /home/rokey/ros2_ws/install/dsr_msgs2/share/dsr_msgs2/drl/DrlStop_Response.msg
[58.358s] -- Installing: /home/rokey/ros2_ws/install/dsr_msgs2/share/dsr_msgs2/drl/DrlPause.srv
[58.358s] -- Installing: /home/rokey/ros2_ws/install/dsr_msgs2/share/dsr_msgs2/drl/DrlPause_Request.msg
[58.359s] -- Installing: /home/rokey/ros2_ws/install/dsr_msgs2/share/dsr_msgs2/drl/DrlPause_Response.msg
[58.359s] -- Installing: /home/rokey/ros2_ws/install/dsr_msgs2/share/dsr_msgs2/drl/DrlResume.srv
[58.359s] -- Installing: /home/rokey/ros2_ws/install/dsr_msgs2/share/dsr_msgs2/drl/DrlResume_Request.msg
[58.359s] -- Installing: /home/rokey/ros2_ws/install/dsr_msgs2/share/dsr_msgs2/drl/DrlResume_Response.msg
[58.359s] -- Installing: /home/rokey/ros2_ws/install/dsr_msgs2/share/dsr_msgs2/drl/GetDrlState.srv
[58.359s] -- Installing: /home/rokey/ros2_ws/install/dsr_msgs2/share/dsr_msgs2/drl/GetDrlState_Request.msg
[58.360s] -- Installing: /home/rokey/ros2_ws/install/dsr_msgs2/share/dsr_msgs2/drl/GetDrlState_Response.msg
[58.360s] -- Installing: /home/rokey/ros2_ws/install/dsr_msgs2/share/dsr_msgs2/gripper/Robotiq2FClose.srv
[58.360s] -- Installing: /home/rokey/ros2_ws/install/dsr_msgs2/share/dsr_msgs2/gripper/Robotiq2FClose_Request.msg
[58.360s] -- Installing: /home/rokey/ros2_ws/install/dsr_msgs2/share/dsr_msgs2/gripper/Robotiq2FClose_Response.msg
[58.360s] -- Installing: /home/rokey/ros2_ws/install/dsr_msgs2/share/dsr_msgs2/gripper/Robotiq2FOpen.srv
[58.361s] -- Installing: /home/rokey/ros2_ws/install/dsr_msgs2/share/dsr_msgs2/gripper/Robotiq2FOpen_Request.msg
[58.361s] -- Installing: /home/rokey/ros2_ws/install/dsr_msgs2/share/dsr_msgs2/gripper/Robotiq2FOpen_Response.msg
[58.361s] -- Installing: /home/rokey/ros2_ws/install/dsr_msgs2/share/dsr_msgs2/gripper/Robotiq2FMove.srv
[58.361s] -- Installing: /home/rokey/ros2_ws/install/dsr_msgs2/share/dsr_msgs2/gripper/Robotiq2FMove_Request.msg
[58.361s] -- Installing: /home/rokey/ros2_ws/install/dsr_msgs2/share/dsr_msgs2/gripper/Robotiq2FMove_Response.msg
[58.361s] -- Installing: /home/rokey/ros2_ws/install/dsr_msgs2/share/dsr_msgs2/gripper/SerialSendData.srv
[58.362s] -- Installing: /home/rokey/ros2_ws/install/dsr_msgs2/share/dsr_msgs2/gripper/SerialSendData_Request.msg
[58.362s] -- Installing: /home/rokey/ros2_ws/install/dsr_msgs2/share/dsr_msgs2/gripper/SerialSendData_Response.msg
[58.362s] -- Installing: /home/rokey/ros2_ws/install/dsr_msgs2/share/dsr_msgs2/realtime/ConnectRtControl.srv
[58.362s] -- Installing: /home/rokey/ros2_ws/install/dsr_msgs2/share/dsr_msgs2/realtime/ConnectRtControl_Request.msg
[58.362s] -- Installing: /home/rokey/ros2_ws/install/dsr_msgs2/share/dsr_msgs2/realtime/ConnectRtControl_Response.msg
[58.362s] -- Installing: /home/rokey/ros2_ws/install/dsr_msgs2/share/dsr_msgs2/realtime/DisconnectRtControl.srv
[58.363s] -- Installing: /home/rokey/ros2_ws/install/dsr_msgs2/share/dsr_msgs2/realtime/DisconnectRtControl_Request.msg
[58.363s] -- Installing: /home/rokey/ros2_ws/install/dsr_msgs2/share/dsr_msgs2/realtime/DisconnectRtControl_Response.msg
[58.363s] -- Installing: /home/rokey/ros2_ws/install/dsr_msgs2/share/dsr_msgs2/realtime/GetRtControlInputDataList.srv
[58.363s] -- Installing: /home/rokey/ros2_ws/install/dsr_msgs2/share/dsr_msgs2/realtime/GetRtControlInputDataList_Request.msg
[58.364s] -- Installing: /home/rokey/ros2_ws/install/dsr_msgs2/share/dsr_msgs2/realtime/GetRtControlInputDataList_Response.msg
[58.364s] -- Installing: /home/rokey/ros2_ws/install/dsr_msgs2/share/dsr_msgs2/realtime/GetRtControlInputVersionList.srv
[58.364s] -- Installing: /home/rokey/ros2_ws/install/dsr_msgs2/share/dsr_msgs2/realtime/GetRtControlInputVersionList_Request.msg
[58.364s] -- Installing: /home/rokey/ros2_ws/install/dsr_msgs2/share/dsr_msgs2/realtime/GetRtControlInputVersionList_Response.msg
[58.364s] -- Installing: /home/rokey/ros2_ws/install/dsr_msgs2/share/dsr_msgs2/realtime/GetRtControlOutputDataList.srv
[58.364s] -- Installing: /home/rokey/ros2_ws/install/dsr_msgs2/share/dsr_msgs2/realtime/GetRtControlOutputDataList_Request.msg
[58.365s] -- Installing: /home/rokey/ros2_ws/install/dsr_msgs2/share/dsr_msgs2/realtime/GetRtControlOutputDataList_Response.msg
[58.365s] -- Installing: /home/rokey/ros2_ws/install/dsr_msgs2/share/dsr_msgs2/realtime/GetRtControlOutputVersionList.srv
[58.365s] -- Installing: /home/rokey/ros2_ws/install/dsr_msgs2/share/dsr_msgs2/realtime/GetRtControlOutputVersionList_Request.msg
[58.365s] -- Installing: /home/rokey/ros2_ws/install/dsr_msgs2/share/dsr_msgs2/realtime/GetRtControlOutputVersionList_Response.msg
[58.365s] -- Installing: /home/rokey/ros2_ws/install/dsr_msgs2/share/dsr_msgs2/realtime/ReadDataRt.srv
[58.365s] -- Installing: /home/rokey/ros2_ws/install/dsr_msgs2/share/dsr_msgs2/realtime/ReadDataRt_Request.msg
[58.366s] -- Installing: /home/rokey/ros2_ws/install/dsr_msgs2/share/dsr_msgs2/realtime/ReadDataRt_Response.msg
[58.366s] -- Installing: /home/rokey/ros2_ws/install/dsr_msgs2/share/dsr_msgs2/realtime/SetAccjRt.srv
[58.366s] -- Installing: /home/rokey/ros2_ws/install/dsr_msgs2/share/dsr_msgs2/realtime/SetAccjRt_Request.msg
[58.366s] -- Installing: /home/rokey/ros2_ws/install/dsr_msgs2/share/dsr_msgs2/realtime/SetAccjRt_Response.msg
[58.366s] -- Installing: /home/rokey/ros2_ws/install/dsr_msgs2/share/dsr_msgs2/realtime/SetAccxRt.srv
[58.367s] -- Installing: /home/rokey/ros2_ws/install/dsr_msgs2/share/dsr_msgs2/realtime/SetAccxRt_Request.msg
[58.367s] -- Installing: /home/rokey/ros2_ws/install/dsr_msgs2/share/dsr_msgs2/realtime/SetAccxRt_Response.msg
[58.367s] -- Installing: /home/rokey/ros2_ws/install/dsr_msgs2/share/dsr_msgs2/realtime/SetRtControlInput.srv
[58.367s] -- Installing: /home/rokey/ros2_ws/install/dsr_msgs2/share/dsr_msgs2/realtime/SetRtControlInput_Request.msg
[58.367s] -- Installing: /home/rokey/ros2_ws/install/dsr_msgs2/share/dsr_msgs2/realtime/SetRtControlInput_Response.msg
[58.367s] -- Installing: /home/rokey/ros2_ws/install/dsr_msgs2/share/dsr_msgs2/realtime/SetRtControlOutput.srv
[58.368s] -- Installing: /home/rokey/ros2_ws/install/dsr_msgs2/share/dsr_msgs2/realtime/SetRtControlOutput_Request.msg
[58.368s] -- Installing: /home/rokey/ros2_ws/install/dsr_msgs2/share/dsr_msgs2/realtime/SetRtControlOutput_Response.msg
[58.368s] -- Installing: /home/rokey/ros2_ws/install/dsr_msgs2/share/dsr_msgs2/realtime/SetVeljRt.srv
[58.368s] -- Installing: /home/rokey/ros2_ws/install/dsr_msgs2/share/dsr_msgs2/realtime/SetVeljRt_Request.msg
[58.368s] -- Installing: /home/rokey/ros2_ws/install/dsr_msgs2/share/dsr_msgs2/realtime/SetVeljRt_Response.msg
[58.369s] -- Installing: /home/rokey/ros2_ws/install/dsr_msgs2/share/dsr_msgs2/realtime/SetVelxRt.srv
[58.369s] -- Installing: /home/rokey/ros2_ws/install/dsr_msgs2/share/dsr_msgs2/realtime/SetVelxRt_Request.msg
[58.369s] -- Installing: /home/rokey/ros2_ws/install/dsr_msgs2/share/dsr_msgs2/realtime/SetVelxRt_Response.msg
[58.369s] -- Installing: /home/rokey/ros2_ws/install/dsr_msgs2/share/dsr_msgs2/realtime/StartRtControl.srv
[58.369s] -- Installing: /home/rokey/ros2_ws/install/dsr_msgs2/share/dsr_msgs2/realtime/StartRtControl_Request.msg
[58.370s] -- Installing: /home/rokey/ros2_ws/install/dsr_msgs2/share/dsr_msgs2/realtime/StartRtControl_Response.msg
[58.370s] -- Installing: /home/rokey/ros2_ws/install/dsr_msgs2/share/dsr_msgs2/realtime/StopRtControl.srv
[58.370s] -- Installing: /home/rokey/ros2_ws/install/dsr_msgs2/share/dsr_msgs2/realtime/StopRtControl_Request.msg
[58.370s] -- Installing: /home/rokey/ros2_ws/install/dsr_msgs2/share/dsr_msgs2/realtime/StopRtControl_Response.msg
[58.370s] -- Installing: /home/rokey/ros2_ws/install/dsr_msgs2/share/dsr_msgs2/realtime/WriteDataRt.srv
[58.370s] -- Installing: /home/rokey/ros2_ws/install/dsr_msgs2/share/dsr_msgs2/realtime/WriteDataRt_Request.msg
[58.371s] -- Installing: /home/rokey/ros2_ws/install/dsr_msgs2/share/dsr_msgs2/realtime/WriteDataRt_Response.msg
[58.371s] -- Installing: /home/rokey/ros2_ws/install/dsr_msgs2/share/ament_index/resource_index/package_run_dependencies/dsr_msgs2
[58.371s] -- Installing: /home/rokey/ros2_ws/install/dsr_msgs2/share/ament_index/resource_index/parent_prefix_path/dsr_msgs2
[58.371s] -- Installing: /home/rokey/ros2_ws/install/dsr_msgs2/share/dsr_msgs2/environment/ament_prefix_path.sh
[58.371s] -- Installing: /home/rokey/ros2_ws/install/dsr_msgs2/share/dsr_msgs2/environment/ament_prefix_path.dsv
[58.372s] -- Installing: /home/rokey/ros2_ws/install/dsr_msgs2/share/dsr_msgs2/environment/path.sh
[58.372s] -- Installing: /home/rokey/ros2_ws/install/dsr_msgs2/share/dsr_msgs2/environment/path.dsv
[58.372s] -- Installing: /home/rokey/ros2_ws/install/dsr_msgs2/share/dsr_msgs2/local_setup.bash
[58.372s] -- Installing: /home/rokey/ros2_ws/install/dsr_msgs2/share/dsr_msgs2/local_setup.sh
[58.372s] -- Installing: /home/rokey/ros2_ws/install/dsr_msgs2/share/dsr_msgs2/local_setup.zsh
[58.373s] -- Installing: /home/rokey/ros2_ws/install/dsr_msgs2/share/dsr_msgs2/local_setup.dsv
[58.373s] -- Installing: /home/rokey/ros2_ws/install/dsr_msgs2/share/dsr_msgs2/package.dsv
[58.373s] -- Installing: /home/rokey/ros2_ws/install/dsr_msgs2/share/ament_index/resource_index/packages/dsr_msgs2
[58.373s] -- Installing: /home/rokey/ros2_ws/install/dsr_msgs2/share/dsr_msgs2/cmake/export_dsr_msgs2__rosidl_generator_cExport.cmake
[58.373s] -- Installing: /home/rokey/ros2_ws/install/dsr_msgs2/share/dsr_msgs2/cmake/export_dsr_msgs2__rosidl_generator_cExport-noconfig.cmake
[58.374s] -- Installing: /home/rokey/ros2_ws/install/dsr_msgs2/share/dsr_msgs2/cmake/export_dsr_msgs2__rosidl_typesupport_fastrtps_cExport.cmake
[58.374s] -- Installing: /home/rokey/ros2_ws/install/dsr_msgs2/share/dsr_msgs2/cmake/export_dsr_msgs2__rosidl_typesupport_fastrtps_cExport-noconfig.cmake
[58.374s] -- Installing: /home/rokey/ros2_ws/install/dsr_msgs2/share/dsr_msgs2/cmake/export_dsr_msgs2__rosidl_generator_cppExport.cmake
[58.374s] -- Installing: /home/rokey/ros2_ws/install/dsr_msgs2/share/dsr_msgs2/cmake/export_dsr_msgs2__rosidl_typesupport_fastrtps_cppExport.cmake
[58.374s] -- Installing: /home/rokey/ros2_ws/install/dsr_msgs2/share/dsr_msgs2/cmake/export_dsr_msgs2__rosidl_typesupport_fastrtps_cppExport-noconfig.cmake
[58.374s] -- Installing: /home/rokey/ros2_ws/install/dsr_msgs2/share/dsr_msgs2/cmake/dsr_msgs2__rosidl_typesupport_introspection_cExport.cmake
[58.375s] -- Installing: /home/rokey/ros2_ws/install/dsr_msgs2/share/dsr_msgs2/cmake/dsr_msgs2__rosidl_typesupport_introspection_cExport-noconfig.cmake
[58.375s] -- Installing: /home/rokey/ros2_ws/install/dsr_msgs2/share/dsr_msgs2/cmake/dsr_msgs2__rosidl_typesupport_cExport.cmake
[58.375s] -- Installing: /home/rokey/ros2_ws/install/dsr_msgs2/share/dsr_msgs2/cmake/dsr_msgs2__rosidl_typesupport_cExport-noconfig.cmake
[58.375s] -- Installing: /home/rokey/ros2_ws/install/dsr_msgs2/share/dsr_msgs2/cmake/dsr_msgs2__rosidl_typesupport_introspection_cppExport.cmake
[58.376s] -- Installing: /home/rokey/ros2_ws/install/dsr_msgs2/share/dsr_msgs2/cmake/dsr_msgs2__rosidl_typesupport_introspection_cppExport-noconfig.cmake
[58.376s] -- Installing: /home/rokey/ros2_ws/install/dsr_msgs2/share/dsr_msgs2/cmake/dsr_msgs2__rosidl_typesupport_cppExport.cmake
[58.376s] -- Installing: /home/rokey/ros2_ws/install/dsr_msgs2/share/dsr_msgs2/cmake/dsr_msgs2__rosidl_typesupport_cppExport-noconfig.cmake
[58.376s] -- Installing: /home/rokey/ros2_ws/install/dsr_msgs2/share/dsr_msgs2/cmake/export_dsr_msgs2__rosidl_generator_pyExport.cmake
[58.376s] -- Installing: /home/rokey/ros2_ws/install/dsr_msgs2/share/dsr_msgs2/cmake/export_dsr_msgs2__rosidl_generator_pyExport-noconfig.cmake
[58.377s] -- Installing: /home/rokey/ros2_ws/install/dsr_msgs2/share/dsr_msgs2/cmake/rosidl_cmake-extras.cmake
[58.377s] -- Installing: /home/rokey/ros2_ws/install/dsr_msgs2/share/dsr_msgs2/cmake/ament_cmake_export_dependencies-extras.cmake
[58.377s] -- Installing: /home/rokey/ros2_ws/install/dsr_msgs2/share/dsr_msgs2/cmake/ament_cmake_export_include_directories-extras.cmake
[58.377s] -- Installing: /home/rokey/ros2_ws/install/dsr_msgs2/share/dsr_msgs2/cmake/ament_cmake_export_libraries-extras.cmake
[58.377s] -- Installing: /home/rokey/ros2_ws/install/dsr_msgs2/share/dsr_msgs2/cmake/ament_cmake_export_targets-extras.cmake
[58.377s] -- Installing: /home/rokey/ros2_ws/install/dsr_msgs2/share/dsr_msgs2/cmake/rosidl_cmake_export_typesupport_targets-extras.cmake
[58.378s] -- Installing: /home/rokey/ros2_ws/install/dsr_msgs2/share/dsr_msgs2/cmake/rosidl_cmake_export_typesupport_libraries-extras.cmake
[58.378s] -- Installing: /home/rokey/ros2_ws/install/dsr_msgs2/share/dsr_msgs2/cmake/dsr_msgs2Config.cmake
[58.378s] -- Installing: /home/rokey/ros2_ws/install/dsr_msgs2/share/dsr_msgs2/cmake/dsr_msgs2Config-version.cmake
[58.378s] -- Installing: /home/rokey/ros2_ws/install/dsr_msgs2/share/dsr_msgs2/package.xml
[58.380s] Invoked command in '/home/rokey/ros2_ws/build/dsr_msgs2' returned '0': CMAKE_PREFIX_PATH=/opt/ros/humble /usr/bin/cmake --install /home/rokey/ros2_ws/build/dsr_msgs2
